Previous_Sem_Mark,Attendance,Arrears_Count,Study_Hours_Per_Day,Sleep_Hours_Per_Day,Social_Media_Usage,Stress_Level,Internet_Access,Hostel_or_DayScholar,Travel_Time_Minutes,Part_Time_Job,Next_Sem_Mark,Result
47,86,1,2.6,6.5,Medium,Medium,Unlimited,Hosteller,12,No,23,Fail
58,98,7,9.4,6.9,Medium,Low,Limited,DayScholar,37,Yes,45,Pass
66,87,7,8.5,6.5,High,Low,Unlimited,Hosteller,95,No,41,Pass
96,75,5,4.9,3.2,Low,Medium,Unlimited,Hosteller,21,Yes,49,Pass
95,58,8,7.8,4.4,Low,Medium,Unlimited,Hosteller,120,No,60,Pass
100,87,2,8.6,8.6,Medium,Low,Limited,Hosteller,111,Yes,77,Pass
62,83,2,6.6,7.5,Medium,Medium,Unlimited,DayScholar,60,Yes,35,Pass
97,91,0,3.9,7.0,Medium,High,Unlimited,Hosteller,94,No,55,Pass
31,85,0,5.9,4.5,High,Medium,Limited,Hosteller,48,Yes,19,Fail
71,89,6,9.0,3.1,Low,Medium,Limited,DayScholar,54,Yes,46,Pass
47,60,2,9.1,4.5,Medium,High,Unlimited,DayScholar,43,No,22,Fail
51,93,3,1.6,8.9,Medium,Medium,Unlimited,DayScholar,91,No,28,Fail
38,54,5,9.7,9.8,Low,Medium,Limited,DayScholar,84,No,18,Fail
53,84,3,3.1,4.7,Low,Medium,Limited,DayScholar,11,No,37,Pass
79,69,0,3.3,5.2,High,Medium,Limited,DayScholar,12,Yes,37,Pass
75,81,7,8.6,4.1,High,Medium,Limited,Hosteller,22,Yes,40,Pass
70,69,1,7.1,8.8,High,Medium,Limited,Hosteller,18,Yes,38,Pass
100,97,3,1.8,6.0,Low,Low,Limited,DayScholar,99,Yes,67,Pass
85,85,4,5.4,9.0,Medium,Low,Unlimited,DayScholar,21,No,70,Pass
63,67,6,5.6,4.2,Low,Low,Unlimited,Hosteller,22,No,44,Pass
86,93,10,7.3,4.7,Medium,High,Unlimited,Hosteller,91,No,45,Pass
68,94,4,8.5,5.6,High,High,Unlimited,Hosteller,109,Yes,37,Pass
79,82,2,5.4,10.0,High,Low,Unlimited,Hosteller,34,Yes,36,Pass
40,78,3,9.7,5.7,Medium,Medium,Limited,DayScholar,56,Yes,39,Pass
99,62,4,3.1,8.3,High,Medium,Limited,DayScholar,62,No,41,Pass
94,73,9,8.1,6.1,High,Medium,Unlimited,Hosteller,15,No,51,Pass
56,85,0,9.9,7.4,High,High,Limited,DayScholar,76,No,41,Pass
93,97,3,6.4,7.5,High,Low,Unlimited,Hosteller,81,No,57,Pass
52,99,1,8.2,7.2,Medium,Medium,Unlimited,DayScholar,19,No,48,Pass
92,60,7,5.1,4.9,Low,High,Unlimited,Hosteller,45,Yes,45,Pass
32,60,8,7.1,4.1,Low,Medium,Unlimited,DayScholar,26,Yes,8,Fail
68,91,8,2.7,7.3,Low,Medium,Unlimited,Hosteller,61,No,35,Pass
47,95,7,3.6,8.3,Low,Low,Limited,DayScholar,8,Yes,25,Fail
80,70,7,9.3,9.7,Low,Low,Limited,Hosteller,87,Yes,46,Pass
97,96,9,4.4,7.6,Medium,Low,Limited,Hosteller,28,No,59,Pass
93,78,6,7.5,9.8,Low,Medium,Unlimited,DayScholar,27,No,66,Pass
72,81,9,1.1,4.5,Low,Low,Limited,Hosteller,109,No,36,Pass
79,87,4,9.2,5.8,High,Low,Limited,Hosteller,49,Yes,45,Pass
65,99,1,4.3,4.3,Medium,High,Limited,DayScholar,87,Yes,39,Pass
64,97,9,7.2,8.3,Medium,Low,Limited,Hosteller,7,Yes,42,Pass
98,52,7,6.6,9.3,High,Medium,Limited,DayScholar,11,No,50,Pass
40,69,0,8.6,3.4,Medium,Medium,Limited,DayScholar,101,No,17,Fail
68,56,6,8.4,6.5,Low,Medium,Unlimited,DayScholar,114,No,35,Pass
71,86,1,4.5,5.0,Medium,Medium,Unlimited,Hosteller,118,Yes,38,Pass
36,83,7,5.8,9.9,Low,High,Unlimited,DayScholar,120,No,14,Fail
69,79,9,9.8,6.7,Low,Low,Limited,DayScholar,87,Yes,42,Pass
97,91,1,8.6,8.6,Low,High,Limited,DayScholar,2,No,84,Pass
66,64,3,6.0,9.1,Low,Medium,Unlimited,DayScholar,69,Yes,35,Pass
75,79,0,1.9,5.1,High,High,Limited,Hosteller,105,No,43,Pass
70,99,8,6.5,10.0,Medium,High,Unlimited,DayScholar,77,No,37,Pass
83,75,4,9.4,9.3,High,Low,Limited,Hosteller,108,Yes,51,Pass
64,79,4,8.0,5.6,High,Medium,Unlimited,DayScholar,58,Yes,43,Pass
66,97,6,6.9,6.0,Medium,Low,Unlimited,DayScholar,91,No,39,Pass
38,58,3,9.7,4.6,Low,Low,Unlimited,Hosteller,61,Yes,25,Fail
100,93,6,8.3,8.2,Medium,High,Unlimited,Hosteller,61,Yes,54,Pass
98,88,8,1.5,5.9,Medium,Medium,Unlimited,DayScholar,62,Yes,53,Pass
77,88,7,2.4,4.2,Low,High,Unlimited,Hosteller,7,No,48,Pass
47,91,3,3.2,6.5,Medium,Low,Limited,Hosteller,89,No,25,Fail
41,90,8,8.3,3.4,Low,High,Limited,Hosteller,72,Yes,18,Fail
73,67,9,7.2,5.7,Low,Medium,Unlimited,Hosteller,14,No,36,Pass
31,82,5,9.6,3.8,High,High,Limited,DayScholar,51,Yes,15,Fail
90,86,6,5.4,5.8,Low,High,Unlimited,Hosteller,6,Yes,48,Pass
39,87,2,6.8,8.8,Medium,Medium,Unlimited,DayScholar,20,Yes,33,Fail
86,75,1,9.8,4.0,Medium,High,Limited,Hosteller,117,Yes,61,Pass
42,79,0,7.8,7.2,Medium,Medium,Unlimited,DayScholar,51,No,33,Fail
42,80,0,6.5,7.9,Low,Low,Limited,DayScholar,70,No,42,Pass
90,94,3,9.3,7.4,Low,High,Unlimited,Hosteller,14,Yes,66,Pass
84,96,5,2.5,7.4,Low,High,Unlimited,DayScholar,48,No,49,Pass
73,78,3,6.3,6.6,Low,Medium,Limited,Hosteller,69,No,54,Pass
45,87,0,4.8,4.5,High,Low,Unlimited,Hosteller,12,Yes,27,Fail
72,92,3,7.8,6.2,Medium,Medium,Unlimited,Hosteller,55,No,58,Pass
99,57,9,4.9,4.9,Low,Low,Limited,DayScholar,53,Yes,42,Pass
39,61,7,7.7,7.7,Medium,Low,Limited,Hosteller,32,Yes,18,Fail
80,90,3,5.4,5.7,Low,High,Limited,DayScholar,116,Yes,43,Pass
73,92,3,0.8,6.8,High,Low,Limited,DayScholar,74,Yes,40,Pass
36,74,1,5.6,7.5,Medium,Low,Limited,Hosteller,2,No,27,Fail
80,94,6,8.1,6.5,Medium,Medium,Limited,DayScholar,72,No,52,Pass
100,79,6,7.1,3.6,Low,Low,Limited,Hosteller,95,No,69,Pass
83,93,2,5.9,3.9,High,High,Limited,Hosteller,108,No,36,Pass
92,84,4,0.9,8.8,Low,High,Unlimited,Hosteller,37,Yes,48,Pass
59,76,4,7.7,5.9,Medium,Medium,Limited,Hosteller,23,Yes,46,Pass
35,81,3,3.9,8.1,Medium,Low,Limited,Hosteller,86,Yes,19,Fail
86,62,2,6.0,4.3,High,Medium,Unlimited,Hosteller,29,No,40,Pass
41,75,8,8.4,7.5,Medium,Medium,Unlimited,DayScholar,119,Yes,27,Fail
32,77,4,5.9,5.2,Low,High,Unlimited,Hosteller,110,No,20,Fail
80,83,0,5.8,3.8,High,High,Limited,Hosteller,115,No,43,Pass
39,95,2,9.0,9.7,Medium,Low,Limited,DayScholar,70,No,30,Fail
97,77,2,9.7,4.4,Low,High,Limited,Hosteller,92,No,77,Pass
92,52,2,2.5,6.9,Low,Low,Limited,Hosteller,4,Yes,49,Pass
68,87,6,6.1,5.5,Medium,Low,Limited,DayScholar,105,No,46,Pass
88,79,5,2.3,6.1,High,Medium,Unlimited,Hosteller,49,No,36,Pass
44,72,0,2.6,6.8,Low,Medium,Unlimited,Hosteller,41,No,23,Fail
36,63,1,3.3,7.7,High,Low,Limited,DayScholar,52,No,11,Fail
33,91,2,7.6,8.3,High,High,Unlimited,DayScholar,37,No,21,Fail
97,79,1,9.4,5.9,Low,High,Limited,Hosteller,80,Yes,66,Pass
80,74,3,6.2,8.0,Medium,High,Unlimited,Hosteller,91,No,43,Pass
100,92,4,4.3,8.9,Low,High,Unlimited,Hosteller,64,Yes,54,Pass
32,89,0,5.6,6.3,Medium,Medium,Unlimited,Hosteller,23,Yes,27,Fail
41,98,2,2.2,4.2,Low,Low,Unlimited,Hosteller,8,No,26,Fail
34,96,4,7.6,5.3,Medium,Medium,Unlimited,DayScholar,11,No,29,Fail
92,71,2,6.0,3.8,Low,Medium,Unlimited,DayScholar,117,No,56,Pass
82,79,5,3.5,5.8,Medium,High,Limited,DayScholar,16,No,44,Pass
68,86,2,8.7,8.0,Low,Low,Unlimited,Hosteller,17,Yes,51,Pass
62,65,5,6.5,4.2,Medium,Medium,Limited,DayScholar,19,No,41,Pass
78,52,4,8.9,8.0,Low,Low,Limited,DayScholar,41,No,55,Pass
76,99,0,2.3,5.0,High,Low,Limited,Hosteller,17,Yes,47,Pass
95,72,3,4.3,3.5,Low,Low,Limited,Hosteller,98,Yes,37,Pass
91,71,6,8.5,4.8,High,High,Unlimited,Hosteller,23,No,41,Pass
44,77,6,9.3,4.5,Medium,High,Unlimited,DayScholar,77,No,23,Fail
31,86,3,8.8,7.3,Medium,High,Limited,Hosteller,51,No,16,Fail
70,66,2,9.9,5.3,Low,High,Unlimited,Hosteller,70,No,48,Pass
56,53,1,7.2,3.7,Medium,Low,Unlimited,DayScholar,23,No,42,Pass
96,87,0,5.9,9.6,High,Medium,Unlimited,DayScholar,37,No,57,Pass
64,61,0,5.6,8.6,Low,High,Limited,DayScholar,108,No,41,Pass
72,97,1,3.9,8.2,Medium,Medium,Unlimited,DayScholar,64,Yes,40,Pass
81,84,6,8.8,7.3,Medium,High,Limited,DayScholar,18,No,52,Pass
54,64,3,8.9,7.5,Low,Low,Limited,DayScholar,6,No,39,Pass
77,85,5,9.4,5.8,Medium,Medium,Unlimited,DayScholar,94,No,61,Pass
70,98,4,1.7,6.4,Medium,Low,Unlimited,Hosteller,68,Yes,35,Pass
98,63,2,2.4,4.4,High,Low,Limited,DayScholar,115,Yes,46,Pass
80,94,6,6.7,4.2,Medium,High,Unlimited,Hosteller,29,Yes,46,Pass
98,60,2,1.2,7.1,Low,Medium,Limited,DayScholar,77,No,49,Pass
81,71,1,4.5,9.5,High,High,Unlimited,DayScholar,18,No,35,Pass
74,98,6,4.1,5.6,High,Low,Limited,Hosteller,18,Yes,37,Pass
94,79,2,6.9,6.7,High,Low,Unlimited,Hosteller,107,Yes,50,Pass
85,59,0,3.7,4.1,Low,Medium,Limited,DayScholar,8,No,50,Pass
90,84,9,5.0,3.9,High,High,Unlimited,DayScholar,30,No,44,Pass
95,92,6,7.6,7.7,Medium,High,Unlimited,DayScholar,96,Yes,54,Pass
32,54,2,4.9,8.7,Low,Medium,Unlimited,DayScholar,101,No,10,Fail
43,82,2,10.0,9.0,Medium,Medium,Unlimited,DayScholar,16,Yes,37,Pass
64,89,1,7.9,5.0,High,Medium,Limited,DayScholar,14,Yes,48,Pass
32,77,9,9.7,8.9,Medium,Medium,Limited,Hosteller,27,Yes,23,Fail
83,72,5,5.1,4.0,Low,Low,Limited,Hosteller,46,Yes,49,Pass
69,66,4,10.0,9.3,Low,High,Unlimited,Hosteller,100,No,40,Pass
98,51,2,2.3,6.5,Low,Medium,Unlimited,Hosteller,66,No,48,Pass
88,66,1,2.8,8.6,Medium,High,Unlimited,Hosteller,61,Yes,38,Pass
92,99,3,5.1,5.6,Low,Medium,Limited,Hosteller,86,Yes,64,Pass
98,80,9,3.6,5.3,Low,High,Unlimited,Hosteller,41,Yes,46,Pass
90,61,8,9.5,3.1,Low,Low,Limited,Hosteller,41,Yes,56,Pass
99,66,3,4.0,6.8,Medium,Medium,Unlimited,DayScholar,67,No,54,Pass
98,83,8,8.9,4.6,Low,Medium,Limited,Hosteller,84,No,68,Pass
43,92,6,8.7,3.4,Medium,High,Unlimited,DayScholar,65,No,24,Fail
61,78,4,9.4,5.5,High,Low,Unlimited,Hosteller,23,No,38,Pass
33,76,9,4.9,9.8,Medium,Low,Limited,DayScholar,44,Yes,8,Fail
34,67,9,5.2,7.3,Medium,Low,Limited,DayScholar,87,No,10,Fail
95,92,2,2.2,8.2,Low,Medium,Unlimited,DayScholar,81,No,69,Pass
43,86,7,5.6,9.5,Low,Low,Limited,DayScholar,4,No,28,Fail
52,84,7,6.2,7.8,Low,Medium,Unlimited,Hosteller,108,Yes,29,Fail
37,51,7,5.1,5.8,Low,Low,Limited,DayScholar,5,Yes,14,Fail
30,79,8,8.2,6.7,Low,Medium,Limited,DayScholar,86,No,18,Fail
35,88,6,4.1,6.6,Medium,Medium,Unlimited,Hosteller,10,No,23,Fail
50,77,2,8.4,6.6,High,High,Limited,DayScholar,52,No,33,Fail
74,95,7,8.7,6.9,Medium,Low,Unlimited,Hosteller,33,Yes,42,Pass
97,80,10,2.1,7.2,Low,Medium,Unlimited,DayScholar,119,No,53,Pass
91,95,3,3.6,6.7,High,High,Limited,Hosteller,38,Yes,39,Pass
81,77,7,3.5,8.5,High,Low,Limited,DayScholar,31,Yes,38,Pass
80,78,8,5.9,6.0,Medium,Medium,Unlimited,Hosteller,75,Yes,36,Pass
90,61,1,0.1,3.2,Medium,Low,Unlimited,DayScholar,91,No,40,Pass
80,94,0,5.8,7.8,High,High,Limited,DayScholar,51,Yes,38,Pass
31,99,8,6.0,8.3,Medium,Low,Unlimited,Hosteller,18,No,26,Fail
82,91,2,7.9,6.3,Medium,High,Unlimited,Hosteller,99,No,59,Pass
80,81,0,8.0,8.2,Low,High,Unlimited,DayScholar,35,Yes,59,Pass
85,93,2,2.7,5.6,Low,Medium,Limited,Hosteller,120,Yes,48,Pass
92,99,8,1.4,8.4,Low,High,Unlimited,Hosteller,28,Yes,47,Pass
81,59,1,6.7,8.8,High,Low,Limited,Hosteller,34,No,50,Pass
74,97,4,5.7,4.0,Low,Medium,Unlimited,Hosteller,43,Yes,45,Pass
73,86,5,6.8,5.9,High,High,Unlimited,DayScholar,96,No,38,Pass
90,92,6,4.9,5.9,High,Low,Unlimited,Hosteller,83,No,40,Pass
65,52,4,5.0,9.0,Medium,Medium,Unlimited,DayScholar,20,No,36,Pass
33,60,4,8.0,7.3,Low,Medium,Unlimited,Hosteller,5,Yes,23,Fail
79,84,10,9.1,3.8,Medium,Medium,Limited,Hosteller,42,No,53,Pass
83,93,6,2.2,8.4,Medium,Low,Unlimited,Hosteller,23,No,56,Pass
85,69,1,3.0,3.4,Low,Medium,Limited,Hosteller,5,No,39,Pass
94,69,0,7.3,5.4,Medium,Low,Limited,Hosteller,22,No,75,Pass
32,64,6,6.8,7.7,High,Medium,Limited,Hosteller,94,No,7,Fail
61,92,4,6.2,9.3,High,Low,Unlimited,DayScholar,74,No,38,Pass
68,73,6,7.8,5.5,Low,Medium,Unlimited,DayScholar,61,Yes,37,Pass
30,94,10,6.2,8.5,Medium,Medium,Unlimited,DayScholar,97,Yes,10,Fail
42,94,5,3.2,6.1,Low,Medium,Unlimited,Hosteller,4,Yes,20,Fail
46,57,4,9.7,6.9,Low,Medium,Unlimited,Hosteller,6,No,29,Fail
46,54,2,5.9,4.9,Low,Low,Limited,Hosteller,77,No,24,Fail
54,89,9,7.0,4.0,Medium,Low,Unlimited,Hosteller,45,No,30,Fail
90,77,8,9.2,8.0,Low,Low,Limited,DayScholar,94,No,69,Pass
89,60,10,7.2,7.0,Medium,Low,Unlimited,Hosteller,69,No,44,Pass
93,95,0,3.8,7.5,Low,Medium,Unlimited,Hosteller,54,Yes,69,Pass
71,76,3,6.5,4.2,Low,High,Unlimited,Hosteller,119,Yes,48,Pass
93,81,5,5.5,6.0,High,High,Unlimited,DayScholar,30,Yes,39,Pass
94,74,1,5.1,3.5,Medium,Medium,Unlimited,Hosteller,4,No,53,Pass
47,84,0,7.9,8.0,Low,Medium,Unlimited,DayScholar,95,Yes,42,Pass
89,55,6,3.7,5.0,High,Medium,Unlimited,Hosteller,12,No,41,Pass
32,95,2,6.0,5.3,High,Low,Unlimited,DayScholar,8,Yes,9,Fail
46,98,6,3.5,8.7,Medium,Low,Unlimited,Hosteller,39,No,24,Fail
61,85,10,8.7,4.1,Low,Medium,Limited,DayScholar,24,Yes,36,Pass
44,58,0,6.0,10.0,Medium,Low,Limited,Hosteller,8,No,29,Fail
85,86,5,9.4,4.2,High,Low,Unlimited,Hosteller,87,No,48,Pass
88,77,3,0.6,7.7,Medium,Medium,Unlimited,DayScholar,74,No,55,Pass
96,89,9,6.5,4.3,Medium,Medium,Unlimited,DayScholar,88,Yes,59,Pass
72,50,3,9.5,5.9,High,Low,Limited,DayScholar,90,Yes,35,Pass
58,82,8,9.6,7.6,High,Low,Limited,Hosteller,69,No,33,Fail
43,77,1,2.1,7.4,Low,Medium,Limited,Hosteller,43,Yes,24,Fail
68,96,9,4.5,8.0,Medium,Low,Unlimited,DayScholar,108,No,36,Pass
61,81,0,2.9,6.3,Medium,Low,Limited,Hosteller,88,No,44,Pass
95,95,2,0.4,8.4,High,High,Unlimited,DayScholar,38,No,41,Pass
89,88,6,8.0,9.5,Medium,High,Unlimited,DayScholar,1,No,51,Pass
45,97,6,2.8,7.7,High,Medium,Limited,Hosteller,12,Yes,21,Fail
92,77,1,9.3,5.5,Medium,Medium,Limited,DayScholar,102,No,66,Pass
99,90,9,5.7,5.9,Medium,Low,Unlimited,Hosteller,15,Yes,63,Pass
41,81,3,3.5,3.2,Medium,Medium,Unlimited,Hosteller,1,Yes,23,Fail
90,66,6,6.3,3.7,Medium,High,Unlimited,Hosteller,6,No,36,Pass
50,60,5,7.7,4.5,Medium,High,Limited,DayScholar,72,No,26,Fail
86,74,5,5.2,7.5,Medium,Low,Limited,Hosteller,22,No,47,Pass
49,63,2,6.9,9.4,Low,Low,Unlimited,DayScholar,50,No,38,Pass
85,80,4,4.8,7.7,Low,Medium,Limited,DayScholar,78,Yes,59,Pass
39,55,2,5.5,3.4,Medium,Medium,Unlimited,DayScholar,25,Yes,17,Fail
87,53,0,2.9,8.4,Low,High,Unlimited,Hosteller,108,Yes,38,Pass
55,86,5,6.5,4.2,Low,Low,Unlimited,Hosteller,48,No,38,Pass
33,75,7,9.7,3.1,Medium,High,Unlimited,DayScholar,47,Yes,9,Fail
91,85,3,5.2,8.5,High,Low,Limited,DayScholar,89,Yes,56,Pass
92,64,0,2.5,3.8,Medium,Low,Limited,Hosteller,55,No,54,Pass
87,78,7,8.8,7.2,High,High,Unlimited,DayScholar,5,Yes,46,Pass
46,83,1,7.9,9.2,Low,Medium,Limited,Hosteller,111,Yes,27,Fail
79,62,4,9.8,5.2,Medium,Low,Limited,Hosteller,76,No,51,Pass
53,92,1,8.8,5.4,Low,High,Unlimited,DayScholar,58,Yes,39,Pass
34,85,7,8.0,8.8,Medium,Medium,Unlimited,DayScholar,118,No,13,Fail
88,87,8,8.4,4.5,High,Low,Unlimited,DayScholar,24,No,55,Pass
53,79,6,0.2,5.1,Low,Low,Unlimited,Hosteller,59,No,34,Fail
35,74,1,6.9,8.1,Medium,Medium,Limited,DayScholar,103,No,10,Fail
63,88,0,2.9,5.3,High,Low,Limited,Hosteller,27,No,36,Pass
93,58,7,1.4,7.5,Medium,Low,Limited,DayScholar,99,Yes,39,Pass
51,100,6,6.3,5.1,Low,High,Limited,DayScholar,45,Yes,26,Fail
92,96,6,4.6,3.3,Medium,Medium,Limited,DayScholar,18,Yes,55,Pass
70,75,4,2.5,8.8,Medium,Medium,Unlimited,DayScholar,15,No,38,Pass
67,84,4,3.7,6.4,Low,Medium,Unlimited,DayScholar,113,Yes,44,Pass
88,100,4,6.7,6.2,Medium,Medium,Unlimited,DayScholar,8,Yes,64,Pass
64,81,7,4.7,6.3,Low,Medium,Unlimited,Hosteller,90,Yes,36,Pass
41,97,2,9.1,8.7,Low,Medium,Limited,Hosteller,0,Yes,31,Fail
40,91,5,1.2,7.1,High,Medium,Unlimited,DayScholar,9,No,17,Fail
68,97,6,9.3,5.8,High,High,Limited,DayScholar,77,No,42,Pass
100,59,2,5.9,8.1,Low,Low,Limited,DayScholar,71,No,68,Pass
90,90,6,5.3,9.8,Low,High,Unlimited,DayScholar,79,Yes,51,Pass
71,56,8,8.6,8.8,Low,Medium,Unlimited,Hosteller,113,No,40,Pass
92,70,3,1.0,5.4,High,Low,Unlimited,Hosteller,29,Yes,41,Pass
99,85,7,6.0,8.8,Low,Medium,Unlimited,Hosteller,25,Yes,60,Pass
33,77,2,1.7,9.7,Low,Medium,Unlimited,DayScholar,74,Yes,16,Fail
52,72,1,7.9,4.0,Low,Medium,Unlimited,DayScholar,44,Yes,32,Fail
69,57,2,7.2,4.5,Low,Low,Limited,DayScholar,9,No,47,Pass
91,92,6,8.9,7.1,Low,High,Unlimited,DayScholar,81,Yes,49,Pass
81,67,5,8.1,7.4,Low,Medium,Unlimited,DayScholar,72,Yes,38,Pass
88,58,7,5.0,8.3,Medium,Medium,Limited,DayScholar,15,No,47,Pass
73,70,3,7.6,9.0,Low,Medium,Limited,Hosteller,112,No,36,Pass
92,80,6,7.7,5.2,High,Low,Unlimited,Hosteller,48,No,53,Pass
81,89,0,2.5,7.0,High,Medium,Limited,Hosteller,115,Yes,46,Pass
36,82,5,8.6,8.3,Medium,Medium,Unlimited,Hosteller,44,No,21,Fail
89,71,7,5.2,3.1,High,Low,Limited,Hosteller,34,No,36,Pass
100,86,6,3.0,4.8,Low,Low,Limited,DayScholar,95,No,62,Pass
84,85,9,8.0,4.4,Medium,Low,Unlimited,DayScholar,87,No,56,Pass
92,55,6,2.2,4.4,Low,High,Unlimited,Hosteller,4,Yes,38,Pass
68,96,3,5.7,5.6,Medium,Low,Limited,Hosteller,8,No,59,Pass
87,85,4,5.0,3.2,Medium,Medium,Unlimited,Hosteller,70,Yes,42,Pass
64,84,0,5.0,7.6,Medium,Low,Limited,DayScholar,51,No,51,Pass
88,87,5,7.1,5.8,High,High,Limited,Hosteller,27,Yes,46,Pass
74,77,8,7.7,3.7,Low,Low,Unlimited,Hosteller,92,Yes,48,Pass
30,89,9,5.0,3.9,Medium,Low,Limited,Hosteller,33,No,5,Fail
82,92,3,8.0,4.7,High,High,Limited,DayScholar,73,No,42,Pass
51,87,0,8.2,4.5,Low,Medium,Limited,DayScholar,78,No,44,Pass
74,78,3,5.7,3.3,Low,High,Limited,DayScholar,30,No,47,Pass
62,93,6,7.4,6.4,Medium,Low,Unlimited,DayScholar,51,No,51,Pass
56,53,4,9.2,4.1,Medium,High,Unlimited,DayScholar,54,No,33,Fail
75,59,8,8.7,8.3,Medium,Low,Unlimited,DayScholar,110,Yes,38,Pass
44,74,8,9.7,8.1,Low,Medium,Unlimited,Hosteller,20,Yes,24,Fail
65,97,2,5.5,6.5,High,Medium,Limited,Hosteller,24,Yes,39,Pass
83,94,1,1.8,3.2,Medium,High,Limited,DayScholar,17,Yes,42,Pass
95,64,10,3.1,8.7,High,Low,Limited,Hosteller,26,No,41,Pass
75,92,6,7.7,7.7,Low,Low,Unlimited,Hosteller,45,No,53,Pass
33,77,6,1.9,6.9,Medium,Low,Unlimited,Hosteller,31,No,14,Fail
76,78,4,0.8,9.0,High,Medium,Limited,Hosteller,6,No,45,Pass
60,89,10,7.1,8.8,Low,Medium,Unlimited,DayScholar,98,No,35,Pass
81,61,1,2.4,5.1,Low,Low,Limited,DayScholar,117,No,53,Pass
65,100,4,1.1,6.3,Medium,Medium,Unlimited,DayScholar,4,No,36,Pass
62,79,8,7.2,8.9,Low,Low,Unlimited,DayScholar,14,Yes,47,Pass
89,70,2,6.0,8.7,Low,High,Unlimited,DayScholar,14,No,49,Pass
88,60,9,9.4,6.4,Low,High,Limited,Hosteller,71,No,39,Pass
55,88,7,6.7,9.8,Low,Low,Limited,Hosteller,9,No,39,Pass
85,62,2,0.0,6.0,Low,Low,Unlimited,Hosteller,47,No,40,Pass
78,51,5,5.1,4.6,Medium,Medium,Unlimited,Hosteller,107,Yes,37,Pass
84,87,2,6.9,5.3,Low,Medium,Unlimited,DayScholar,96,Yes,62,Pass
77,73,1,7.8,5.7,High,High,Limited,Hosteller,6,No,42,Pass
72,52,1,1.3,4.7,Low,Low,Unlimited,Hosteller,52,No,35,Pass
89,91,9,6.2,3.6,Medium,Low,Unlimited,Hosteller,99,Yes,42,Pass
61,89,4,1.7,7.3,Low,High,Unlimited,Hosteller,106,No,35,Pass
68,93,2,5.4,7.5,Medium,Low,Limited,Hosteller,22,Yes,39,Pass
92,57,5,5.2,7.7,Medium,High,Limited,Hosteller,64,No,36,Pass
71,92,4,9.6,7.0,Medium,Low,Limited,DayScholar,69,Yes,55,Pass
46,66,0,6.8,8.4,Medium,Low,Unlimited,DayScholar,13,Yes,28,Fail
92,70,7,4.1,3.6,High,Medium,Limited,DayScholar,25,No,39,Pass
53,94,10,9.6,8.1,High,Low,Limited,DayScholar,42,No,33,Fail
93,57,7,5.1,4.2,High,High,Unlimited,DayScholar,74,Yes,35,Pass
79,57,4,3.8,3.2,High,Medium,Limited,DayScholar,86,No,35,Pass
93,75,3,1.1,8.4,High,Medium,Limited,DayScholar,81,No,54,Pass
33,67,0,7.8,6.4,Medium,Low,Limited,Hosteller,64,No,21,Fail
40,85,0,4.1,4.0,Low,Medium,Limited,DayScholar,74,No,24,Fail
83,52,4,7.7,3.3,Low,Medium,Limited,Hosteller,17,Yes,38,Pass
97,59,8,7.7,3.7,High,Medium,Limited,Hosteller,76,No,46,Pass
79,85,10,6.7,3.9,Low,Low,Limited,DayScholar,22,No,57,Pass
93,99,8,1.6,7.1,Medium,High,Limited,DayScholar,9,No,46,Pass
87,81,0,1.7,6.9,High,High,Unlimited,DayScholar,39,No,42,Pass
75,92,8,7.5,5.6,Low,Medium,Limited,DayScholar,12,No,54,Pass
30,86,2,4.6,4.5,Low,High,Limited,DayScholar,23,No,16,Fail
95,67,7,8.1,5.6,Low,Low,Limited,Hosteller,81,No,54,Pass
86,94,3,6.1,5.1,Medium,Medium,Unlimited,Hosteller,113,Yes,54,Pass
57,88,2,9.2,8.5,High,High,Unlimited,Hosteller,73,Yes,32,Fail
100,92,2,4.3,6.8,Medium,Medium,Limited,DayScholar,75,Yes,57,Pass
99,52,5,3.1,4.3,Low,Medium,Unlimited,DayScholar,76,Yes,47,Pass
32,62,8,3.3,7.5,Low,Medium,Limited,DayScholar,5,No,15,Fail
80,75,0,6.4,5.0,Low,High,Limited,DayScholar,71,No,64,Pass
64,93,8,8.7,5.6,Low,High,Unlimited,DayScholar,64,No,45,Pass
91,64,1,1.8,7.2,High,Medium,Limited,Hosteller,10,No,49,Pass
92,74,4,6.1,4.9,Low,Medium,Limited,Hosteller,27,No,55,Pass
71,85,3,1.2,7.6,Low,Medium,Limited,Hosteller,22,No,53,Pass
99,74,6,0.6,5.4,Medium,Medium,Unlimited,Hosteller,119,No,39,Pass
79,80,1,7.7,8.0,High,Low,Unlimited,DayScholar,110,No,56,Pass
84,61,0,9.1,6.6,Medium,Medium,Unlimited,Hosteller,117,No,59,Pass
79,78,7,4.7,8.1,Low,Medium,Limited,DayScholar,33,Yes,39,Pass
82,79,9,6.4,8.0,Low,Low,Unlimited,Hosteller,120,No,43,Pass
48,100,3,6.9,8.7,Medium,Low,Limited,DayScholar,114,No,29,Fail
39,62,5,9.8,10.0,High,Low,Unlimited,DayScholar,55,No,21,Fail
50,97,2,7.9,6.6,Low,High,Limited,Hosteller,55,Yes,31,Fail
67,70,1,9.5,3.8,Low,Medium,Limited,DayScholar,45,Yes,37,Pass
89,67,0,5.8,8.1,Low,Medium,Unlimited,Hosteller,16,No,56,Pass
45,91,1,8.4,6.0,Low,Medium,Unlimited,Hosteller,89,No,46,Pass
94,98,6,9.3,8.3,Medium,Low,Limited,Hosteller,16,Yes,67,Pass
31,98,7,9.9,9.7,Low,Low,Unlimited,DayScholar,18,Yes,20,Fail
97,55,10,1.7,5.9,Low,Medium,Unlimited,DayScholar,99,Yes,35,Pass
83,71,0,7.7,8.2,Low,Low,Unlimited,Hosteller,14,Yes,50,Pass
84,87,0,5.2,4.2,High,Low,Unlimited,DayScholar,119,Yes,53,Pass
67,90,8,7.6,5.0,Low,Medium,Unlimited,Hosteller,85,No,43,Pass
34,53,8,9.8,5.4,Medium,Low,Unlimited,DayScholar,33,Yes,12,Fail
82,74,7,1.6,7.3,Medium,Medium,Limited,DayScholar,99,Yes,35,Pass
99,95,2,2.2,3.8,Low,Low,Limited,Hosteller,5,No,67,Pass
97,53,1,8.6,9.2,High,Medium,Limited,DayScholar,66,No,59,Pass
96,84,5,1.7,6.8,High,High,Limited,Hosteller,89,No,47,Pass
87,73,10,9.5,4.1,High,Low,Limited,DayScholar,110,No,42,Pass
75,52,0,9.8,4.3,Medium,High,Limited,DayScholar,7,Yes,42,Pass
87,100,2,3.8,7.5,Low,Low,Limited,Hosteller,28,No,73,Pass
94,73,8,4.3,9.3,Medium,Medium,Limited,Hosteller,12,Yes,39,Pass
85,98,9,7.5,4.9,High,Medium,Limited,Hosteller,42,Yes,47,Pass
79,79,2,7.3,5.9,High,Medium,Limited,Hosteller,64,Yes,44,Pass
53,92,1,9.7,8.2,High,High,Limited,Hosteller,24,No,38,Pass
37,100,6,9.3,8.8,High,Low,Unlimited,Hosteller,8,Yes,17,Fail
76,73,1,9.2,7.8,High,High,Limited,Hosteller,35,No,45,Pass
55,63,5,9.8,3.6,Medium,Medium,Unlimited,DayScholar,48,No,31,Fail
95,72,3,1.4,6.8,Medium,High,Limited,DayScholar,44,No,40,Pass
34,55,7,9.7,9.5,Low,Medium,Limited,Hosteller,23,Yes,14,Fail
54,83,6,7.7,7.9,Medium,Low,Unlimited,DayScholar,29,No,51,Pass
31,100,4,2.9,8.4,Medium,Low,Limited,DayScholar,4,No,15,Fail
71,84,5,6.3,5.3,Medium,Low,Limited,Hosteller,92,Yes,48,Pass
35,85,0,7.0,8.7,Medium,Low,Unlimited,DayScholar,116,No,25,Fail
95,91,9,6.8,4.6,High,High,Unlimited,Hosteller,62,No,44,Pass
46,97,1,4.5,9.8,Medium,Medium,Limited,Hosteller,22,Yes,29,Fail
92,82,5,5.0,7.3,Low,Low,Limited,Hosteller,39,No,68,Pass
60,62,2,9.0,5.0,Low,Low,Limited,DayScholar,6,No,55,Pass
48,77,3,9.4,10.0,Medium,High,Limited,Hosteller,91,No,29,Fail
41,51,0,9.7,3.3,Low,Low,Unlimited,Hosteller,117,No,21,Fail
42,70,2,5.5,7.4,High,Medium,Limited,DayScholar,8,Yes,20,Fail
38,74,0,9.8,6.1,High,High,Limited,DayScholar,101,No,18,Fail
98,83,0,5.8,5.2,Low,Low,Limited,DayScholar,35,No,72,Pass
98,79,1,1.8,5.4,Medium,High,Limited,DayScholar,94,No,56,Pass
68,80,2,6.6,6.7,Low,Low,Limited,DayScholar,9,Yes,55,Pass
85,55,8,6.0,6.3,Medium,Medium,Unlimited,DayScholar,60,No,48,Pass
79,93,8,6.0,3.3,Low,High,Limited,DayScholar,95,Yes,40,Pass
68,95,6,0.8,8.1,Low,Medium,Unlimited,DayScholar,99,No,39,Pass
99,56,4,4.9,4.1,Medium,Medium,Unlimited,DayScholar,32,Yes,61,Pass
57,89,9,5.4,3.8,Low,Medium,Limited,Hosteller,5,Yes,33,Fail
72,94,0,8.6,8.3,Low,Low,Unlimited,Hosteller,109,Yes,62,Pass
89,96,0,10.0,4.8,Medium,High,Unlimited,DayScholar,15,Yes,69,Pass
72,93,8,0.2,6.6,Low,Low,Limited,Hosteller,31,Yes,36,Pass
69,90,2,9.7,5.6,High,High,Limited,Hosteller,8,Yes,40,Pass
44,79,2,3.9,4.5,Medium,Low,Unlimited,DayScholar,51,Yes,33,Fail
75,91,10,9.0,5.4,Medium,Medium,Unlimited,DayScholar,90,No,40,Pass
94,79,3,0.9,9.5,High,Low,Unlimited,Hosteller,34,Yes,41,Pass
80,50,3,5.6,6.4,Medium,High,Unlimited,DayScholar,9,No,36,Pass
100,94,0,9.6,7.9,Low,Medium,Unlimited,DayScholar,62,No,84,Pass
79,53,0,6.9,9.0,Low,Low,Limited,DayScholar,105,Yes,44,Pass
52,70,0,6.7,6.5,Low,Low,Unlimited,Hosteller,73,Yes,29,Fail
35,59,0,7.2,8.7,Low,High,Limited,Hosteller,41,Yes,10,Fail
81,87,0,0.0,9.7,Medium,High,Limited,Hosteller,104,Yes,37,Pass
89,54,2,2.7,6.6,Low,Medium,Unlimited,Hosteller,23,No,47,Pass
93,70,6,7.9,6.4,Low,Medium,Limited,DayScholar,32,No,52,Pass
32,71,7,6.9,4.7,Low,Low,Unlimited,Hosteller,29,Yes,11,Fail
77,56,1,2.8,8.0,Low,Low,Limited,DayScholar,7,No,56,Pass
75,83,8,6.3,4.2,High,Medium,Limited,DayScholar,13,Yes,47,Pass
76,75,2,5.8,4.0,Low,Medium,Unlimited,Hosteller,101,Yes,50,Pass
86,63,9,6.9,6.2,Medium,Low,Limited,Hosteller,89,No,40,Pass
35,75,10,3.4,6.5,Medium,Low,Limited,Hosteller,1,Yes,15,Fail
57,81,4,3.9,6.5,Low,Medium,Limited,Hosteller,87,No,35,Pass
82,66,8,6.3,4.7,Medium,Low,Limited,Hosteller,47,No,45,Pass
82,67,7,7.1,4.2,High,Medium,Unlimited,DayScholar,109,No,43,Pass
85,52,5,7.6,5.3,Low,High,Unlimited,Hosteller,71,No,51,Pass
52,77,5,8.7,5.6,Low,Low,Limited,DayScholar,101,No,49,Pass
99,62,1,3.2,8.9,High,Low,Unlimited,Hosteller,114,No,49,Pass
83,67,1,5.6,6.2,High,Low,Limited,Hosteller,30,Yes,51,Pass
72,63,3,8.3,3.2,Medium,High,Unlimited,Hosteller,17,No,42,Pass
84,71,0,5.1,3.6,Low,Low,Limited,DayScholar,96,No,52,Pass
65,56,8,6.5,4.8,Low,Low,Limited,DayScholar,88,No,37,Pass
39,90,1,6.9,3.8,Medium,Low,Limited,DayScholar,50,Yes,21,Fail
97,98,6,8.1,7.1,High,Medium,Limited,Hosteller,115,Yes,51,Pass
50,71,4,8.6,7.6,Medium,Medium,Limited,Hosteller,27,Yes,30,Fail
39,92,0,9.2,5.8,Medium,High,Unlimited,Hosteller,38,Yes,21,Fail
77,94,3,6.6,5.5,High,High,Unlimited,DayScholar,11,No,43,Pass
87,96,9,8.2,4.5,Medium,Medium,Limited,Hosteller,38,Yes,59,Pass
49,80,7,7.6,3.1,Medium,High,Unlimited,Hosteller,26,No,26,Fail
85,78,6,4.2,6.5,High,High,Limited,Hosteller,12,No,45,Pass
62,85,3,6.5,9.0,Low,Low,Limited,DayScholar,62,Yes,45,Pass
87,99,1,9.8,3.2,Medium,High,Unlimited,Hosteller,92,No,56,Pass
89,96,3,7.4,5.9,Low,Medium,Unlimited,DayScholar,57,Yes,70,Pass
92,71,4,8.8,3.6,Low,High,Limited,DayScholar,91,Yes,40,Pass
100,97,5,1.3,6.8,Medium,High,Unlimited,Hosteller,3,Yes,54,Pass
92,55,0,9.4,8.5,Medium,Low,Unlimited,Hosteller,7,No,72,Pass
90,75,7,7.8,6.3,Medium,Low,Unlimited,DayScholar,58,No,63,Pass
77,96,0,6.5,6.1,Medium,High,Limited,Hosteller,66,No,49,Pass
93,57,7,6.7,5.0,Low,Medium,Unlimited,DayScholar,68,No,51,Pass
84,96,6,1.7,7.0,High,Medium,Limited,DayScholar,36,No,46,Pass
73,80,7,1.0,5.7,Medium,Low,Limited,Hosteller,65,No,35,Pass
49,86,5,9.7,7.8,Low,High,Unlimited,Hosteller,65,Yes,26,Fail
97,99,5,9.4,6.1,Low,Low,Limited,Hosteller,39,Yes,77,Pass
100,61,8,6.0,4.8,Low,Low,Limited,Hosteller,24,Yes,50,Pass
62,79,8,7.8,7.9,High,Medium,Unlimited,DayScholar,30,No,42,Pass
91,81,0,1.9,4.3,Medium,Medium,Limited,Hosteller,33,Yes,61,Pass
85,58,2,5.9,3.3,High,Medium,Unlimited,DayScholar,70,No,37,Pass
97,82,6,9.5,6.7,Low,Medium,Unlimited,DayScholar,73,No,76,Pass
76,70,1,8.2,6.6,Low,High,Limited,DayScholar,43,Yes,42,Pass
89,61,1,5.5,4.0,Low,Medium,Unlimited,Hosteller,44,No,64,Pass
89,88,7,4.7,8.9,Medium,Low,Unlimited,DayScholar,8,No,64,Pass
76,64,0,1.0,7.8,Medium,Low,Limited,DayScholar,45,No,37,Pass
47,89,2,2.2,6.3,Low,High,Limited,DayScholar,32,No,25,Fail
80,51,0,1.2,4.2,Low,Medium,Unlimited,Hosteller,53,No,40,Pass
76,81,0,7.6,7.2,Low,Low,Limited,DayScholar,23,No,71,Pass
100,54,3,1.2,9.2,Low,Medium,Limited,Hosteller,95,Yes,38,Pass
51,64,2,8.7,4.6,High,Low,Limited,DayScholar,116,No,28,Fail
97,58,8,1.9,9.2,Medium,Low,Unlimited,Hosteller,41,Yes,41,Pass
46,77,3,8.5,3.1,Medium,High,Limited,Hosteller,19,Yes,30,Fail
64,91,2,5.0,4.3,Medium,Medium,Limited,DayScholar,98,Yes,43,Pass
78,86,0,1.6,9.1,Low,High,Unlimited,DayScholar,77,No,37,Pass
42,73,7,6.1,5.0,Low,Low,Unlimited,DayScholar,24,No,17,Fail
73,77,0,4.4,3.8,High,Medium,Unlimited,Hosteller,48,Yes,39,Pass
34,72,0,2.2,7.0,Low,High,Unlimited,DayScholar,21,No,13,Fail
47,79,2,9.1,4.0,Low,High,Limited,DayScholar,73,Yes,27,Fail
76,66,1,10.0,4.2,Low,High,Limited,Hosteller,38,Yes,38,Pass
52,79,0,4.3,3.9,Low,Low,Limited,DayScholar,61,No,37,Pass
91,85,1,9.0,8.5,High,High,Limited,Hosteller,39,No,69,Pass
76,53,3,9.6,5.9,High,Medium,Unlimited,DayScholar,107,Yes,39,Pass
88,95,9,9.9,3.5,High,High,Limited,DayScholar,57,No,41,Pass
84,99,4,7.9,6.4,Medium,Low,Limited,DayScholar,76,Yes,61,Pass
90,76,2,6.0,8.1,Low,Medium,Limited,Hosteller,4,Yes,71,Pass
58,89,5,3.1,5.3,Low,Medium,Unlimited,Hosteller,78,No,34,Fail
90,91,5,1.8,9.9,Low,Medium,Unlimited,Hosteller,69,Yes,38,Pass
42,96,8,5.8,8.3,Medium,Low,Limited,DayScholar,53,No,31,Fail
79,52,9,9.7,9.0,High,Medium,Limited,Hosteller,24,No,40,Pass
67,80,6,6.8,5.8,Medium,Medium,Limited,DayScholar,61,No,50,Pass
63,79,0,3.0,3.5,Medium,Medium,Limited,DayScholar,59,No,43,Pass
32,72,3,6.9,8.6,Low,Low,Unlimited,DayScholar,52,No,21,Fail
96,92,4,1.2,4.6,High,Low,Unlimited,Hosteller,22,No,51,Pass
72,91,2,7.5,8.5,Medium,Medium,Limited,DayScholar,89,No,61,Pass
66,92,4,7.3,9.7,Low,Low,Limited,DayScholar,48,Yes,36,Pass
78,69,1,9.2,10.0,High,High,Limited,Hosteller,119,No,35,Pass
32,98,6,5.6,5.3,Low,Medium,Limited,Hosteller,103,No,24,Fail
100,83,3,2.0,6.2,High,Medium,Unlimited,Hosteller,6,No,54,Pass
66,94,3,8.6,5.2,Medium,High,Unlimited,Hosteller,33,Yes,45,Pass
95,81,3,4.8,9.3,Low,Medium,Unlimited,DayScholar,44,Yes,63,Pass
52,84,3,2.4,7.4,Low,Low,Unlimited,Hosteller,26,No,34,Fail
49,91,2,9.7,6.2,Low,High,Limited,Hosteller,24,No,48,Pass
35,87,5,4.6,4.4,Medium,Medium,Limited,Hosteller,45,Yes,16,Fail
69,80,7,2.6,6.2,Medium,Medium,Limited,DayScholar,11,No,39,Pass
82,98,4,9.6,3.8,High,Low,Unlimited,DayScholar,44,Yes,41,Pass
91,70,1,9.2,8.0,High,High,Limited,Hosteller,13,Yes,54,Pass
96,82,10,6.4,8.3,Medium,Low,Unlimited,Hosteller,84,No,60,Pass
85,56,2,3.0,4.6,Medium,Medium,Unlimited,DayScholar,52,Yes,37,Pass
89,71,3,1.2,4.3,High,Low,Limited,Hosteller,91,No,45,Pass
43,92,3,7.7,8.7,Medium,Low,Unlimited,Hosteller,55,No,42,Pass
87,93,8,9.1,7.2,High,Medium,Limited,DayScholar,4,Yes,58,Pass
73,89,4,6.6,9.2,Medium,High,Limited,Hosteller,15,Yes,37,Pass
84,90,6,6.3,5.1,Low,Low,Unlimited,DayScholar,113,Yes,46,Pass
45,93,0,7.8,9.0,Medium,High,Limited,Hosteller,79,No,33,Fail
86,55,5,7.0,4.8,Low,Medium,Unlimited,DayScholar,62,Yes,53,Pass
32,83,2,6.5,4.2,Low,High,Limited,Hosteller,6,No,32,Fail
35,94,3,3.2,9.3,High,Low,Limited,DayScholar,9,Yes,16,Fail
100,58,8,9.4,8.2,Medium,Low,Unlimited,Hosteller,31,Yes,54,Pass
86,72,4,9.2,9.3,Low,Medium,Unlimited,DayScholar,79,No,45,Pass
76,69,3,7.4,9.9,High,Low,Limited,DayScholar,26,Yes,40,Pass
92,86,1,8.8,3.1,Low,Medium,Unlimited,Hosteller,27,Yes,65,Pass
42,79,3,2.3,7.1,Low,Medium,Limited,DayScholar,5,Yes,18,Fail
90,100,3,5.4,3.3,High,Medium,Limited,Hosteller,112,Yes,52,Pass
86,62,4,8.6,3.1,Low,Medium,Limited,DayScholar,109,No,56,Pass
34,70,3,3.1,5.9,Medium,Low,Unlimited,Hosteller,8,Yes,10,Fail
75,93,0,1.3,4.2,Low,Medium,Unlimited,Hosteller,0,Yes,53,Pass
84,69,5,4.4,8.4,High,Medium,Limited,Hosteller,6,Yes,41,Pass
38,94,8,10.0,6.9,Medium,Medium,Limited,DayScholar,30,Yes,18,Fail
75,83,2,5.1,6.6,Low,Medium,Unlimited,DayScholar,1,No,67,Pass
30,78,0,6.3,8.7,Low,High,Limited,Hosteller,10,No,23,Fail
38,69,1,8.3,6.4,Low,Low,Limited,DayScholar,108,Yes,20,Fail
49,84,8,8.7,3.9,Medium,Medium,Limited,Hosteller,39,No,24,Fail
69,51,0,8.1,5.5,Low,Medium,Unlimited,DayScholar,60,No,60,Pass
36,84,3,9.9,6.1,Low,Low,Unlimited,DayScholar,55,No,40,Pass
58,82,0,6.6,9.1,Low,Medium,Limited,DayScholar,29,No,42,Pass
51,91,1,9.9,8.0,Medium,Low,Unlimited,Hosteller,8,No,46,Pass
97,92,5,6.7,5.9,Medium,Low,Unlimited,DayScholar,57,Yes,62,Pass
39,55,5,5.7,8.6,Medium,Medium,Unlimited,DayScholar,99,Yes,14,Fail
83,53,6,2.0,6.9,Low,Medium,Limited,DayScholar,93,Yes,37,Pass
93,77,4,4.4,9.4,Medium,High,Unlimited,Hosteller,18,Yes,45,Pass
95,53,4,8.1,3.7,Medium,Medium,Unlimited,DayScholar,81,Yes,46,Pass
88,54,8,5.8,7.9,Medium,Medium,Limited,Hosteller,12,No,41,Pass
64,79,2,8.1,8.8,Medium,Medium,Unlimited,Hosteller,48,Yes,46,Pass
88,61,7,5.7,4.8,Low,Medium,Limited,DayScholar,39,No,44,Pass
54,51,2,3.5,3.9,Medium,Low,Limited,Hosteller,7,No,31,Fail
45,63,1,9.7,9.7,High,Medium,Limited,DayScholar,11,Yes,23,Fail
60,82,0,3.9,4.2,Medium,High,Limited,Hosteller,16,No,45,Pass
91,100,10,6.5,8.4,High,Low,Unlimited,Hosteller,25,Yes,37,Pass
85,100,2,0.0,3.4,Medium,Medium,Limited,Hosteller,0,Yes,36,Pass
80,87,3,3.0,7.2,High,Medium,Unlimited,DayScholar,17,Yes,38,Pass
50,81,6,7.5,4.2,Low,Medium,Limited,DayScholar,102,No,33,Fail
99,50,7,5.4,6.0,High,Low,Limited,Hosteller,1,No,45,Pass
71,75,9,7.4,4.1,High,Medium,Unlimited,DayScholar,21,Yes,41,Pass
58,84,6,7.2,5.1,Low,Medium,Limited,Hosteller,33,No,42,Pass
100,69,2,4.3,6.4,Medium,Medium,Unlimited,Hosteller,53,No,52,Pass
98,78,4,3.1,5.5,High,Low,Unlimited,Hosteller,113,Yes,49,Pass
60,92,3,5.2,7.8,Medium,Low,Limited,DayScholar,21,No,54,Pass
81,95,0,7.2,4.6,Medium,Medium,Limited,Hosteller,105,No,62,Pass
54,97,0,8.4,5.0,Medium,High,Limited,DayScholar,41,No,36,Pass
42,78,4,7.3,8.7,High,Low,Limited,DayScholar,91,No,31,Fail
92,73,4,7.2,5.1,Low,Medium,Limited,DayScholar,39,No,55,Pass
74,99,6,2.4,3.0,Low,Medium,Unlimited,Hosteller,12,Yes,36,Pass
90,98,1,3.7,8.4,Medium,Low,Limited,DayScholar,70,Yes,62,Pass
89,93,3,4.7,7.3,Medium,Medium,Unlimited,DayScholar,100,Yes,47,Pass
98,91,1,6.6,6.9,High,Low,Limited,Hosteller,22,No,77,Pass
37,55,1,8.8,7.2,Medium,Low,Limited,Hosteller,27,Yes,21,Fail
82,59,3,6.5,3.4,High,Medium,Unlimited,DayScholar,6,Yes,41,Pass
86,57,0,0.2,3.0,Medium,Low,Unlimited,DayScholar,20,No,37,Pass
45,53,0,8.8,7.5,Low,Low,Unlimited,DayScholar,80,Yes,32,Fail
40,83,1,6.2,6.6,Medium,Medium,Unlimited,DayScholar,120,No,29,Fail
40,96,2,9.9,4.7,Medium,Low,Limited,Hosteller,108,No,31,Fail
54,97,2,8.8,4.0,Low,High,Limited,Hosteller,75,No,46,Pass
77,68,0,6.3,8.4,Medium,High,Limited,DayScholar,72,No,38,Pass
64,78,6,9.5,7.1,Low,Medium,Unlimited,DayScholar,52,No,57,Pass
79,61,8,6.1,5.6,Low,Low,Unlimited,DayScholar,29,No,41,Pass
74,92,0,2.5,6.5,Low,Medium,Unlimited,DayScholar,6,Yes,51,Pass
99,75,6,1.8,9.3,Medium,Medium,Limited,DayScholar,108,No,49,Pass
95,56,6,4.5,6.5,Medium,Medium,Unlimited,Hosteller,64,No,39,Pass
81,76,8,9.6,5.2,Low,Low,Unlimited,DayScholar,58,Yes,58,Pass
33,98,2,5.9,4.4,Low,Low,Limited,DayScholar,40,Yes,22,Fail
33,77,4,8.9,3.7,Medium,Medium,Limited,DayScholar,10,Yes,20,Fail
60,99,0,5.1,7.9,Low,Low,Unlimited,Hosteller,65,No,42,Pass
85,75,6,5.8,8.9,Medium,High,Unlimited,DayScholar,97,No,56,Pass
48,100,8,8.8,9.8,Low,Medium,Limited,Hosteller,25,No,37,Pass
99,75,3,1.5,7.9,Medium,High,Limited,Hosteller,111,No,43,Pass
94,71,6,8.5,3.4,High,Low,Unlimited,DayScholar,119,No,41,Pass
58,81,0,3.9,3.3,High,Medium,Limited,DayScholar,18,Yes,34,Fail
30,77,7,6.2,7.8,Low,High,Limited,DayScholar,81,No,16,Fail
92,60,2,1.4,4.6,Low,Medium,Unlimited,DayScholar,61,No,52,Pass
73,76,7,6.3,6.3,High,Low,Limited,DayScholar,98,No,49,Pass
55,86,9,8.3,7.4,High,Low,Unlimited,DayScholar,6,No,33,Fail
52,60,7,9.6,7.8,Low,Medium,Unlimited,DayScholar,46,No,35,Pass
79,71,0,8.7,3.6,High,High,Unlimited,DayScholar,92,No,36,Pass
79,69,1,0.0,3.3,Low,Low,Unlimited,Hosteller,5,No,43,Pass
82,70,6,5.0,4.5,High,High,Limited,DayScholar,81,No,37,Pass
81,92,10,2.3,4.5,Low,Medium,Limited,DayScholar,4,Yes,35,Pass
52,92,0,4.3,7.9,High,Medium,Limited,Hosteller,62,Yes,33,Fail
96,87,4,6.8,7.5,Low,Low,Unlimited,Hosteller,108,No,74,Pass
67,89,6,4.3,7.7,Medium,Low,Unlimited,DayScholar,49,No,44,Pass
84,80,9,5.8,3.8,Low,Low,Limited,DayScholar,104,Yes,37,Pass
87,81,6,6.0,8.8,High,High,Unlimited,DayScholar,70,No,44,Pass
72,92,4,8.4,9.5,Medium,Low,Limited,DayScholar,92,No,45,Pass
74,66,0,2.6,9.3,High,Low,Limited,DayScholar,20,No,41,Pass
96,89,3,7.3,9.1,Low,Low,Limited,Hosteller,84,No,68,Pass
32,86,4,0.3,9.9,Low,Medium,Unlimited,DayScholar,74,No,12,Fail
68,92,2,10.0,8.1,High,Low,Limited,DayScholar,73,No,48,Pass
84,56,2,5.0,5.3,High,Medium,Unlimited,DayScholar,0,No,47,Pass
98,50,8,4.6,8.4,Low,Low,Limited,DayScholar,14,Yes,48,Pass
97,96,0,9.6,3.7,Medium,Low,Limited,DayScholar,82,Yes,66,Pass
90,62,0,9.9,4.6,High,Medium,Unlimited,Hosteller,73,No,50,Pass
74,83,0,9.4,9.6,High,High,Limited,Hosteller,28,No,48,Pass
40,98,0,5.6,4.1,Low,High,Limited,Hosteller,108,Yes,27,Fail
60,83,5,5.8,7.1,Low,Low,Limited,Hosteller,10,No,44,Pass
95,91,4,3.8,5.6,Low,Low,Unlimited,Hosteller,100,Yes,63,Pass
78,74,1,5.6,9.7,High,Low,Limited,DayScholar,8,Yes,35,Pass
97,78,0,7.3,5.0,Low,High,Unlimited,Hosteller,62,No,67,Pass
94,91,0,4.4,9.5,High,High,Unlimited,Hosteller,65,No,40,Pass
59,53,7,6.8,5.0,Low,Medium,Unlimited,DayScholar,109,No,37,Pass
90,87,4,3.0,8.5,Medium,High,Unlimited,DayScholar,36,Yes,43,Pass
70,98,4,7.6,3.9,Low,Low,Unlimited,Hosteller,111,Yes,38,Pass
98,98,8,7.6,7.2,High,Low,Unlimited,Hosteller,26,No,58,Pass
93,71,0,3.2,6.2,Medium,Low,Unlimited,Hosteller,28,Yes,57,Pass
42,93,2,2.3,9.7,Medium,Low,Unlimited,DayScholar,56,Yes,25,Fail
53,96,2,0.4,7.9,Low,Low,Limited,Hosteller,53,No,28,Fail
92,54,7,9.9,6.3,Low,High,Unlimited,DayScholar,82,No,49,Pass
93,92,1,5.1,8.9,Medium,Low,Limited,DayScholar,92,Yes,61,Pass
36,78,2,5.5,7.0,Low,Low,Limited,DayScholar,7,No,31,Fail
86,76,9,3.3,3.8,Low,High,Unlimited,Hosteller,57,No,41,Pass
89,59,5,8.8,9.8,Low,Low,Limited,DayScholar,113,Yes,53,Pass
91,52,4,9.4,8.5,Low,Medium,Limited,Hosteller,80,Yes,62,Pass
91,87,8,5.9,9.6,Low,High,Unlimited,DayScholar,120,No,41,Pass
31,61,0,0.8,5.7,Medium,Low,Limited,Hosteller,18,Yes,7,Fail
62,93,6,6.0,4.1,Low,Medium,Limited,DayScholar,46,Yes,45,Pass
53,89,6,10.0,4.8,Medium,High,Unlimited,Hosteller,90,Yes,30,Fail
90,94,5,2.8,7.3,Medium,High,Limited,DayScholar,119,Yes,36,Pass
87,82,9,8.3,9.4,Low,Medium,Unlimited,DayScholar,25,No,66,Pass
41,58,2,5.5,5.4,Medium,Low,Limited,Hosteller,115,Yes,18,Fail
33,58,2,6.8,8.8,Medium,Low,Unlimited,DayScholar,43,No,14,Fail
44,88,10,3.8,6.2,Low,Low,Limited,DayScholar,18,No,22,Fail
90,97,0,5.5,4.5,High,Low,Limited,DayScholar,23,Yes,69,Pass
79,99,8,3.5,6.5,Medium,Medium,Unlimited,DayScholar,16,Yes,50,Pass
79,68,0,7.0,6.4,Medium,Medium,Unlimited,DayScholar,69,Yes,53,Pass
60,90,1,6.8,9.7,Medium,Medium,Limited,DayScholar,32,Yes,43,Pass
85,66,4,8.8,6.4,High,Low,Unlimited,DayScholar,45,Yes,42,Pass
92,70,0,7.5,7.7,Medium,High,Unlimited,Hosteller,25,No,64,Pass
92,86,6,5.2,8.1,Low,High,Limited,Hosteller,80,Yes,55,Pass
36,65,0,5.4,3.7,High,Medium,Limited,DayScholar,17,No,17,Fail
64,80,8,6.9,3.9,Low,Low,Limited,DayScholar,60,Yes,40,Pass
90,73,0,7.9,5.6,High,Low,Unlimited,Hosteller,79,Yes,48,Pass
31,96,4,2.3,8.4,Medium,Medium,Limited,Hosteller,46,Yes,14,Fail
69,86,2,6.0,7.6,High,Medium,Unlimited,DayScholar,78,Yes,41,Pass
44,82,1,9.2,5.4,High,Low,Unlimited,Hosteller,29,Yes,32,Fail
98,92,1,8.5,7.2,High,High,Unlimited,DayScholar,48,No,59,Pass
30,72,8,3.6,5.3,Low,Low,Unlimited,DayScholar,60,Yes,6,Fail
83,68,6,7.8,10.0,Medium,Low,Limited,Hosteller,110,No,41,Pass
91,99,9,8.5,10.0,Low,Low,Limited,Hosteller,80,Yes,59,Pass
62,96,9,8.0,4.6,Low,Low,Unlimited,Hosteller,109,No,45,Pass
74,72,2,7.9,5.6,Low,Low,Limited,Hosteller,37,Yes,45,Pass
58,100,4,7.0,8.9,Low,Medium,Limited,DayScholar,100,No,40,Pass
91,86,5,5.5,8.9,Medium,Low,Limited,DayScholar,63,Yes,63,Pass
73,84,0,3.2,5.9,Low,High,Unlimited,DayScholar,88,Yes,36,Pass
65,83,3,4.1,6.9,Medium,Medium,Limited,Hosteller,26,No,51,Pass
42,94,0,9.6,3.4,Medium,Low,Unlimited,DayScholar,66,Yes,36,Pass
99,58,1,4.4,9.6,Low,Low,Unlimited,Hosteller,27,Yes,50,Pass
53,69,4,8.2,8.1,Medium,Medium,Unlimited,Hosteller,78,No,28,Fail
80,86,5,4.9,4.6,Low,Medium,Unlimited,Hosteller,19,Yes,48,Pass
92,58,4,7.2,6.8,High,Medium,Limited,DayScholar,106,No,41,Pass
94,56,7,0.7,7.9,High,Low,Unlimited,Hosteller,75,No,38,Pass
100,69,2,5.9,7.6,High,High,Unlimited,DayScholar,98,Yes,49,Pass
81,75,6,5.1,4.1,High,Low,Unlimited,DayScholar,34,Yes,43,Pass
33,97,2,0.0,7.0,Medium,Low,Limited,Hosteller,78,No,9,Fail
71,80,0,7.9,9.4,High,Medium,Unlimited,Hosteller,70,No,39,Pass
86,86,4,1.8,7.5,Low,Low,Limited,Hosteller,82,Yes,44,Pass
76,76,3,9.6,4.4,Medium,Medium,Limited,DayScholar,64,Yes,49,Pass
96,90,4,0.6,5.2,High,High,Unlimited,Hosteller,49,Yes,39,Pass
88,74,5,6.2,8.5,Low,Medium,Limited,Hosteller,2,Yes,57,Pass
49,83,0,7.7,7.0,Low,High,Unlimited,Hosteller,86,Yes,39,Pass
33,70,7,7.6,4.3,Low,Medium,Limited,DayScholar,99,Yes,9,Fail
66,71,5,9.4,4.9,Low,Medium,Unlimited,DayScholar,90,Yes,40,Pass
38,90,7,8.7,3.2,High,Medium,Limited,DayScholar,35,No,16,Fail
89,78,3,6.7,8.7,Low,Medium,Unlimited,DayScholar,101,Yes,54,Pass
96,93,0,2.7,4.9,High,Low,Limited,Hosteller,94,No,54,Pass
42,90,8,6.0,5.6,Low,Medium,Unlimited,DayScholar,115,Yes,25,Fail
99,52,8,3.1,5.3,High,High,Limited,Hosteller,91,No,36,Pass
76,78,0,7.6,8.9,Medium,High,Unlimited,DayScholar,12,No,51,Pass
90,68,1,3.8,4.6,Low,Low,Unlimited,Hosteller,42,No,63,Pass
92,62,1,1.3,6.9,High,Medium,Limited,Hosteller,26,Yes,35,Pass
93,86,5,1.1,3.4,Medium,Medium,Limited,Hosteller,120,No,38,Pass
99,85,7,4.3,7.4,High,Low,Unlimited,Hosteller,85,Yes,39,Pass
47,95,3,8.4,3.7,High,Low,Unlimited,Hosteller,36,No,27,Fail
30,82,9,5.1,3.6,Low,Low,Limited,Hosteller,16,Yes,6,Fail
53,84,6,6.1,9.4,Low,High,Unlimited,Hosteller,23,No,29,Fail
94,93,2,5.8,8.3,Low,High,Limited,Hosteller,84,No,62,Pass
35,82,1,1.8,5.1,High,Low,Limited,DayScholar,108,No,20,Fail
74,78,6,8.9,7.9,Low,Medium,Limited,DayScholar,33,No,51,Pass
81,87,1,7.3,7.9,High,Low,Limited,Hosteller,86,Yes,57,Pass
86,99,1,5.2,6.6,Low,Low,Limited,Hosteller,22,No,76,Pass
92,66,3,8.0,8.4,Medium,Low,Limited,Hosteller,119,No,60,Pass
94,86,2,3.2,9.2,Low,Medium,Limited,DayScholar,111,No,62,Pass
100,95,9,5.7,6.7,Low,High,Limited,Hosteller,35,Yes,47,Pass
84,62,4,3.9,6.6,High,High,Limited,DayScholar,53,Yes,35,Pass
95,67,2,9.5,4.8,Low,Medium,Limited,DayScholar,51,No,65,Pass
51,93,2,9.2,7.4,High,Low,Unlimited,DayScholar,70,Yes,40,Pass
55,99,4,9.3,8.4,High,High,Limited,Hosteller,102,No,30,Fail
33,61,4,5.2,5.0,Medium,High,Limited,DayScholar,7,No,13,Fail
42,88,1,9.3,8.7,Medium,Low,Unlimited,Hosteller,53,No,46,Pass
88,94,7,4.6,6.9,Medium,Low,Unlimited,DayScholar,105,No,58,Pass
94,91,1,9.2,3.5,High,Medium,Limited,DayScholar,13,No,66,Pass
33,80,0,9.8,8.3,High,Medium,Limited,DayScholar,113,No,36,Pass
66,94,7,5.1,5.0,Medium,Low,Unlimited,DayScholar,74,Yes,42,Pass
98,90,1,5.4,7.0,Low,Low,Limited,Hosteller,41,No,83,Pass
75,68,1,7.4,4.1,High,Low,Limited,DayScholar,68,No,47,Pass
41,78,6,10.0,6.7,High,Low,Limited,DayScholar,117,Yes,28,Fail
37,100,2,8.5,7.1,Medium,Medium,Unlimited,Hosteller,57,Yes,31,Fail
40,86,1,5.6,6.0,Low,Low,Unlimited,DayScholar,33,Yes,24,Fail
46,76,4,0.9,6.8,Medium,Low,Limited,Hosteller,8,No,32,Fail
81,94,3,8.6,6.4,Low,Low,Limited,DayScholar,85,No,68,Pass
80,72,6,6.0,4.8,Low,Medium,Unlimited,DayScholar,37,No,46,Pass
35,88,6,6.1,9.1,Medium,Low,Limited,Hosteller,46,No,24,Fail
77,92,1,3.7,8.0,High,Low,Limited,DayScholar,74,No,40,Pass
46,80,0,9.2,7.8,High,High,Limited,DayScholar,49,No,34,Fail
74,90,8,4.8,5.9,High,Low,Limited,Hosteller,87,Yes,35,Pass
34,89,2,5.5,5.3,Medium,High,Limited,DayScholar,59,No,18,Fail
52,87,2,5.5,6.1,Medium,Low,Limited,DayScholar,21,No,43,Pass
74,75,0,4.1,6.3,High,High,Unlimited,Hosteller,88,Yes,38,Pass
96,69,1,1.7,8.4,Medium,Low,Limited,DayScholar,114,No,45,Pass
40,71,0,5.5,4.4,Low,Medium,Limited,Hosteller,105,No,28,Fail
36,79,1,1.7,4.6,Low,Medium,Limited,DayScholar,105,Yes,19,Fail
74,80,6,0.6,9.6,Low,Medium,Limited,DayScholar,52,No,36,Pass
30,90,8,1.9,7.1,Low,Low,Unlimited,DayScholar,71,Yes,5,Fail
36,64,9,9.0,3.1,Low,Low,Limited,Hosteller,58,No,12,Fail
96,99,2,8.1,8.9,Medium,Low,Limited,Hosteller,51,Yes,76,Pass
87,81,0,9.1,9.5,Low,High,Limited,Hosteller,86,No,58,Pass
66,99,2,0.2,8.2,Medium,Low,Limited,DayScholar,22,No,35,Pass
98,78,2,2.6,3.0,Medium,High,Limited,DayScholar,57,Yes,43,Pass
74,51,1,1.6,7.0,Low,High,Unlimited,Hosteller,54,No,41,Pass
68,96,2,7.5,3.4,Medium,Medium,Limited,Hosteller,87,Yes,41,Pass
84,93,1,7.0,4.3,Medium,High,Limited,DayScholar,77,Yes,55,Pass
73,59,2,0.6,5.2,Medium,Low,Unlimited,Hosteller,44,No,36,Pass
73,52,1,7.5,5.8,Medium,Medium,Limited,Hosteller,13,Yes,37,Pass
91,66,9,2.4,8.0,Low,Medium,Unlimited,Hosteller,70,Yes,37,Pass
67,89,10,8.5,6.0,High,Low,Unlimited,Hosteller,115,No,40,Pass
46,71,0,5.9,5.6,High,Medium,Unlimited,DayScholar,22,No,24,Fail
49,61,0,9.6,7.2,Low,Medium,Limited,DayScholar,28,Yes,30,Fail
99,84,4,5.9,4.6,High,High,Limited,Hosteller,11,No,65,Pass
90,65,6,9.8,3.1,High,Low,Limited,DayScholar,2,No,58,Pass
96,92,1,4.3,5.9,Medium,High,Limited,Hosteller,62,No,51,Pass
53,90,2,9.6,8.2,Low,Medium,Unlimited,DayScholar,74,No,45,Pass
80,67,7,4.1,4.5,High,Low,Limited,Hosteller,76,No,35,Pass
93,62,8,7.9,7.6,High,Low,Unlimited,Hosteller,24,Yes,38,Pass
84,60,9,5.9,6.5,High,Low,Unlimited,Hosteller,28,No,44,Pass
53,80,5,7.8,6.2,Medium,Medium,Unlimited,Hosteller,54,Yes,29,Fail
93,57,4,3.0,6.0,Medium,Medium,Unlimited,DayScholar,91,Yes,42,Pass
74,75,0,3.0,5.1,Low,Low,Unlimited,Hosteller,71,No,60,Pass
40,90,6,7.1,6.1,Low,Medium,Unlimited,Hosteller,85,No,29,Fail
95,55,8,7.3,4.6,Low,High,Limited,Hosteller,107,Yes,46,Pass
100,52,4,7.8,6.8,Low,Medium,Unlimited,DayScholar,2,No,72,Pass
94,95,5,8.8,4.6,Medium,Low,Unlimited,DayScholar,75,No,76,Pass
100,53,9,9.4,4.0,Medium,High,Unlimited,Hosteller,3,No,51,Pass
91,59,3,7.6,9.5,Low,Medium,Limited,DayScholar,48,Yes,48,Pass
47,95,5,5.8,3.6,Medium,Medium,Limited,DayScholar,92,No,26,Fail
100,52,9,1.8,4.0,Medium,Low,Limited,DayScholar,46,Yes,35,Pass
40,77,4,9.6,3.0,High,High,Unlimited,Hosteller,41,No,23,Fail
97,61,9,8.6,7.6,Medium,Low,Unlimited,Hosteller,98,No,61,Pass
100,96,5,8.8,4.4,Medium,Low,Unlimited,DayScholar,27,No,79,Pass
32,83,0,0.6,6.3,Low,Medium,Unlimited,Hosteller,21,Yes,19,Fail
96,59,3,3.1,7.9,Medium,Low,Limited,DayScholar,27,Yes,59,Pass
51,85,0,9.8,9.2,High,Medium,Unlimited,DayScholar,5,No,33,Fail
88,88,4,8.3,6.7,Medium,High,Unlimited,Hosteller,25,No,55,Pass
80,96,0,0.5,4.1,Medium,Low,Unlimited,DayScholar,119,No,57,Pass
85,92,9,7.2,6.9,High,High,Unlimited,DayScholar,65,No,39,Pass
59,57,6,9.5,4.3,Medium,Low,Unlimited,DayScholar,93,No,36,Pass
84,81,1,9.3,8.6,Medium,Medium,Limited,DayScholar,74,No,72,Pass
92,67,9,4.4,8.3,Low,Medium,Limited,DayScholar,32,No,55,Pass
69,70,6,7.5,4.5,Low,Medium,Unlimited,DayScholar,40,Yes,41,Pass
46,85,1,8.8,4.7,High,Low,Limited,Hosteller,54,Yes,34,Fail
67,92,4,0.9,8.9,Low,Medium,Unlimited,Hosteller,47,Yes,41,Pass
80,89,6,8.3,9.0,Medium,Medium,Limited,DayScholar,60,Yes,50,Pass
61,84,2,9.0,7.9,High,High,Limited,DayScholar,84,No,35,Pass
95,100,10,1.1,9.5,Low,Medium,Unlimited,DayScholar,51,No,53,Pass
78,71,4,6.3,3.6,Medium,Low,Unlimited,Hosteller,32,No,49,Pass
97,75,8,2.2,8.9,Low,Medium,Limited,DayScholar,68,No,50,Pass
67,72,1,6.9,9.4,Medium,Medium,Unlimited,Hosteller,19,Yes,40,Pass
44,76,1,9.1,7.9,Medium,High,Unlimited,DayScholar,58,No,39,Pass
85,69,6,8.3,6.6,Low,High,Limited,DayScholar,63,Yes,47,Pass
64,77,1,0.0,6.1,Low,Low,Limited,DayScholar,14,No,47,Pass
65,64,10,9.5,4.0,High,Medium,Limited,DayScholar,2,No,36,Pass
82,82,7,9.6,9.5,Medium,Low,Limited,DayScholar,9,Yes,48,Pass
51,82,1,6.8,8.9,High,High,Unlimited,Hosteller,23,No,34,Fail
31,80,4,5.5,6.8,Low,Medium,Limited,DayScholar,52,No,32,Fail
84,86,8,7.2,4.6,Low,Medium,Unlimited,Hosteller,44,Yes,44,Pass
70,90,5,9.2,4.8,High,Low,Unlimited,DayScholar,95,Yes,38,Pass
97,61,9,7.4,5.8,Low,Low,Limited,Hosteller,8,Yes,49,Pass
88,80,2,8.3,7.1,Medium,Medium,Unlimited,Hosteller,105,Yes,60,Pass
66,96,5,9.7,3.3,Low,High,Limited,Hosteller,117,No,40,Pass
95,66,0,2.3,6.7,Medium,Medium,Unlimited,DayScholar,46,Yes,46,Pass
85,88,0,6.6,3.1,Low,Medium,Unlimited,DayScholar,42,No,64,Pass
30,66,1,9.1,4.6,Low,Medium,Unlimited,Hosteller,120,No,18,Fail
95,69,9,4.3,4.4,Low,High,Unlimited,DayScholar,80,Yes,35,Pass
90,98,6,8.5,4.3,Low,Low,Unlimited,DayScholar,55,No,69,Pass
41,75,5,5.9,8.1,Medium,Low,Unlimited,Hosteller,13,Yes,23,Fail
98,54,4,1.2,3.2,High,Medium,Unlimited,Hosteller,41,No,41,Pass
76,76,6,7.2,5.5,Low,Medium,Unlimited,Hosteller,90,Yes,50,Pass
96,90,9,8.3,6.7,Medium,High,Limited,Hosteller,32,No,57,Pass
99,53,4,2.4,8.9,Low,High,Unlimited,DayScholar,106,Yes,45,Pass
69,88,6,9.3,3.1,Low,Low,Limited,DayScholar,61,No,42,Pass
69,94,1,1.9,8.7,Low,High,Limited,DayScholar,0,No,41,Pass
99,88,2,7.6,7.9,Medium,Medium,Unlimited,DayScholar,62,No,78,Pass
95,94,2,0.9,9.2,Low,Low,Limited,DayScholar,103,No,56,Pass
81,92,6,9.6,6.3,Low,High,Unlimited,DayScholar,63,No,53,Pass
71,59,6,9.7,8.0,Low,Medium,Unlimited,Hosteller,117,No,39,Pass
46,85,1,8.9,7.7,Low,Medium,Unlimited,DayScholar,96,No,36,Pass
91,92,7,3.4,9.2,Low,High,Unlimited,Hosteller,41,No,41,Pass
38,96,0,0.4,7.9,Medium,Low,Unlimited,DayScholar,79,Yes,18,Fail
85,75,3,0.5,4.2,Medium,High,Unlimited,Hosteller,25,No,44,Pass
31,62,2,4.4,6.0,Low,Medium,Limited,Hosteller,113,Yes,11,Fail
36,83,2,6.8,8.3,Low,Medium,Unlimited,Hosteller,10,Yes,27,Fail
86,80,8,4.3,9.8,Low,Low,Unlimited,Hosteller,8,No,52,Pass
63,95,10,2.3,5.4,Low,Low,Limited,DayScholar,49,No,36,Pass
62,84,1,9.4,6.6,Medium,High,Unlimited,DayScholar,76,Yes,38,Pass
86,78,4,7.7,8.0,High,High,Unlimited,DayScholar,32,Yes,41,Pass
60,90,1,9.1,4.7,Low,Low,Limited,Hosteller,7,Yes,48,Pass
38,53,3,8.3,6.5,High,Low,Limited,DayScholar,50,Yes,23,Fail
50,83,1,5.7,7.3,Medium,Medium,Unlimited,DayScholar,40,No,47,Pass
95,71,7,9.2,3.6,Low,Medium,Unlimited,DayScholar,103,Yes,46,Pass
34,88,2,6.0,8.2,Medium,Low,Unlimited,Hosteller,90,Yes,22,Fail
32,91,5,7.2,4.5,High,Medium,Unlimited,Hosteller,37,No,18,Fail
65,55,4,6.6,6.5,Low,Medium,Unlimited,Hosteller,75,No,38,Pass
91,65,4,1.9,7.1,Medium,Low,Unlimited,Hosteller,9,No,48,Pass
74,95,6,3.9,6.7,Medium,High,Limited,DayScholar,52,No,39,Pass
43,97,2,8.4,4.8,Medium,High,Limited,Hosteller,102,No,27,Fail
95,81,6,1.7,3.7,Low,Low,Unlimited,DayScholar,58,No,53,Pass
75,52,0,7.8,6.1,Medium,Medium,Unlimited,Hosteller,80,No,44,Pass
59,94,3,6.4,8.9,High,Medium,Limited,DayScholar,118,No,35,Pass
30,93,4,5.1,4.7,High,Medium,Limited,Hosteller,114,No,14,Fail
62,69,4,8.3,7.0,High,Medium,Limited,DayScholar,0,No,43,Pass
98,63,5,9.1,4.9,Low,High,Limited,Hosteller,104,No,48,Pass
84,88,2,2.6,6.2,Low,High,Limited,Hosteller,15,Yes,48,Pass
92,93,6,7.5,9.0,Medium,Low,Limited,DayScholar,45,No,64,Pass
35,83,6,3.5,4.4,High,High,Limited,DayScholar,42,No,10,Fail
80,65,2,5.8,6.2,High,Medium,Limited,Hosteller,75,Yes,40,Pass
86,99,0,7.6,8.5,Medium,High,Limited,Hosteller,109,No,56,Pass
80,92,2,0.8,8.6,Low,Low,Unlimited,DayScholar,23,Yes,58,Pass
88,68,2,4.2,4.7,Medium,Low,Unlimited,DayScholar,80,Yes,47,Pass
79,61,2,4.2,9.2,High,Low,Limited,DayScholar,87,No,41,Pass
90,82,9,4.8,8.4,Medium,Low,Limited,Hosteller,16,Yes,50,Pass
94,62,1,8.4,6.8,Low,Medium,Unlimited,DayScholar,85,Yes,56,Pass
70,97,9,7.1,3.2,Low,Medium,Limited,DayScholar,88,No,43,Pass
41,94,0,8.2,5.3,High,High,Unlimited,DayScholar,32,No,27,Fail
84,69,6,1.2,9.9,Medium,Low,Limited,Hosteller,65,No,36,Pass
92,75,1,2.8,5.7,Medium,High,Unlimited,DayScholar,12,No,64,Pass
40,52,8,5.0,6.2,Low,Low,Unlimited,DayScholar,28,Yes,16,Fail
99,50,4,0.4,9.7,Low,Medium,Limited,DayScholar,57,No,46,Pass
92,86,4,4.4,4.9,Low,Medium,Unlimited,Hosteller,89,Yes,61,Pass
93,56,3,0.4,7.1,Medium,Low,Unlimited,Hosteller,34,No,45,Pass
98,69,1,2.3,5.2,High,Medium,Limited,DayScholar,105,No,53,Pass
71,92,3,9.2,7.8,Medium,Medium,Unlimited,DayScholar,120,No,56,Pass
88,82,8,6.4,5.0,Low,High,Limited,DayScholar,60,No,54,Pass
65,80,9,4.1,8.2,Low,Low,Limited,DayScholar,89,No,36,Pass
60,91,4,2.2,8.1,Low,Low,Limited,DayScholar,77,No,40,Pass
80,90,6,4.8,5.5,Medium,Low,Unlimited,DayScholar,22,Yes,52,Pass
89,79,0,2.0,4.9,Medium,Low,Limited,DayScholar,97,No,66,Pass
30,74,10,5.1,6.0,Medium,Medium,Limited,Hosteller,51,No,7,Fail
70,72,0,3.2,7.4,Low,High,Limited,Hosteller,18,No,38,Pass
34,95,2,4.8,7.0,Low,Medium,Limited,Hosteller,101,No,21,Fail
100,77,9,0.4,5.7,Medium,Low,Limited,DayScholar,111,Yes,38,Pass
84,71,1,5.4,9.0,High,Low,Limited,DayScholar,107,Yes,42,Pass
32,58,9,5.2,6.0,Medium,Low,Limited,DayScholar,25,Yes,11,Fail
95,85,1,6.4,9.3,High,High,Limited,DayScholar,56,Yes,44,Pass
100,71,4,1.7,4.5,Low,Low,Unlimited,Hosteller,20,Yes,46,Pass
61,77,3,7.0,6.1,High,Low,Limited,Hosteller,107,Yes,35,Pass
41,66,1,2.3,7.6,Medium,High,Unlimited,DayScholar,11,No,17,Fail
77,62,1,1.8,5.9,Low,Medium,Limited,DayScholar,101,No,35,Pass
76,89,0,0.4,3.9,Medium,Low,Unlimited,DayScholar,53,Yes,35,Pass
46,85,0,5.5,5.6,Medium,High,Limited,Hosteller,22,Yes,35,Pass
86,60,10,6.7,7.8,Medium,Medium,Limited,Hosteller,6,Yes,45,Pass
59,67,2,9.4,6.9,Low,High,Unlimited,Hosteller,57,No,34,Fail
59,87,1,7.7,4.3,Medium,Medium,Unlimited,DayScholar,93,No,42,Pass
84,82,7,2.0,4.9,Medium,Medium,Unlimited,Hosteller,28,Yes,40,Pass
50,60,2,8.1,8.3,Low,Medium,Limited,Hosteller,1,No,42,Pass
97,74,5,7.9,9.1,High,Low,Unlimited,Hosteller,7,Yes,41,Pass
36,70,2,9.2,3.8,Low,Low,Limited,DayScholar,36,No,29,Fail
87,83,4,9.4,8.8,Low,High,Unlimited,Hosteller,74,No,66,Pass
90,65,0,9.7,3.3,Medium,Low,Unlimited,Hosteller,57,Yes,62,Pass
47,86,0,6.7,7.6,Low,High,Unlimited,DayScholar,80,Yes,25,Fail
76,75,3,5.3,5.9,Medium,Low,Limited,Hosteller,117,No,52,Pass
95,63,8,9.7,4.4,Medium,Low,Limited,DayScholar,77,Yes,59,Pass
46,99,8,4.0,7.5,Low,Medium,Unlimited,Hosteller,76,No,28,Fail
69,65,2,9.7,9.6,Medium,Low,Limited,Hosteller,65,Yes,37,Pass
83,73,3,8.9,3.3,High,Low,Limited,Hosteller,52,Yes,35,Pass
30,67,7,10.0,5.9,Medium,Medium,Unlimited,DayScholar,23,No,12,Fail
45,85,1,8.0,4.1,High,High,Limited,DayScholar,34,Yes,33,Fail
67,75,1,4.1,9.2,Low,High,Limited,DayScholar,102,Yes,39,Pass
90,66,0,4.5,8.0,Medium,Low,Limited,DayScholar,31,No,59,Pass
56,76,1,4.6,4.8,Medium,High,Limited,DayScholar,38,Yes,34,Fail
47,81,3,0.9,7.2,Medium,Medium,Limited,DayScholar,24,No,24,Fail
98,73,6,4.6,9.6,Low,Medium,Limited,Hosteller,40,Yes,50,Pass
37,81,9,9.8,4.2,Medium,Low,Unlimited,Hosteller,80,Yes,16,Fail
30,65,9,9.6,8.1,Medium,Low,Unlimited,DayScholar,14,No,15,Fail
70,53,6,8.8,8.5,Low,Medium,Limited,Hosteller,31,No,38,Pass
82,85,2,8.5,7.0,Low,High,Unlimited,DayScholar,15,Yes,52,Pass
71,99,2,4.2,9.2,Medium,Low,Limited,Hosteller,53,No,40,Pass
86,63,2,5.4,3.4,Low,Low,Limited,DayScholar,68,Yes,41,Pass
93,77,0,8.2,3.7,Low,High,Limited,DayScholar,75,No,63,Pass
88,98,0,8.3,9.7,Medium,Medium,Limited,Hosteller,58,Yes,67,Pass
86,66,0,2.7,8.7,Medium,High,Limited,Hosteller,99,No,36,Pass
34,68,4,8.0,4.7,Low,Low,Unlimited,DayScholar,20,No,32,Fail
75,87,5,0.9,4.2,Medium,Medium,Limited,DayScholar,36,Yes,40,Pass
50,51,1,4.0,4.4,Low,Low,Unlimited,DayScholar,78,No,33,Fail
95,89,5,6.2,3.8,Low,High,Limited,DayScholar,63,Yes,49,Pass
93,66,8,8.3,8.8,Medium,Medium,Limited,DayScholar,100,Yes,45,Pass
77,96,9,8.3,5.6,Low,Low,Limited,Hosteller,48,Yes,57,Pass
41,88,9,8.8,3.9,Medium,Low,Unlimited,DayScholar,88,No,24,Fail
98,96,1,7.9,7.3,High,Low,Limited,DayScholar,81,No,79,Pass
40,88,0,7.8,9.9,Medium,High,Unlimited,DayScholar,54,Yes,22,Fail
70,80,0,9.4,9.3,Medium,Medium,Limited,Hosteller,60,No,51,Pass
67,93,8,5.5,5.1,Low,High,Limited,DayScholar,38,No,40,Pass
46,90,1,7.6,8.8,Low,Low,Unlimited,Hosteller,22,No,53,Pass
72,79,3,5.2,6.1,Low,High,Unlimited,DayScholar,50,Yes,37,Pass
100,98,6,6.3,8.7,Medium,High,Limited,DayScholar,8,Yes,61,Pass
79,90,7,4.8,5.9,High,High,Limited,Hosteller,70,No,39,Pass
89,51,1,5.1,3.2,Medium,High,Limited,DayScholar,46,No,47,Pass
30,96,4,2.3,6.8,Low,Medium,Unlimited,Hosteller,46,No,23,Fail
88,69,8,6.2,9.8,Low,Medium,Limited,Hosteller,19,No,37,Pass
88,64,8,8.8,4.7,High,Low,Unlimited,DayScholar,22,No,46,Pass
84,77,0,9.4,7.4,Low,Medium,Unlimited,Hosteller,102,Yes,58,Pass
40,79,8,1.8,6.0,Low,Medium,Limited,DayScholar,98,No,21,Fail
99,52,3,0.7,4.5,High,Medium,Limited,Hosteller,71,No,49,Pass
50,52,8,9.7,7.7,Medium,Low,Unlimited,DayScholar,12,Yes,32,Fail
92,98,4,7.7,7.7,Low,Low,Unlimited,DayScholar,67,No,68,Pass
81,97,6,8.4,9.4,Low,High,Limited,DayScholar,32,No,44,Pass
40,80,10,1.5,6.6,Medium,Low,Limited,Hosteller,4,No,17,Fail
69,100,3,4.2,7.4,Medium,High,Unlimited,DayScholar,103,Yes,36,Pass
94,63,5,5.6,8.8,Medium,High,Unlimited,DayScholar,6,No,47,Pass
85,91,7,2.2,3.7,Medium,High,Unlimited,Hosteller,59,No,36,Pass
54,83,1,1.4,7.4,Medium,Medium,Unlimited,DayScholar,32,Yes,34,Fail
69,69,1,4.0,9.6,Low,Medium,Limited,DayScholar,103,No,42,Pass
83,76,1,4.0,4.0,Low,Medium,Limited,DayScholar,37,Yes,60,Pass
96,70,3,0.5,9.5,High,Low,Unlimited,Hosteller,42,Yes,38,Pass
36,66,2,5.5,3.4,Medium,Low,Limited,Hosteller,22,Yes,15,Fail
60,62,8,9.7,4.5,Medium,Low,Limited,DayScholar,104,No,37,Pass
31,85,9,6.6,3.9,High,Low,Unlimited,DayScholar,15,No,15,Fail
100,86,7,8.6,7.1,High,Low,Limited,DayScholar,28,No,71,Pass
82,50,4,8.3,5.8,Medium,Low,Unlimited,Hosteller,37,No,61,Pass
78,52,1,3.5,5.2,Low,Low,Limited,Hosteller,100,No,43,Pass
43,94,1,5.7,4.9,Medium,Low,Limited,Hosteller,6,No,33,Fail
79,89,10,5.2,5.2,Medium,Medium,Limited,Hosteller,84,No,42,Pass
66,99,2,3.7,3.5,Low,Medium,Unlimited,DayScholar,80,No,43,Pass
67,65,1,1.2,4.1,High,Low,Limited,DayScholar,13,No,37,Pass
66,91,0,9.3,5.6,Low,Low,Unlimited,DayScholar,75,No,57,Pass
83,76,10,4.0,5.0,Low,Medium,Limited,Hosteller,82,Yes,38,Pass
99,85,3,9.1,9.4,Medium,High,Limited,Hosteller,65,No,66,Pass
84,76,10,6.4,3.7,Low,Medium,Limited,Hosteller,51,No,47,Pass
83,82,2,5.3,5.0,High,High,Unlimited,DayScholar,31,Yes,43,Pass
98,79,7,2.3,7.6,Medium,Medium,Limited,DayScholar,107,Yes,43,Pass
32,69,4,7.0,6.1,Medium,Medium,Unlimited,Hosteller,48,Yes,10,Fail
49,80,4,9.9,4.2,Medium,High,Limited,Hosteller,80,No,28,Fail
59,91,9,9.8,5.8,Medium,Medium,Limited,DayScholar,44,No,44,Pass
36,91,1,1.6,4.2,High,Medium,Limited,Hosteller,67,Yes,12,Fail
55,85,1,9.0,6.4,High,Medium,Unlimited,DayScholar,106,Yes,34,Fail
88,78,4,3.3,8.9,Low,High,Unlimited,Hosteller,105,No,46,Pass
93,83,6,6.0,7.1,Medium,High,Unlimited,DayScholar,101,Yes,51,Pass
48,95,3,2.8,6.7,Low,Low,Unlimited,Hosteller,69,No,30,Fail
62,55,2,9.5,7.5,Low,Medium,Limited,DayScholar,112,No,43,Pass
93,88,7,7.1,8.5,Medium,Medium,Limited,DayScholar,41,No,65,Pass
50,78,6,7.8,7.1,Medium,High,Limited,DayScholar,1,No,35,Pass
54,93,5,3.5,8.3,Low,High,Unlimited,Hosteller,22,No,34,Fail
52,97,5,6.0,5.3,Low,Low,Unlimited,Hosteller,71,No,35,Pass
54,99,0,7.9,8.4,Medium,High,Unlimited,DayScholar,69,No,38,Pass
51,58,3,7.6,7.7,Low,Low,Unlimited,Hosteller,106,Yes,34,Fail
30,85,1,6.0,6.9,High,Medium,Limited,DayScholar,112,Yes,19,Fail
83,64,6,9.6,8.5,Medium,Low,Limited,Hosteller,86,Yes,39,Pass
89,86,10,5.7,8.6,High,Medium,Limited,DayScholar,21,Yes,49,Pass
38,100,1,8.4,4.5,High,Medium,Limited,DayScholar,57,Yes,23,Fail
98,68,3,8.8,8.2,Low,High,Unlimited,DayScholar,17,No,67,Pass
99,65,9,2.2,8.7,Low,High,Unlimited,DayScholar,94,No,36,Pass
55,74,0,5.0,8.9,Medium,Low,Unlimited,DayScholar,9,Yes,34,Fail
81,98,2,7.8,9.9,Medium,Medium,Limited,Hosteller,65,Yes,47,Pass
90,62,8,9.6,4.3,Low,High,Limited,DayScholar,93,No,49,Pass
67,52,6,5.1,6.6,Low,Low,Limited,DayScholar,81,Yes,35,Pass
60,79,9,8.9,7.8,Low,Low,Limited,DayScholar,78,Yes,43,Pass
60,86,4,8.9,4.1,Low,Low,Unlimited,DayScholar,25,Yes,51,Pass
93,77,3,1.1,8.8,Medium,Low,Limited,Hosteller,110,Yes,41,Pass
82,89,5,2.2,9.6,Medium,Low,Limited,Hosteller,84,Yes,39,Pass
72,97,1,8.3,8.4,Low,High,Unlimited,Hosteller,57,Yes,44,Pass
96,99,2,7.2,8.2,Low,High,Limited,DayScholar,107,No,69,Pass
90,84,0,0.5,6.0,High,Medium,Unlimited,DayScholar,100,No,42,Pass
84,81,4,2.2,9.8,High,Medium,Limited,DayScholar,60,No,35,Pass
64,62,4,4.5,7.7,Low,High,Limited,DayScholar,12,No,38,Pass
92,50,2,7.4,8.2,Low,Medium,Limited,Hosteller,28,Yes,65,Pass
37,85,5,8.2,4.3,Low,High,Limited,Hosteller,2,Yes,28,Fail
81,67,9,9.8,7.4,Medium,Medium,Limited,DayScholar,46,No,52,Pass
42,63,1,1.2,4.9,Medium,Medium,Unlimited,Hosteller,4,No,17,Fail
40,83,7,0.8,5.1,Low,Medium,Limited,Hosteller,34,Yes,15,Fail
51,79,0,5.3,8.7,Low,High,Unlimited,Hosteller,75,No,39,Pass
92,64,3,6.8,4.8,High,Low,Unlimited,DayScholar,69,Yes,36,Pass
53,72,4,8.2,9.8,Low,Low,Limited,DayScholar,117,No,31,Fail
86,69,4,3.6,8.6,Medium,High,Limited,Hosteller,47,No,35,Pass
98,97,7,3.8,5.4,Medium,High,Limited,Hosteller,91,No,44,Pass
40,57,0,8.9,4.7,High,Low,Unlimited,DayScholar,85,No,22,Fail
83,96,8,8.7,5.2,Low,Medium,Limited,DayScholar,36,No,56,Pass
74,62,5,7.4,6.4,Medium,Medium,Unlimited,Hosteller,77,Yes,36,Pass
70,76,3,9.8,5.5,High,Low,Limited,Hosteller,66,No,53,Pass
86,90,10,3.1,5.1,Low,Low,Limited,Hosteller,78,Yes,48,Pass
57,78,0,6.4,5.4,High,High,Limited,Hosteller,1,No,42,Pass
73,86,6,4.6,7.2,Medium,Low,Unlimited,Hosteller,86,No,45,Pass
46,59,7,5.1,4.0,Low,Low,Unlimited,DayScholar,65,Yes,21,Fail
76,83,3,5.3,4.5,Medium,Low,Unlimited,Hosteller,51,Yes,41,Pass
38,80,5,7.5,9.4,Medium,High,Unlimited,Hosteller,34,No,16,Fail
46,53,1,8.6,9.9,Medium,Medium,Unlimited,DayScholar,97,No,30,Fail
99,58,10,2.1,9.3,Low,High,Unlimited,DayScholar,50,Yes,38,Pass
93,77,10,1.8,7.6,Low,Low,Limited,DayScholar,70,No,49,Pass
32,72,0,8.4,4.2,Low,Medium,Unlimited,DayScholar,118,No,28,Fail
82,54,2,9.3,9.5,Medium,Low,Unlimited,Hosteller,100,Yes,41,Pass
54,80,10,8.4,6.0,Low,Low,Limited,Hosteller,53,No,33,Fail
79,54,4,8.3,6.8,Low,High,Unlimited,Hosteller,100,No,46,Pass
88,91,3,2.5,6.9,High,Medium,Unlimited,Hosteller,51,No,51,Pass
39,91,0,1.8,3.4,High,Low,Unlimited,DayScholar,20,No,15,Fail
47,79,5,5.1,6.3,Low,Medium,Limited,Hosteller,46,Yes,27,Fail
92,100,7,1.4,9.6,Medium,Medium,Limited,Hosteller,58,Yes,43,Pass
82,54,9,7.6,4.4,Medium,High,Unlimited,DayScholar,6,No,42,Pass
35,94,6,7.2,8.2,High,Low,Unlimited,DayScholar,110,Yes,11,Fail
92,56,2,5.9,5.3,Medium,Low,Limited,DayScholar,59,No,55,Pass
94,88,9,9.7,4.7,Medium,Medium,Unlimited,DayScholar,117,No,66,Pass
77,70,6,9.9,9.2,Low,Low,Limited,DayScholar,59,Yes,46,Pass
86,52,2,2.4,9.0,High,Low,Limited,Hosteller,115,Yes,40,Pass
72,76,1,8.5,7.1,Medium,Low,Limited,DayScholar,53,No,57,Pass
48,84,6,5.8,8.6,Medium,Low,Limited,DayScholar,63,No,27,Fail
95,67,6,3.1,6.8,Low,Low,Unlimited,DayScholar,95,Yes,39,Pass
91,50,2,8.6,9.0,Medium,High,Unlimited,Hosteller,13,No,48,Pass
93,74,1,5.7,9.2,Low,High,Limited,Hosteller,11,Yes,50,Pass
93,87,6,3.2,9.7,Low,Medium,Limited,Hosteller,15,No,60,Pass
38,76,3,3.9,6.5,Low,Medium,Limited,Hosteller,17,No,23,Fail
100,50,7,5.8,5.6,High,Low,Limited,Hosteller,87,No,41,Pass
79,68,2,3.7,6.0,Low,Medium,Unlimited,Hosteller,78,Yes,40,Pass
42,96,4,8.4,4.0,Low,High,Limited,DayScholar,6,Yes,22,Fail
100,86,10,2.8,5.1,High,Medium,Limited,Hosteller,60,No,53,Pass
80,65,1,9.5,9.0,High,High,Unlimited,DayScholar,111,No,49,Pass
84,77,3,6.7,5.7,Medium,High,Limited,DayScholar,9,No,63,Pass
75,59,8,8.5,5.2,High,Low,Limited,Hosteller,46,No,36,Pass
74,83,3,7.6,4.6,Low,Medium,Limited,Hosteller,117,No,52,Pass
100,72,1,1.1,9.1,Medium,High,Limited,DayScholar,31,Yes,36,Pass
31,82,7,8.4,4.0,Low,Low,Limited,Hosteller,103,No,21,Fail
66,68,0,6.3,7.9,Low,Medium,Limited,Hosteller,10,No,39,Pass
87,97,10,3.8,7.4,Medium,Medium,Limited,DayScholar,15,Yes,50,Pass
96,68,9,0.7,5.0,Low,Medium,Unlimited,Hosteller,23,Yes,39,Pass
61,77,2,6.7,4.2,Low,Medium,Limited,Hosteller,55,Yes,51,Pass
33,96,0,3.4,6.7,Low,Low,Limited,Hosteller,74,Yes,21,Fail
61,77,5,7.6,9.2,Low,Medium,Unlimited,DayScholar,8,No,39,Pass
50,63,1,2.8,6.1,Low,Low,Unlimited,Hosteller,4,No,30,Fail
76,95,8,8.3,6.0,Low,High,Limited,DayScholar,113,Yes,48,Pass
82,94,7,4.9,6.7,Low,Low,Unlimited,Hosteller,72,No,55,Pass
84,93,8,7.3,6.8,High,High,Limited,DayScholar,27,Yes,39,Pass
81,77,9,4.3,4.6,High,Medium,Limited,DayScholar,90,No,35,Pass
35,94,1,5.1,6.8,Low,High,Unlimited,DayScholar,102,Yes,12,Fail
85,91,3,7.8,3.6,High,High,Limited,Hosteller,4,Yes,47,Pass
84,82,0,2.1,8.2,Low,High,Unlimited,DayScholar,89,No,56,Pass
38,97,1,8.4,7.6,High,Medium,Unlimited,DayScholar,110,No,21,Fail
90,58,4,7.4,5.7,High,Medium,Unlimited,DayScholar,14,No,43,Pass
97,77,3,5.7,9.3,High,High,Limited,DayScholar,84,Yes,51,Pass
80,85,8,5.0,4.8,High,Low,Limited,Hosteller,73,No,49,Pass
94,91,2,4.8,3.4,Medium,Low,Limited,DayScholar,6,No,73,Pass
37,57,5,7.6,7.3,Low,High,Unlimited,Hosteller,32,No,14,Fail
92,55,7,6.3,4.9,Low,Medium,Unlimited,Hosteller,99,No,50,Pass
99,82,4,1.7,5.7,High,Medium,Unlimited,DayScholar,21,No,59,Pass
52,87,0,9.0,7.0,Low,High,Unlimited,DayScholar,69,No,44,Pass
74,88,0,8.1,7.8,High,High,Limited,DayScholar,11,Yes,47,Pass
34,97,1,1.3,4.5,Medium,High,Limited,DayScholar,4,No,13,Fail
96,82,8,4.9,4.3,Medium,Medium,Unlimited,Hosteller,42,Yes,58,Pass
95,99,4,3.2,4.4,Low,High,Unlimited,DayScholar,69,Yes,58,Pass
91,74,0,1.6,7.0,Low,Medium,Limited,Hosteller,20,Yes,55,Pass
92,82,2,5.1,6.8,Low,High,Unlimited,DayScholar,5,No,67,Pass
59,92,3,5.2,4.9,Medium,Medium,Limited,Hosteller,29,No,43,Pass
48,54,4,2.3,7.9,Low,Low,Unlimited,DayScholar,30,Yes,25,Fail
90,82,6,9.2,5.2,Low,Medium,Unlimited,DayScholar,23,Yes,62,Pass
95,91,7,0.2,6.8,Low,High,Limited,DayScholar,19,Yes,53,Pass
85,92,1,5.6,5.3,Medium,Medium,Limited,Hosteller,30,Yes,52,Pass
62,98,5,8.2,5.8,Medium,High,Unlimited,Hosteller,102,Yes,36,Pass
34,94,6,1.6,6.7,Low,Low,Limited,Hosteller,81,Yes,9,Fail
97,85,3,2.4,9.8,Low,High,Limited,DayScholar,21,Yes,52,Pass
69,83,10,7.6,6.4,Medium,Low,Unlimited,DayScholar,1,No,55,Pass
83,88,8,3.7,8.1,Low,Low,Limited,DayScholar,5,No,49,Pass
99,58,6,2.4,6.9,Low,Medium,Unlimited,Hosteller,86,Yes,37,Pass
36,79,3,9.1,9.3,Low,High,Limited,Hosteller,79,No,16,Fail
92,90,2,6.2,3.7,Low,High,Unlimited,DayScholar,104,Yes,45,Pass
30,90,0,9.9,6.1,Medium,High,Limited,Hosteller,60,No,33,Fail
90,94,0,4.1,9.1,Low,Medium,Limited,Hosteller,25,Yes,56,Pass
100,88,0,7.9,6.6,Medium,Medium,Unlimited,DayScholar,74,No,79,Pass
89,93,2,9.7,4.7,High,Low,Limited,Hosteller,57,Yes,62,Pass
96,88,0,0.5,6.1,Medium,Medium,Limited,DayScholar,113,No,58,Pass
95,94,2,6.0,4.6,Medium,Medium,Unlimited,Hosteller,32,No,76,Pass
100,55,2,7.0,4.4,Medium,Medium,Unlimited,Hosteller,56,Yes,65,Pass
38,89,8,3.3,6.1,Medium,Low,Unlimited,DayScholar,25,No,18,Fail
80,70,0,7.6,8.6,Low,Medium,Limited,DayScholar,89,Yes,55,Pass
79,78,2,3.3,6.0,Medium,Medium,Limited,DayScholar,53,No,45,Pass
39,78,2,8.9,8.3,Low,Medium,Limited,Hosteller,72,No,28,Fail
96,80,2,6.3,3.3,Medium,Medium,Limited,DayScholar,83,No,56,Pass
78,82,8,9.4,8.5,High,Low,Unlimited,DayScholar,81,No,53,Pass
97,68,2,8.6,9.4,Medium,Medium,Limited,Hosteller,8,Yes,61,Pass
98,89,3,7.8,3.9,Medium,Medium,Limited,Hosteller,16,No,76,Pass
99,88,0,1.4,7.4,Low,Medium,Limited,DayScholar,104,Yes,54,Pass
86,65,6,6.5,7.8,High,Low,Unlimited,Hosteller,3,No,42,Pass
67,91,6,6.7,3.0,Low,Medium,Unlimited,Hosteller,64,No,43,Pass
32,60,4,5.2,7.5,Medium,Medium,Unlimited,Hosteller,92,Yes,7,Fail
97,54,0,0.8,6.8,Medium,Medium,Unlimited,Hosteller,8,Yes,54,Pass
46,100,6,7.3,7.5,Low,Medium,Limited,DayScholar,116,Yes,25,Fail
85,95,8,7.5,7.9,Medium,High,Unlimited,DayScholar,109,No,53,Pass
90,95,4,6.0,5.0,Low,Medium,Unlimited,DayScholar,51,No,59,Pass
98,74,8,9.7,9.6,Medium,Low,Unlimited,DayScholar,2,No,52,Pass
83,50,5,7.1,5.9,Medium,Medium,Unlimited,DayScholar,25,Yes,47,Pass
79,85,6,9.8,6.8,High,High,Limited,Hosteller,15,Yes,48,Pass
78,81,4,5.6,7.7,Low,High,Limited,DayScholar,75,No,50,Pass
78,84,0,5.5,8.9,Medium,Low,Unlimited,Hosteller,106,No,53,Pass
92,54,6,5.6,3.4,Medium,High,Unlimited,DayScholar,40,Yes,35,Pass
34,85,3,3.5,4.2,Low,High,Unlimited,Hosteller,7,Yes,15,Fail
84,53,8,6.5,7.5,Low,Low,Limited,DayScholar,23,Yes,44,Pass
31,71,2,9.8,8.6,Medium,Low,Limited,Hosteller,33,No,21,Fail
95,70,0,7.0,9.2,Low,Low,Limited,Hosteller,94,Yes,53,Pass
72,62,6,0.2,4.3,Low,Low,Limited,DayScholar,47,No,36,Pass
79,72,6,1.7,6.5,High,Low,Limited,Hosteller,19,No,39,Pass
56,50,6,8.9,5.4,Low,Low,Limited,Hosteller,107,Yes,31,Fail
100,53,3,8.4,4.6,High,Medium,Unlimited,DayScholar,27,Yes,56,Pass
77,86,4,6.1,5.9,Medium,Medium,Unlimited,DayScholar,101,Yes,48,Pass
89,88,5,9.0,8.6,Low,High,Unlimited,DayScholar,37,Yes,62,Pass
86,88,2,0.9,5.4,Medium,Medium,Unlimited,DayScholar,32,No,53,Pass
91,93,10,8.0,5.7,Low,High,Limited,Hosteller,16,No,50,Pass
35,80,4,10.0,3.9,High,Medium,Limited,Hosteller,115,No,12,Fail
52,79,1,6.2,5.4,Low,High,Unlimited,DayScholar,37,No,45,Pass
87,70,1,1.1,8.6,Low,Low,Unlimited,Hosteller,81,No,39,Pass
93,97,4,9.4,5.8,Medium,High,Limited,DayScholar,65,Yes,50,Pass
90,51,0,7.1,5.6,Medium,High,Unlimited,DayScholar,6,No,53,Pass
47,83,5,8.3,4.5,High,High,Limited,Hosteller,12,Yes,24,Fail
95,93,1,6.2,9.8,Low,High,Limited,DayScholar,82,Yes,61,Pass
60,95,0,2.6,7.9,High,Low,Unlimited,DayScholar,28,Yes,37,Pass
81,67,8,6.3,5.6,Low,Low,Limited,DayScholar,24,Yes,41,Pass
86,59,6,3.4,5.9,Low,Low,Limited,DayScholar,68,No,40,Pass
77,90,5,4.8,5.9,High,Medium,Limited,DayScholar,13,No,40,Pass
98,79,4,6.4,9.8,High,Medium,Unlimited,DayScholar,80,Yes,43,Pass
97,56,6,3.1,3.3,Low,High,Unlimited,DayScholar,7,No,45,Pass
99,56,9,8.0,5.9,High,Low,Limited,Hosteller,39,Yes,40,Pass
47,62,7,7.7,7.5,Low,Medium,Limited,DayScholar,12,No,25,Fail
67,83,4,8.8,6.0,High,Medium,Unlimited,DayScholar,45,Yes,40,Pass
99,52,4,3.1,4.9,Low,Low,Limited,Hosteller,10,No,63,Pass
93,54,4,9.7,4.0,High,High,Unlimited,DayScholar,21,Yes,52,Pass
39,78,3,1.0,5.0,Medium,Low,Unlimited,DayScholar,16,No,31,Fail
50,86,8,6.6,9.4,Low,Low,Unlimited,DayScholar,114,Yes,26,Fail
59,76,2,8.1,9.4,Low,High,Limited,DayScholar,111,No,38,Pass
98,77,9,1.4,8.6,High,Low,Limited,Hosteller,102,No,51,Pass
90,58,2,1.0,3.3,High,Low,Limited,Hosteller,9,No,44,Pass
78,68,2,5.3,5.1,High,Medium,Limited,Hosteller,21,No,47,Pass
76,76,8,7.1,9.4,Medium,Medium,Unlimited,Hosteller,113,Yes,35,Pass
76,77,1,9.4,8.5,Low,High,Unlimited,Hosteller,71,Yes,50,Pass
43,80,0,9.0,7.4,Medium,Low,Limited,DayScholar,44,Yes,42,Pass
34,99,8,4.7,6.5,High,Low,Limited,DayScholar,27,Yes,11,Fail
99,63,1,0.5,7.2,Medium,Medium,Limited,DayScholar,49,No,52,Pass
88,97,3,7.9,7.3,Medium,High,Limited,Hosteller,105,Yes,57,Pass
75,79,9,4.5,6.5,Medium,Low,Limited,DayScholar,105,Yes,38,Pass
91,84,1,9.9,8.1,High,High,Limited,Hosteller,25,Yes,66,Pass
80,96,2,3.9,8.3,High,Medium,Limited,DayScholar,15,No,47,Pass
92,60,0,7.1,7.9,Low,High,Limited,DayScholar,73,Yes,45,Pass
95,67,1,6.7,9.6,Medium,Low,Unlimited,DayScholar,84,Yes,59,Pass
79,82,5,7.8,5.3,Low,Medium,Unlimited,DayScholar,45,Yes,61,Pass
59,86,5,9.2,8.0,Medium,High,Limited,Hosteller,103,Yes,37,Pass
98,56,9,8.9,6.0,Medium,Medium,Limited,DayScholar,77,No,54,Pass
68,73,1,6.2,4.8,Medium,Low,Limited,DayScholar,60,No,37,Pass
98,84,1,9.9,4.8,High,High,Unlimited,Hosteller,3,No,70,Pass
89,54,4,1.5,5.6,Low,Low,Unlimited,Hosteller,78,Yes,41,Pass
73,67,2,9.8,8.7,Medium,High,Unlimited,Hosteller,119,Yes,37,Pass
93,75,8,8.8,7.5,Medium,High,Limited,DayScholar,41,No,57,Pass
56,85,5,8.5,9.3,Low,High,Limited,DayScholar,39,No,42,Pass
53,92,8,9.7,8.3,Medium,Medium,Limited,DayScholar,42,No,39,Pass
79,50,8,5.5,5.4,Medium,Medium,Limited,Hosteller,71,No,35,Pass
97,66,1,3.9,4.7,Medium,High,Unlimited,DayScholar,60,Yes,53,Pass
92,83,8,5.7,3.9,Low,Low,Unlimited,Hosteller,64,Yes,51,Pass
80,60,7,7.0,4.1,Medium,Low,Limited,DayScholar,52,No,48,Pass
88,77,6,9.0,3.8,High,Medium,Unlimited,Hosteller,88,Yes,46,Pass
46,98,0,8.3,5.4,Low,High,Unlimited,Hosteller,5,Yes,31,Fail
84,88,6,5.0,7.8,Medium,High,Unlimited,DayScholar,39,Yes,49,Pass
35,96,4,5.7,6.3,Medium,Medium,Unlimited,Hosteller,15,Yes,26,Fail
88,60,6,8.7,7.1,Low,Low,Limited,Hosteller,106,Yes,57,Pass
98,95,5,2.0,7.8,Low,Low,Limited,Hosteller,35,Yes,63,Pass
93,76,7,8.4,3.3,Low,Medium,Unlimited,DayScholar,80,No,62,Pass
76,97,7,5.1,4.2,Medium,Medium,Limited,Hosteller,103,No,37,Pass
76,89,5,10.0,5.6,High,Medium,Limited,DayScholar,56,Yes,50,Pass
31,58,2,6.0,6.1,Low,Low,Unlimited,Hosteller,78,No,8,Fail
41,91,0,8.1,5.3,Medium,Low,Limited,Hosteller,11,Yes,32,Fail
72,90,4,8.9,4.8,High,Low,Unlimited,Hosteller,111,Yes,47,Pass
72,87,1,7.0,6.7,Low,Medium,Unlimited,Hosteller,112,Yes,45,Pass
46,92,4,9.9,7.7,High,Medium,Unlimited,Hosteller,42,No,33,Fail
95,97,7,8.5,7.2,High,Low,Unlimited,Hosteller,63,No,58,Pass
30,63,6,7.3,4.6,Low,Low,Unlimited,Hosteller,36,No,10,Fail
54,55,1,9.1,5.2,Low,Medium,Unlimited,DayScholar,51,Yes,36,Pass
79,53,2,3.9,8.2,Medium,Low,Unlimited,Hosteller,19,No,41,Pass
32,93,1,5.6,6.5,Medium,High,Unlimited,Hosteller,24,Yes,9,Fail
69,97,6,8.8,9.9,Medium,Low,Limited,DayScholar,23,No,58,Pass
92,69,4,3.0,5.3,High,Low,Unlimited,DayScholar,36,No,35,Pass
51,78,5,8.8,8.2,Low,High,Unlimited,DayScholar,1,No,35,Pass
72,80,0,1.5,6.9,Medium,Medium,Unlimited,Hosteller,31,Yes,48,Pass
80,61,1,7.5,4.5,Medium,High,Unlimited,Hosteller,2,No,49,Pass
55,53,0,4.1,3.1,Medium,Low,Unlimited,Hosteller,47,No,30,Fail
86,54,6,9.9,5.6,Low,Medium,Limited,DayScholar,24,No,64,Pass
98,77,6,6.3,3.0,Medium,Low,Unlimited,DayScholar,71,Yes,60,Pass
61,97,6,9.6,4.9,High,Low,Limited,Hosteller,6,Yes,42,Pass
44,87,1,6.3,8.8,Low,Medium,Limited,Hosteller,105,Yes,27,Fail
55,88,4,8.2,5.0,High,Low,Limited,Hosteller,33,No,40,Pass
45,53,0,8.5,7.4,Low,High,Limited,DayScholar,65,No,35,Pass
86,96,2,0.5,6.7,Low,High,Unlimited,DayScholar,74,Yes,37,Pass
98,99,5,7.5,6.8,Medium,Low,Unlimited,Hosteller,58,No,79,Pass
68,81,2,8.3,4.5,High,Low,Unlimited,Hosteller,44,No,43,Pass
88,80,10,2.1,8.1,Low,Medium,Unlimited,Hosteller,63,Yes,41,Pass
100,82,8,7.8,3.4,Medium,Medium,Unlimited,DayScholar,80,Yes,51,Pass
88,70,8,5.9,9.5,Low,High,Limited,Hosteller,32,No,36,Pass
76,93,10,7.8,8.0,Low,Medium,Unlimited,Hosteller,42,Yes,44,Pass
81,98,1,1.6,5.5,Low,High,Unlimited,Hosteller,8,Yes,50,Pass
97,75,9,2.5,4.9,High,High,Unlimited,Hosteller,77,No,37,Pass
90,97,3,9.4,3.9,Medium,High,Unlimited,Hosteller,110,No,57,Pass
85,80,9,3.8,3.3,High,Medium,Unlimited,Hosteller,62,No,38,Pass
35,96,4,4.6,8.6,Medium,Low,Unlimited,DayScholar,50,No,17,Fail
36,60,2,9.5,9.8,Medium,Low,Limited,Hosteller,15,Yes,21,Fail
91,73,9,7.0,8.2,Medium,High,Unlimited,DayScholar,3,No,50,Pass
85,77,3,4.3,4.7,Low,Medium,Limited,DayScholar,2,No,71,Pass
95,75,4,4.3,7.1,Medium,High,Limited,Hosteller,114,No,54,Pass
78,97,2,8.5,4.5,Low,Medium,Limited,Hosteller,19,Yes,63,Pass
58,60,4,8.2,8.4,Low,Low,Limited,Hosteller,3,Yes,36,Pass
77,98,8,3.0,7.7,High,Low,Limited,Hosteller,33,No,42,Pass
95,77,10,6.0,8.0,Low,Medium,Limited,DayScholar,16,Yes,54,Pass
93,75,8,5.4,8.1,Medium,Medium,Limited,DayScholar,48,No,66,Pass
43,58,4,7.9,8.1,Low,Low,Limited,DayScholar,54,No,24,Fail
37,83,6,4.4,7.2,Low,Low,Unlimited,Hosteller,36,Yes,17,Fail
54,100,8,8.6,5.8,Medium,High,Unlimited,DayScholar,61,No,34,Fail
72,97,5,3.0,8.4,Low,Medium,Limited,Hosteller,68,No,42,Pass
66,79,0,9.2,4.9,Low,Medium,Unlimited,Hosteller,15,Yes,65,Pass
32,85,4,1.4,8.7,Low,High,Limited,DayScholar,8,Yes,12,Fail
88,56,9,8.0,9.0,Medium,Medium,Limited,DayScholar,119,No,51,Pass
75,87,0,8.2,6.0,Medium,High,Unlimited,DayScholar,50,No,54,Pass
95,69,4,4.6,6.4,Low,Medium,Limited,DayScholar,42,No,54,Pass
34,79,5,3.1,4.5,High,Medium,Unlimited,Hosteller,44,Yes,9,Fail
98,73,2,3.5,4.5,High,Low,Unlimited,DayScholar,111,Yes,46,Pass
74,88,10,6.2,4.7,Low,Medium,Unlimited,Hosteller,82,Yes,36,Pass
37,95,7,7.6,8.1,High,Low,Limited,DayScholar,68,No,22,Fail
44,82,0,2.6,6.0,Low,Low,Unlimited,DayScholar,119,Yes,34,Fail
51,61,2,3.3,6.9,Medium,Medium,Unlimited,Hosteller,78,No,26,Fail
99,84,6,2.6,9.8,High,Medium,Unlimited,DayScholar,79,No,52,Pass
46,84,2,8.0,3.9,Medium,High,Limited,DayScholar,77,Yes,22,Fail
100,95,8,4.9,9.4,Low,Medium,Unlimited,DayScholar,100,No,54,Pass
53,79,2,8.2,4.4,High,Low,Limited,Hosteller,17,No,48,Pass
40,75,8,8.8,7.9,High,Low,Unlimited,DayScholar,13,No,29,Fail
90,93,8,0.1,6.1,High,High,Limited,Hosteller,33,No,38,Pass
94,64,0,3.2,6.8,Medium,Medium,Limited,DayScholar,24,No,56,Pass
95,77,6,9.9,7.2,Medium,High,Unlimited,Hosteller,118,Yes,60,Pass
87,96,3,5.1,9.6,High,Medium,Limited,DayScholar,112,Yes,49,Pass
95,95,5,2.4,7.5,High,Medium,Limited,Hosteller,117,No,52,Pass
47,94,8,8.9,5.2,High,High,Unlimited,DayScholar,20,No,22,Fail
85,61,8,8.8,8.7,Low,High,Limited,Hosteller,6,No,49,Pass
62,89,9,4.7,6.0,Low,Medium,Limited,DayScholar,40,No,43,Pass
90,52,4,9.1,4.5,Medium,Low,Limited,Hosteller,35,No,60,Pass
87,72,0,3.5,9.4,Medium,Medium,Unlimited,Hosteller,81,Yes,38,Pass
74,57,0,8.7,8.1,Medium,Low,Unlimited,DayScholar,71,Yes,50,Pass
91,80,7,4.2,9.0,Low,Medium,Limited,DayScholar,40,No,55,Pass
33,100,7,6.3,9.2,High,Medium,Limited,DayScholar,84,No,9,Fail
80,61,6,8.2,4.9,Medium,Medium,Unlimited,Hosteller,87,No,45,Pass
77,98,1,7.2,4.8,High,Low,Unlimited,Hosteller,114,No,56,Pass
78,79,6,0.1,4.7,Low,Medium,Unlimited,DayScholar,59,No,50,Pass
70,93,5,4.6,7.7,Medium,Low,Limited,Hosteller,93,Yes,45,Pass
34,93,2,2.2,4.4,Medium,High,Unlimited,DayScholar,45,Yes,16,Fail
75,63,2,7.6,5.0,Low,Low,Unlimited,DayScholar,80,Yes,42,Pass
40,95,6,7.8,4.6,Medium,High,Limited,Hosteller,118,Yes,21,Fail
45,100,9,9.9,8.9,High,High,Limited,DayScholar,39,No,28,Fail
62,71,0,9.7,6.9,Medium,Medium,Limited,DayScholar,1,No,54,Pass
40,71,7,9.1,5.3,Low,Medium,Limited,Hosteller,52,Yes,24,Fail
81,88,10,5.2,3.0,Medium,Medium,Limited,Hosteller,48,Yes,43,Pass
88,99,8,5.3,6.9,High,Medium,Unlimited,DayScholar,14,No,56,Pass
32,56,5,5.9,4.8,Medium,Medium,Unlimited,DayScholar,14,No,17,Fail
70,53,7,7.4,3.2,Low,Low,Limited,DayScholar,55,Yes,38,Pass
85,69,4,3.6,7.2,Low,High,Limited,Hosteller,48,No,39,Pass
78,93,10,3.0,7.3,Low,Medium,Limited,DayScholar,43,No,46,Pass
94,52,6,7.8,7.0,Medium,High,Unlimited,DayScholar,20,Yes,44,Pass
99,58,1,7.9,9.1,Low,Low,Limited,DayScholar,50,Yes,68,Pass
89,93,9,4.6,8.8,High,Low,Limited,DayScholar,80,Yes,50,Pass
69,66,5,4.6,6.5,Medium,Medium,Unlimited,Hosteller,8,No,42,Pass
30,98,0,2.0,6.6,Low,Medium,Unlimited,Hosteller,113,No,21,Fail
100,64,3,2.7,8.1,High,Low,Unlimited,Hosteller,44,Yes,49,Pass
59,100,0,6.5,8.6,Low,Medium,Unlimited,Hosteller,36,Yes,49,Pass
52,89,1,9.8,3.2,Low,Medium,Limited,Hosteller,64,No,45,Pass
98,92,8,3.7,9.0,Medium,Medium,Limited,DayScholar,32,Yes,56,Pass
41,96,9,9.5,6.5,High,Medium,Limited,DayScholar,46,No,18,Fail
61,83,0,8.5,9.3,Low,Low,Limited,DayScholar,77,Yes,46,Pass
35,69,0,9.3,6.2,High,Low,Limited,DayScholar,79,Yes,25,Fail
96,81,9,9.4,4.6,Medium,Medium,Unlimited,Hosteller,34,Yes,52,Pass
76,62,4,2.3,3.1,Low,High,Limited,Hosteller,8,No,36,Pass
89,63,5,8.2,8.8,High,Low,Unlimited,DayScholar,91,No,54,Pass
30,56,4,9.3,8.6,Low,High,Unlimited,DayScholar,70,Yes,6,Fail
89,98,5,6.4,6.3,Medium,Low,Unlimited,DayScholar,66,Yes,48,Pass
92,74,0,6.5,3.3,High,Low,Unlimited,Hosteller,48,No,47,Pass
63,51,8,7.9,7.3,Low,Medium,Unlimited,Hosteller,115,No,38,Pass
72,92,4,9.9,6.0,Medium,Low,Unlimited,DayScholar,55,No,69,Pass
100,67,3,6.1,8.4,High,Medium,Unlimited,DayScholar,107,Yes,48,Pass
40,83,6,8.4,8.7,Low,Low,Limited,DayScholar,97,Yes,29,Fail
74,99,5,3.8,4.2,Medium,Medium,Unlimited,Hosteller,105,Yes,37,Pass
91,88,9,9.5,3.6,High,Medium,Unlimited,Hosteller,111,No,41,Pass
94,73,0,5.7,8.3,Medium,Low,Limited,Hosteller,67,Yes,53,Pass
80,96,7,4.9,7.7,Medium,High,Unlimited,DayScholar,22,No,46,Pass
75,93,2,8.7,3.1,High,Low,Limited,DayScholar,58,No,58,Pass
30,81,9,9.7,9.0,Medium,Low,Unlimited,Hosteller,10,Yes,20,Fail
32,97,4,5.2,4.8,Low,High,Unlimited,Hosteller,107,No,11,Fail
70,88,7,5.7,9.4,Medium,Medium,Unlimited,DayScholar,9,No,39,Pass
32,97,6,8.6,5.7,High,Low,Unlimited,DayScholar,101,Yes,7,Fail
50,100,10,6.2,4.8,Medium,Medium,Unlimited,Hosteller,41,Yes,27,Fail
99,59,3,4.7,9.0,Medium,High,Unlimited,Hosteller,116,Yes,43,Pass
86,93,10,8.4,7.1,High,Low,Unlimited,DayScholar,76,Yes,44,Pass
73,72,3,7.9,9.7,Medium,Low,Limited,Hosteller,106,Yes,42,Pass
55,89,0,7.5,3.1,Low,High,Limited,DayScholar,97,Yes,38,Pass
90,100,9,1.6,9.5,Medium,Medium,Unlimited,Hosteller,68,Yes,36,Pass
82,61,4,9.9,3.1,Low,Medium,Limited,DayScholar,62,No,44,Pass
99,63,6,5.6,4.7,Medium,High,Unlimited,Hosteller,32,Yes,44,Pass
89,68,4,8.9,5.4,High,Low,Limited,Hosteller,84,No,52,Pass
76,93,5,1.7,7.5,Low,Medium,Limited,Hosteller,0,No,40,Pass
32,68,1,3.3,4.4,Medium,High,Limited,DayScholar,22,No,13,Fail
93,98,5,3.4,6.9,High,Medium,Limited,DayScholar,23,Yes,44,Pass
89,86,1,1.4,4.6,High,Low,Limited,Hosteller,120,Yes,42,Pass
83,70,8,8.6,5.7,Medium,Low,Unlimited,Hosteller,66,No,47,Pass
89,53,4,7.6,9.9,Medium,High,Limited,DayScholar,38,Yes,41,Pass
93,94,3,6.3,4.0,High,High,Unlimited,DayScholar,46,Yes,46,Pass
77,59,0,6.5,9.9,Medium,Medium,Unlimited,DayScholar,101,No,44,Pass
86,77,1,8.1,6.9,High,Medium,Unlimited,DayScholar,35,Yes,58,Pass
87,71,2,7.3,4.7,High,High,Unlimited,Hosteller,77,No,45,Pass
87,59,10,7.5,5.4,Medium,Low,Limited,Hosteller,109,No,40,Pass
88,77,6,2.9,7.7,Low,Medium,Unlimited,DayScholar,27,Yes,45,Pass
91,82,0,1.5,5.8,High,High,Limited,Hosteller,55,No,47,Pass
98,96,1,5.4,4.9,High,High,Unlimited,Hosteller,69,Yes,47,Pass
86,83,4,6.2,9.9,High,Medium,Unlimited,DayScholar,103,Yes,40,Pass
73,50,6,2.2,4.3,Low,Low,Unlimited,DayScholar,20,No,41,Pass
81,90,2,4.2,6.2,Medium,Low,Limited,Hosteller,16,No,63,Pass
39,59,3,6.2,7.1,High,Low,Limited,DayScholar,89,No,16,Fail
49,85,0,9.4,6.4,High,Medium,Unlimited,Hosteller,22,Yes,41,Pass
80,77,4,6.4,3.9,Medium,Low,Unlimited,DayScholar,104,Yes,41,Pass
35,64,2,4.4,4.9,Low,High,Limited,DayScholar,19,No,17,Fail
89,90,1,9.2,6.5,Medium,Low,Limited,DayScholar,10,Yes,68,Pass
44,90,5,2.8,7.3,Low,Low,Unlimited,DayScholar,38,Yes,26,Fail
72,87,6,7.4,7.7,Low,Low,Limited,DayScholar,28,No,64,Pass
97,100,3,5.0,9.4,Medium,Medium,Unlimited,DayScholar,116,Yes,59,Pass
63,89,5,7.4,8.6,Medium,Medium,Limited,DayScholar,21,No,42,Pass
46,80,1,9.7,6.8,Medium,Low,Unlimited,Hosteller,57,Yes,48,Pass
66,90,4,2.9,5.2,High,Low,Limited,DayScholar,17,Yes,38,Pass
90,94,6,3.0,7.8,Low,High,Unlimited,DayScholar,45,Yes,55,Pass
70,94,1,9.8,7.2,High,Medium,Limited,DayScholar,16,No,58,Pass
38,73,8,4.4,4.7,Low,Low,Limited,Hosteller,10,No,15,Fail
58,81,5,2.3,7.9,Medium,Medium,Limited,DayScholar,73,No,36,Pass
93,76,4,2.0,6.0,Medium,Low,Limited,DayScholar,90,No,65,Pass
90,69,3,2.7,9.0,Low,Medium,Unlimited,Hosteller,111,Yes,35,Pass
60,76,6,3.5,6.4,Low,Medium,Limited,DayScholar,82,Yes,35,Pass
95,62,0,3.8,4.3,High,Low,Limited,Hosteller,4,No,55,Pass
69,51,7,8.1,4.5,Low,High,Limited,DayScholar,3,Yes,40,Pass
73,95,4,7.5,6.1,High,Medium,Limited,Hosteller,44,No,53,Pass
99,85,8,8.2,8.9,Low,Medium,Unlimited,Hosteller,19,No,65,Pass
87,97,10,0.5,5.4,Low,Low,Limited,DayScholar,60,No,43,Pass
99,76,0,6.6,3.0,Medium,High,Unlimited,DayScholar,17,No,75,Pass
35,92,2,5.2,7.0,Medium,High,Unlimited,DayScholar,45,Yes,15,Fail
80,77,1,9.0,4.4,High,High,Limited,Hosteller,3,Yes,58,Pass
44,82,4,6.7,8.9,Low,Medium,Limited,DayScholar,24,Yes,34,Fail
99,85,8,6.2,3.8,High,Medium,Unlimited,DayScholar,93,Yes,51,Pass
98,92,6,0.9,7.2,Low,High,Limited,Hosteller,22,No,57,Pass
70,76,6,7.7,6.7,Medium,Medium,Limited,Hosteller,29,No,58,Pass
88,64,5,4.7,3.5,Medium,Medium,Unlimited,DayScholar,11,No,52,Pass
89,85,8,8.5,5.6,Low,High,Limited,DayScholar,65,Yes,59,Pass
96,66,2,1.5,5.6,Medium,High,Limited,Hosteller,11,Yes,48,Pass
32,85,3,3.5,3.7,High,Low,Limited,DayScholar,21,No,21,Fail
95,97,6,9.3,3.1,High,High,Unlimited,Hosteller,45,No,44,Pass
73,73,9,7.1,7.7,High,Medium,Limited,Hosteller,2,No,35,Pass
66,76,5,5.0,9.4,Low,High,Unlimited,Hosteller,10,No,36,Pass
41,98,9,6.5,6.1,High,Low,Limited,Hosteller,3,No,25,Fail
87,82,8,8.0,8.8,Low,Medium,Unlimited,Hosteller,30,No,70,Pass
94,78,8,3.1,3.6,Low,Low,Unlimited,DayScholar,2,No,62,Pass
92,96,9,2.6,7.3,Medium,Medium,Limited,DayScholar,41,No,54,Pass
31,90,5,6.8,6.4,Low,High,Unlimited,DayScholar,64,No,12,Fail
82,67,6,9.8,8.2,High,Medium,Unlimited,DayScholar,32,Yes,48,Pass
98,71,3,7.5,4.3,Low,High,Limited,Hosteller,114,Yes,59,Pass
89,96,9,9.6,8.9,High,Medium,Unlimited,DayScholar,4,Yes,47,Pass
96,82,0,6.2,4.7,High,Low,Limited,Hosteller,87,No,68,Pass
80,83,9,9.8,5.0,High,Low,Limited,DayScholar,92,Yes,40,Pass
93,82,4,1.3,8.6,High,Low,Unlimited,DayScholar,106,Yes,43,Pass
98,62,7,8.0,3.3,Medium,High,Limited,Hosteller,2,No,42,Pass
91,94,9,4.1,4.9,High,Medium,Limited,DayScholar,58,Yes,40,Pass
96,58,5,4.5,3.3,Medium,Low,Unlimited,DayScholar,54,No,53,Pass
97,75,1,9.2,9.5,Medium,Low,Limited,Hosteller,60,Yes,73,Pass
39,57,1,7.7,8.8,Low,High,Unlimited,Hosteller,52,No,22,Fail
69,96,1,7.9,5.5,High,Low,Limited,DayScholar,75,No,45,Pass
69,51,2,6.3,3.5,Medium,Medium,Limited,Hosteller,15,No,44,Pass
84,55,8,4.1,5.2,Medium,Medium,Unlimited,DayScholar,114,No,41,Pass
86,86,3,1.3,5.2,Low,Medium,Limited,Hosteller,69,Yes,45,Pass
76,83,2,7.0,5.9,Low,Medium,Unlimited,DayScholar,93,No,54,Pass
77,69,10,9.1,9.4,High,Medium,Limited,DayScholar,111,No,35,Pass
64,96,2,5.2,6.3,Low,Low,Unlimited,Hosteller,45,Yes,48,Pass
46,81,8,8.9,8.6,Medium,Low,Limited,DayScholar,112,Yes,31,Fail
81,65,0,2.4,7.6,Medium,Low,Limited,Hosteller,20,Yes,41,Pass
100,84,0,5.7,6.7,Medium,Medium,Unlimited,DayScholar,43,No,84,Pass
30,81,7,3.1,6.0,Low,Low,Unlimited,Hosteller,0,No,24,Fail
95,89,5,5.2,7.9,Low,High,Unlimited,Hosteller,112,Yes,59,Pass
71,81,7,5.7,6.0,Medium,Medium,Unlimited,Hosteller,36,Yes,45,Pass
61,96,5,6.3,5.6,Low,Low,Unlimited,Hosteller,54,No,49,Pass
69,73,0,4.0,4.7,High,Medium,Unlimited,DayScholar,4,Yes,38,Pass
96,76,5,7.1,8.6,Medium,Medium,Limited,Hosteller,110,Yes,53,Pass
54,86,3,2.3,6.4,Low,Low,Limited,DayScholar,10,Yes,35,Pass
80,56,8,8.1,7.6,Low,High,Limited,Hosteller,21,No,42,Pass
91,98,10,8.4,4.2,High,Medium,Unlimited,Hosteller,110,Yes,40,Pass
90,52,10,6.2,5.3,High,Low,Unlimited,DayScholar,116,No,43,Pass
68,77,4,9.8,5.6,Low,Medium,Limited,Hosteller,106,No,53,Pass
36,84,5,5.3,8.3,Medium,Medium,Unlimited,DayScholar,10,Yes,13,Fail
47,73,3,4.1,10.0,Medium,Medium,Limited,Hosteller,34,No,22,Fail
71,94,5,3.5,3.1,Low,Low,Limited,Hosteller,30,No,42,Pass
98,62,4,5.2,4.6,High,Low,Unlimited,Hosteller,1,Yes,46,Pass
77,81,3,0.9,7.6,Medium,Medium,Limited,DayScholar,7,Yes,50,Pass
85,80,3,5.9,7.5,Low,High,Limited,DayScholar,83,Yes,56,Pass
70,82,4,6.8,8.1,High,Medium,Unlimited,Hosteller,0,Yes,45,Pass
99,72,6,0.9,4.7,Medium,Low,Unlimited,DayScholar,64,Yes,35,Pass
92,80,8,4.9,8.7,Medium,High,Unlimited,Hosteller,17,No,48,Pass
88,81,1,3.0,6.1,Medium,Low,Unlimited,DayScholar,64,No,66,Pass
96,73,0,9.5,9.2,Medium,Medium,Limited,Hosteller,119,Yes,63,Pass
52,93,1,1.6,9.5,Low,Medium,Limited,DayScholar,22,No,33,Fail
71,70,4,8.7,3.9,Medium,Medium,Limited,Hosteller,58,Yes,41,Pass
60,76,5,4.1,8.0,Medium,Low,Unlimited,Hosteller,22,Yes,39,Pass
71,87,3,9.4,5.6,High,High,Limited,Hosteller,45,No,46,Pass
33,64,4,8.6,6.0,High,Medium,Limited,DayScholar,20,No,19,Fail
97,85,0,3.6,9.0,Low,Medium,Limited,Hosteller,26,No,78,Pass
49,84,0,8.0,6.9,Low,Medium,Unlimited,Hosteller,52,No,53,Pass
54,71,1,6.8,4.4,Medium,Low,Unlimited,DayScholar,79,No,39,Pass
55,100,1,9.9,8.6,Low,Medium,Unlimited,Hosteller,72,No,48,Pass
55,96,7,7.0,8.4,Medium,Medium,Unlimited,DayScholar,37,Yes,39,Pass
92,74,7,2.5,7.9,High,Medium,Unlimited,DayScholar,69,No,35,Pass
30,90,4,9.5,9.2,Low,Low,Unlimited,Hosteller,63,Yes,24,Fail
100,100,5,9.7,4.4,Low,Low,Limited,DayScholar,33,No,75,Pass
41,98,3,9.2,4.1,High,High,Limited,DayScholar,105,Yes,19,Fail
51,55,0,7.6,8.6,Medium,Low,Limited,Hosteller,72,No,28,Fail
100,93,5,4.3,8.1,High,High,Limited,Hosteller,39,Yes,50,Pass
97,55,6,1.7,4.9,Low,High,Unlimited,DayScholar,56,No,37,Pass
57,77,5,7.9,6.8,Medium,Low,Limited,DayScholar,109,Yes,38,Pass
94,78,4,5.2,6.8,Low,High,Unlimited,Hosteller,55,No,62,Pass
67,60,3,4.9,8.8,Low,Low,Unlimited,DayScholar,116,No,36,Pass
48,68,3,9.4,4.9,High,High,Limited,DayScholar,103,No,26,Fail
76,88,10,9.6,7.2,High,Medium,Unlimited,Hosteller,48,No,49,Pass
82,75,7,8.5,8.1,High,High,Unlimited,DayScholar,22,Yes,43,Pass
89,97,9,4.5,6.3,Medium,High,Unlimited,Hosteller,3,Yes,44,Pass
38,98,7,8.6,6.8,Medium,High,Limited,Hosteller,109,No,14,Fail
39,78,7,8.3,3.7,Medium,Low,Limited,Hosteller,22,Yes,24,Fail
71,58,1,9.5,7.1,High,High,Unlimited,Hosteller,120,Yes,35,Pass
96,79,10,9.9,4.7,Medium,Low,Unlimited,DayScholar,0,Yes,68,Pass
75,93,0,2.9,9.9,High,Low,Limited,DayScholar,79,No,38,Pass
40,82,1,6.0,3.7,High,Medium,Unlimited,DayScholar,50,No,16,Fail
98,66,4,8.8,6.8,Medium,Medium,Unlimited,Hosteller,94,Yes,48,Pass
62,76,6,2.9,7.4,Low,Medium,Limited,DayScholar,49,No,38,Pass
99,71,5,7.2,8.0,Low,Medium,Unlimited,DayScholar,107,No,57,Pass
70,93,2,3.5,5.0,Medium,High,Limited,Hosteller,97,Yes,35,Pass
37,81,7,6.4,8.3,High,Medium,Limited,DayScholar,12,Yes,20,Fail
88,80,6,6.3,9.2,High,Low,Unlimited,Hosteller,117,No,41,Pass
30,78,6,6.8,7.8,Low,Low,Limited,DayScholar,114,Yes,21,Fail
82,99,9,10.0,4.2,Low,Low,Limited,DayScholar,32,Yes,56,Pass
99,67,8,9.4,5.9,Low,High,Limited,DayScholar,111,Yes,48,Pass
81,99,6,3.9,5.5,Medium,Medium,Limited,DayScholar,100,No,40,Pass
71,64,2,8.2,9.9,High,Medium,Unlimited,Hosteller,49,No,41,Pass
68,99,2,6.0,9.3,Low,Medium,Limited,Hosteller,20,Yes,44,Pass
65,82,4,7.9,9.4,Medium,Medium,Unlimited,DayScholar,3,No,55,Pass
84,79,5,7.2,8.9,High,Medium,Limited,Hosteller,117,Yes,38,Pass
94,99,7,7.8,6.0,High,High,Unlimited,Hosteller,61,No,47,Pass
97,75,7,9.9,5.9,Medium,High,Unlimited,Hosteller,14,Yes,61,Pass
80,51,0,5.7,9.0,Medium,Low,Limited,DayScholar,22,No,56,Pass
62,97,7,8.4,5.7,Medium,Low,Limited,Hosteller,52,No,44,Pass
66,93,6,9.9,8.6,High,High,Limited,DayScholar,30,Yes,36,Pass
87,76,10,7.1,5.8,High,Low,Limited,Hosteller,80,No,51,Pass
88,55,2,6.3,3.1,Medium,Low,Limited,DayScholar,18,No,61,Pass
45,92,0,0.5,7.6,Medium,Low,Limited,Hosteller,74,No,27,Fail
89,95,2,0.6,6.9,Medium,Medium,Unlimited,DayScholar,76,Yes,52,Pass
87,51,6,7.2,4.0,Low,Medium,Unlimited,DayScholar,22,No,57,Pass
46,97,2,3.3,6.7,Low,High,Limited,Hosteller,6,Yes,21,Fail
85,81,8,8.6,8.2,Low,Medium,Limited,DayScholar,52,No,54,Pass
64,97,5,6.3,9.0,Medium,Medium,Unlimited,DayScholar,59,Yes,36,Pass
37,92,6,2.5,6.9,Low,Medium,Unlimited,DayScholar,21,No,27,Fail
99,77,2,2.6,9.3,Low,Low,Limited,Hosteller,49,Yes,65,Pass
40,68,2,7.6,5.2,Medium,Medium,Limited,DayScholar,63,No,15,Fail
100,63,9,5.5,4.0,High,Low,Limited,DayScholar,98,No,38,Pass
44,80,3,5.3,5.9,Low,High,Limited,Hosteller,30,No,33,Fail
99,64,7,5.9,5.6,Low,Medium,Unlimited,Hosteller,59,No,54,Pass
63,82,2,8.7,5.8,High,High,Limited,DayScholar,96,Yes,35,Pass
99,55,3,2.7,9.8,Medium,Medium,Limited,DayScholar,53,Yes,51,Pass
91,82,2,9.6,4.7,High,Medium,Limited,DayScholar,42,No,65,Pass
31,100,6,7.8,9.0,High,Low,Unlimited,Hosteller,78,Yes,15,Fail
93,78,3,9.1,9.6,High,Medium,Unlimited,Hosteller,30,Yes,55,Pass
83,64,1,8.4,3.3,Low,Low,Limited,Hosteller,69,No,54,Pass
54,77,2,5.9,6.5,Low,Medium,Limited,DayScholar,37,No,48,Pass
56,79,3,9.0,6.1,Medium,Low,Limited,DayScholar,108,Yes,38,Pass
100,70,0,2.4,9.9,Low,Low,Unlimited,DayScholar,45,Yes,56,Pass
77,77,10,6.0,5.9,Low,Medium,Limited,DayScholar,80,Yes,45,Pass
78,61,8,8.2,4.8,Medium,High,Unlimited,DayScholar,37,No,40,Pass
80,74,2,7.2,9.1,Low,Low,Unlimited,Hosteller,49,Yes,52,Pass
84,81,5,4.1,7.6,Medium,Low,Unlimited,Hosteller,53,No,46,Pass
62,62,6,8.2,4.1,Low,Low,Unlimited,Hosteller,36,No,41,Pass
63,52,1,4.8,5.0,Low,Low,Limited,Hosteller,110,Yes,38,Pass
93,58,8,4.6,5.0,Medium,Low,Unlimited,DayScholar,90,No,39,Pass
38,98,2,2.6,8.0,Low,Medium,Unlimited,Hosteller,17,Yes,23,Fail
81,84,1,6.6,7.0,Medium,Medium,Unlimited,Hosteller,56,Yes,63,Pass
62,65,3,6.3,9.1,Low,Medium,Unlimited,Hosteller,73,No,37,Pass
52,81,9,9.5,6.7,High,Medium,Limited,Hosteller,28,Yes,31,Fail
32,70,2,9.4,5.8,High,Low,Limited,DayScholar,94,No,13,Fail
63,95,4,8.9,9.6,Medium,Low,Unlimited,DayScholar,25,No,44,Pass
99,99,0,3.5,4.8,High,High,Unlimited,Hosteller,112,Yes,53,Pass
82,90,0,8.9,9.4,High,High,Limited,Hosteller,34,Yes,47,Pass
95,85,1,5.8,4.9,Low,High,Limited,Hosteller,120,No,71,Pass
43,67,2,8.0,6.5,Low,Medium,Limited,Hosteller,58,Yes,23,Fail
76,99,8,9.9,7.1,High,High,Limited,Hosteller,106,No,42,Pass
80,77,0,0.6,6.0,High,Medium,Unlimited,Hosteller,76,No,37,Pass
76,71,0,3.5,5.2,High,High,Limited,Hosteller,101,No,35,Pass
95,59,7,5.0,7.6,Low,Low,Limited,Hosteller,62,No,43,Pass
51,92,0,9.6,8.8,Low,Low,Limited,DayScholar,6,Yes,44,Pass
54,63,1,6.6,7.8,Medium,Medium,Unlimited,DayScholar,21,No,33,Fail
73,90,0,4.6,4.0,Low,Low,Unlimited,Hosteller,55,Yes,45,Pass
88,96,9,8.1,7.5,Medium,Medium,Unlimited,DayScholar,37,No,63,Pass
77,72,10,9.3,7.1,Medium,Low,Limited,Hosteller,114,Yes,39,Pass
31,50,3,7.4,5.0,Medium,Low,Limited,Hosteller,67,No,11,Fail
39,84,4,10.0,9.8,Low,Medium,Unlimited,Hosteller,44,No,24,Fail
91,78,1,5.2,7.0,Medium,Low,Limited,DayScholar,5,No,77,Pass
52,98,4,6.9,5.3,Low,High,Unlimited,Hosteller,114,No,32,Fail
90,68,2,5.1,5.6,High,Medium,Unlimited,Hosteller,81,No,41,Pass
72,92,4,9.0,9.8,High,Low,Limited,Hosteller,53,Yes,46,Pass
59,78,5,6.1,7.0,Medium,Low,Unlimited,DayScholar,62,Yes,39,Pass
49,79,0,9.0,8.5,Medium,Medium,Unlimited,Hosteller,108,No,36,Pass
38,55,2,3.5,4.7,Low,Medium,Unlimited,DayScholar,77,Yes,13,Fail
97,100,7,2.0,8.0,Medium,Low,Unlimited,Hosteller,27,Yes,48,Pass
98,84,8,7.7,4.7,Low,Medium,Limited,DayScholar,17,No,75,Pass
95,99,5,2.3,7.7,Medium,Low,Limited,Hosteller,48,No,57,Pass
82,90,10,9.2,3.3,Medium,Low,Unlimited,DayScholar,49,No,46,Pass
86,84,0,7.4,4.7,Low,Low,Unlimited,DayScholar,6,Yes,65,Pass
90,59,3,3.2,6.5,High,Medium,Unlimited,DayScholar,63,Yes,39,Pass
98,86,4,2.4,6.5,Medium,Medium,Limited,DayScholar,98,No,64,Pass
75,83,1,9.0,5.7,Medium,High,Unlimited,Hosteller,7,No,57,Pass
94,50,3,7.5,4.1,Low,Medium,Limited,Hosteller,71,Yes,49,Pass
32,93,1,9.3,4.9,Low,Medium,Limited,DayScholar,60,Yes,26,Fail
98,82,6,9.1,9.1,Low,High,Unlimited,Hosteller,87,Yes,51,Pass
89,75,7,7.1,4.5,Low,Medium,Unlimited,Hosteller,110,No,56,Pass
96,72,2,7.0,9.0,High,High,Limited,Hosteller,95,No,55,Pass
78,76,8,2.2,7.9,Low,Low,Limited,DayScholar,26,No,46,Pass
92,55,1,7.8,3.4,High,Low,Unlimited,DayScholar,12,Yes,57,Pass
98,100,5,5.9,6.7,Low,High,Unlimited,DayScholar,12,Yes,55,Pass
93,53,5,5.5,8.8,Medium,Medium,Limited,Hosteller,117,Yes,49,Pass
84,100,1,1.2,5.6,High,Medium,Unlimited,DayScholar,35,Yes,40,Pass
64,88,7,3.9,4.9,Medium,Medium,Unlimited,DayScholar,113,No,42,Pass
94,69,0,5.0,6.4,High,High,Limited,DayScholar,108,Yes,47,Pass
70,73,1,4.1,9.9,Medium,Low,Unlimited,DayScholar,54,No,38,Pass
92,71,0,4.1,6.0,High,High,Unlimited,DayScholar,74,No,42,Pass
78,90,0,7.3,3.4,Medium,High,Unlimited,Hosteller,14,Yes,42,Pass
92,97,8,1.9,4.3,Low,Medium,Unlimited,DayScholar,98,No,51,Pass
79,95,4,7.8,4.6,High,Low,Unlimited,Hosteller,50,Yes,45,Pass
85,66,6,6.9,5.5,Medium,Low,Limited,Hosteller,27,Yes,44,Pass
98,54,4,7.9,9.7,Low,Medium,Unlimited,DayScholar,1,Yes,60,Pass
35,60,2,8.1,6.5,High,Low,Limited,DayScholar,0,Yes,22,Fail
85,88,1,9.8,3.9,Medium,Medium,Limited,DayScholar,91,Yes,60,Pass
49,95,2,2.4,4.4,Low,Low,Limited,DayScholar,11,No,31,Fail
88,84,7,2.0,7.5,Low,Medium,Limited,DayScholar,73,No,42,Pass
90,57,1,6.9,3.6,Low,Low,Unlimited,DayScholar,115,No,64,Pass
44,88,4,5.2,8.4,Low,Low,Limited,DayScholar,101,Yes,25,Fail
90,55,2,4.1,5.8,High,Low,Limited,DayScholar,5,Yes,42,Pass
39,89,7,7.9,3.9,High,Low,Limited,Hosteller,30,Yes,19,Fail
100,76,6,9.7,4.8,Low,Medium,Unlimited,Hosteller,50,Yes,76,Pass
90,76,0,6.2,5.5,Medium,Medium,Unlimited,Hosteller,115,No,62,Pass
95,75,6,3.2,5.1,Low,High,Unlimited,Hosteller,18,Yes,49,Pass
32,59,7,9.4,4.7,High,High,Unlimited,Hosteller,27,No,9,Fail
92,84,3,5.9,5.9,Medium,Low,Unlimited,DayScholar,2,Yes,61,Pass
92,65,10,4.0,5.9,Medium,Low,Unlimited,DayScholar,76,No,35,Pass
67,96,10,9.9,4.0,Low,Medium,Limited,Hosteller,6,Yes,43,Pass
68,66,3,5.8,4.0,High,Low,Limited,Hosteller,109,No,38,Pass
90,51,6,7.2,8.7,Medium,Low,Limited,Hosteller,12,No,61,Pass
37,51,6,6.1,6.5,Medium,Medium,Unlimited,DayScholar,61,No,13,Fail
88,84,3,0.4,6.4,Low,Low,Limited,Hosteller,70,Yes,49,Pass
81,57,3,1.5,7.1,Low,Medium,Unlimited,Hosteller,15,Yes,44,Pass
31,99,2,8.8,9.9,High,Low,Limited,Hosteller,24,No,18,Fail
93,75,1,5.1,9.6,Medium,Low,Unlimited,DayScholar,49,Yes,61,Pass
56,77,0,6.8,8.0,Medium,High,Unlimited,DayScholar,56,Yes,42,Pass
99,70,9,4.9,7.0,Low,Low,Limited,DayScholar,2,No,60,Pass
48,56,2,9.4,6.5,Low,Medium,Unlimited,Hosteller,49,Yes,23,Fail
66,94,4,6.9,5.3,Medium,High,Unlimited,DayScholar,109,No,36,Pass
50,95,2,0.8,4.6,Low,Medium,Limited,DayScholar,70,Yes,28,Fail
87,73,10,8.6,7.0,Medium,Low,Unlimited,Hosteller,52,Yes,49,Pass
76,72,0,1.8,7.8,Low,Low,Limited,Hosteller,110,Yes,44,Pass
71,93,5,9.5,7.0,Medium,High,Limited,DayScholar,119,Yes,46,Pass
94,52,4,3.2,9.2,Low,High,Limited,DayScholar,113,Yes,38,Pass
82,57,3,4.3,8.3,Low,Medium,Unlimited,Hosteller,101,No,47,Pass
97,55,3,6.1,3.9,High,Medium,Unlimited,Hosteller,4,No,45,Pass
86,95,4,1.7,3.8,Low,Low,Limited,DayScholar,35,Yes,48,Pass
43,55,4,7.0,5.2,Medium,High,Limited,DayScholar,8,No,26,Fail
56,86,2,7.3,7.1,Medium,Medium,Unlimited,Hosteller,30,Yes,42,Pass
100,78,0,0.1,4.6,Low,Medium,Limited,DayScholar,1,No,77,Pass
48,84,10,9.1,8.1,Medium,Low,Limited,DayScholar,63,Yes,32,Fail
100,87,6,9.4,3.2,Medium,Medium,Unlimited,DayScholar,56,Yes,61,Pass
32,82,1,8.5,4.1,High,Low,Unlimited,DayScholar,74,No,23,Fail
82,70,0,7.1,9.6,Medium,Medium,Limited,Hosteller,100,No,45,Pass
71,65,7,6.4,7.3,Medium,Low,Limited,Hosteller,120,Yes,35,Pass
65,87,10,9.0,8.5,Medium,Medium,Unlimited,DayScholar,68,No,38,Pass
89,94,0,8.5,3.8,Medium,Medium,Limited,DayScholar,13,Yes,64,Pass
85,94,9,9.4,9.0,Low,Medium,Limited,DayScholar,94,Yes,56,Pass
92,79,10,9.0,6.7,High,High,Unlimited,Hosteller,101,No,49,Pass
47,92,5,9.3,3.3,Medium,Medium,Limited,DayScholar,112,No,24,Fail
53,99,0,6.8,9.6,Medium,High,Unlimited,DayScholar,87,No,37,Pass
77,83,0,8.2,3.8,High,High,Unlimited,Hosteller,0,No,48,Pass
31,53,6,8.8,4.0,High,Low,Limited,Hosteller,42,No,16,Fail
52,85,8,9.3,4.8,Medium,Medium,Limited,DayScholar,115,Yes,35,Pass
80,74,4,9.1,5.8,High,High,Unlimited,DayScholar,52,No,41,Pass
77,76,0,4.1,9.2,Medium,Medium,Limited,DayScholar,24,No,61,Pass
97,79,9,3.4,5.7,Medium,Medium,Limited,DayScholar,6,No,53,Pass
52,83,4,5.3,8.9,Medium,Medium,Limited,DayScholar,25,Yes,27,Fail
51,97,7,5.9,6.9,Low,Low,Unlimited,Hosteller,6,No,31,Fail
56,61,9,7.5,5.8,Low,Low,Limited,Hosteller,9,No,31,Fail
34,69,0,9.7,5.6,High,High,Limited,Hosteller,7,No,17,Fail
46,68,1,7.7,3.7,Low,Medium,Limited,DayScholar,16,No,31,Fail
37,50,0,6.5,7.4,Low,Low,Limited,Hosteller,70,Yes,15,Fail
46,74,0,4.9,8.0,Low,Low,Unlimited,DayScholar,10,No,26,Fail
41,66,5,9.3,3.1,Low,Low,Limited,DayScholar,19,No,27,Fail
79,95,5,9.4,9.8,Low,Low,Unlimited,Hosteller,95,No,53,Pass
32,83,5,7.7,6.3,High,Medium,Unlimited,Hosteller,78,Yes,7,Fail
85,65,2,7.7,9.7,Low,Medium,Limited,Hosteller,44,Yes,51,Pass
90,88,10,7.1,6.2,High,Low,Limited,DayScholar,117,Yes,48,Pass
63,93,4,7.8,4.6,Low,High,Limited,DayScholar,103,No,45,Pass
54,98,3,4.1,7.4,High,Low,Limited,Hosteller,80,No,36,Pass
62,79,5,9.8,8.8,Low,High,Unlimited,Hosteller,99,No,44,Pass
75,92,3,3.4,3.1,Medium,High,Unlimited,DayScholar,37,No,43,Pass
40,97,7,6.4,3.4,Medium,Low,Limited,Hosteller,26,Yes,25,Fail
93,100,4,8.9,4.7,High,Low,Unlimited,DayScholar,103,Yes,50,Pass
99,95,7,9.3,3.6,High,High,Unlimited,DayScholar,43,Yes,52,Pass
99,85,5,4.2,8.7,Low,High,Limited,DayScholar,108,No,65,Pass
97,85,4,3.4,4.7,High,Medium,Limited,Hosteller,7,No,60,Pass
100,74,1,8.1,5.5,High,Low,Unlimited,Hosteller,103,Yes,61,Pass
91,69,0,6.7,7.5,High,Medium,Unlimited,DayScholar,11,Yes,58,Pass
78,87,7,6.5,5.6,High,Medium,Unlimited,Hosteller,5,Yes,40,Pass
92,56,5,6.4,7.3,Medium,Low,Limited,DayScholar,106,No,61,Pass
31,66,1,0.5,8.1,Medium,Low,Unlimited,Hosteller,51,No,7,Fail
42,68,3,9.0,3.9,High,Low,Unlimited,DayScholar,29,No,18,Fail
33,59,5,4.9,8.6,Medium,Low,Limited,Hosteller,63,Yes,10,Fail
84,61,4,8.3,9.3,Low,Medium,Unlimited,DayScholar,8,Yes,43,Pass
34,90,1,0.5,7.4,High,Low,Unlimited,DayScholar,72,No,12,Fail
81,70,3,7.8,7.6,Medium,Medium,Unlimited,Hosteller,119,No,45,Pass
85,87,9,9.1,5.4,Low,High,Limited,DayScholar,56,No,51,Pass
74,82,7,6.9,3.4,Low,Medium,Limited,Hosteller,118,Yes,38,Pass
64,83,2,6.0,8.3,High,Low,Unlimited,Hosteller,72,No,41,Pass
82,65,7,6.7,4.6,Medium,Medium,Unlimited,DayScholar,42,No,51,Pass
99,50,10,0.1,5.7,Low,Medium,Limited,Hosteller,77,No,41,Pass
90,92,9,9.6,7.3,High,Low,Unlimited,Hosteller,59,No,53,Pass
94,63,0,4.5,3.7,High,High,Limited,DayScholar,101,Yes,37,Pass
83,84,9,1.6,4.4,High,Low,Unlimited,DayScholar,51,No,36,Pass
96,58,4,7.3,7.3,Low,Low,Limited,DayScholar,29,Yes,61,Pass
77,85,9,5.3,6.3,High,Low,Unlimited,Hosteller,56,Yes,39,Pass
98,80,7,4.5,9.6,High,Medium,Unlimited,DayScholar,95,No,50,Pass
67,79,5,9.6,7.8,Low,Low,Unlimited,DayScholar,84,Yes,58,Pass
81,84,3,5.2,5.3,Medium,Medium,Limited,Hosteller,27,No,53,Pass
57,98,0,7.9,6.5,High,Medium,Limited,DayScholar,24,No,45,Pass
30,90,0,6.9,5.8,Medium,Medium,Unlimited,Hosteller,12,No,25,Fail
56,57,2,9.3,3.8,Low,Low,Unlimited,DayScholar,82,No,32,Fail
99,96,9,1.6,6.2,Medium,Medium,Unlimited,DayScholar,39,No,60,Pass
45,72,5,7.8,7.2,Low,Low,Unlimited,Hosteller,21,No,29,Fail
59,75,4,9.6,4.2,High,Medium,Limited,Hosteller,32,Yes,37,Pass
77,95,8,9.9,5.2,High,Low,Limited,DayScholar,10,Yes,54,Pass
100,68,5,0.9,5.6,Medium,Medium,Unlimited,DayScholar,105,No,45,Pass
82,94,6,9.1,6.6,Medium,Medium,Limited,DayScholar,33,No,53,Pass
31,92,9,4.1,3.0,Low,Low,Limited,DayScholar,104,No,7,Fail
88,68,8,8.2,4.0,Low,Medium,Unlimited,Hosteller,69,No,46,Pass
87,82,8,3.6,9.4,High,High,Limited,DayScholar,36,Yes,36,Pass
99,54,4,6.4,9.1,Low,Low,Unlimited,Hosteller,10,No,64,Pass
81,55,7,3.7,7.0,Low,Medium,Limited,DayScholar,72,Yes,35,Pass
91,56,3,2.1,4.6,Low,Low,Limited,Hosteller,104,No,54,Pass
57,89,1,6.9,3.5,Medium,Medium,Unlimited,Hosteller,26,Yes,42,Pass
78,88,5,9.1,4.0,Low,High,Unlimited,Hosteller,18,No,58,Pass
42,75,7,7.4,7.3,Medium,Low,Unlimited,Hosteller,4,No,37,Pass
76,94,3,8.1,3.8,Low,Low,Limited,Hosteller,93,Yes,54,Pass
90,85,0,5.7,7.5,High,Low,Unlimited,DayScholar,18,No,73,Pass
74,97,6,6.9,8.6,High,Medium,Limited,DayScholar,47,Yes,43,Pass
73,94,10,6.4,6.6,Low,Low,Unlimited,DayScholar,107,Yes,41,Pass
77,72,0,3.6,9.7,Medium,Medium,Limited,Hosteller,23,No,43,Pass
98,77,0,1.9,3.0,Low,Medium,Unlimited,Hosteller,87,Yes,49,Pass
84,86,10,3.9,8.9,Medium,Low,Unlimited,DayScholar,51,No,43,Pass
89,62,5,5.8,5.8,Low,Low,Limited,DayScholar,8,Yes,46,Pass
94,95,5,0.4,4.0,High,Medium,Limited,DayScholar,7,Yes,50,Pass
32,81,9,2.6,8.6,Medium,Medium,Limited,DayScholar,67,Yes,8,Fail
97,83,5,9.4,6.3,Low,Low,Unlimited,Hosteller,38,No,84,Pass
100,50,7,6.7,9.4,Medium,Medium,Unlimited,DayScholar,76,No,57,Pass
88,75,10,9.3,9.4,Medium,Medium,Unlimited,DayScholar,65,Yes,42,Pass
100,99,3,8.5,9.6,High,High,Unlimited,Hosteller,49,Yes,48,Pass
70,80,0,5.4,9.8,Medium,Medium,Limited,Hosteller,3,No,44,Pass
93,91,7,2.3,4.7,Low,High,Unlimited,Hosteller,71,No,50,Pass
70,56,6,6.7,4.7,Low,Medium,Limited,DayScholar,55,Yes,39,Pass
98,82,7,3.7,5.8,Medium,Low,Limited,Hosteller,27,Yes,65,Pass
99,84,4,6.5,3.8,Medium,High,Unlimited,DayScholar,99,No,59,Pass
89,69,0,6.1,7.2,Low,High,Unlimited,DayScholar,16,Yes,46,Pass
90,62,3,0.3,7.5,Low,Medium,Limited,DayScholar,96,Yes,42,Pass
86,77,9,7.6,9.5,Low,Low,Limited,DayScholar,72,No,52,Pass
50,54,7,9.1,5.3,Low,Medium,Unlimited,Hosteller,1,Yes,30,Fail
48,76,4,7.5,7.6,Medium,Medium,Unlimited,DayScholar,117,No,37,Pass
51,58,8,8.5,7.7,Low,Low,Unlimited,Hosteller,70,Yes,28,Fail
67,80,5,2.8,7.1,High,Medium,Limited,DayScholar,96,No,35,Pass
81,75,1,8.9,5.1,Medium,Low,Limited,Hosteller,13,Yes,63,Pass
86,83,9,2.5,4.7,High,Low,Unlimited,DayScholar,71,No,44,Pass
99,88,10,5.9,9.3,Low,High,Unlimited,DayScholar,85,Yes,47,Pass
30,84,6,0.3,6.3,Medium,Medium,Limited,Hosteller,8,Yes,8,Fail
54,77,5,3.1,5.6,Medium,Medium,Limited,DayScholar,20,No,31,Fail
90,75,3,1.0,5.8,High,Low,Unlimited,DayScholar,25,Yes,51,Pass
99,82,6,2.6,4.8,High,Medium,Unlimited,Hosteller,23,No,48,Pass
81,95,3,0.3,5.6,Medium,High,Limited,DayScholar,103,No,45,Pass
35,57,6,9.8,8.8,Low,High,Unlimited,Hosteller,38,No,22,Fail
53,84,4,3.4,6.9,Medium,Low,Limited,Hosteller,94,No,31,Fail
38,51,5,8.8,8.0,Low,Medium,Limited,DayScholar,110,Yes,24,Fail
93,67,8,3.5,4.5,Medium,Medium,Unlimited,Hosteller,35,No,47,Pass
92,55,4,5.6,9.4,Medium,Low,Unlimited,Hosteller,33,No,54,Pass
38,93,3,5.3,7.5,Medium,Low,Limited,DayScholar,85,Yes,28,Fail
94,81,4,3.9,9.3,Medium,Low,Unlimited,DayScholar,26,Yes,53,Pass
38,76,3,1.0,6.5,Low,Low,Unlimited,Hosteller,44,Yes,23,Fail
70,100,4,1.5,8.5,Low,Medium,Limited,Hosteller,64,No,44,Pass
38,90,0,0.2,4.3,Low,Low,Limited,Hosteller,52,No,19,Fail
81,61,4,6.5,8.9,Medium,Low,Limited,Hosteller,81,Yes,36,Pass
92,83,9,2.8,7.7,Medium,Medium,Unlimited,Hosteller,55,No,45,Pass
40,59,1,8.8,5.0,High,Low,Unlimited,DayScholar,96,No,17,Fail
40,84,2,3.8,7.1,Low,Low,Limited,Hosteller,96,Yes,21,Fail
98,59,5,3.8,8.6,Low,Low,Limited,Hosteller,19,No,58,Pass
100,64,6,9.8,4.4,Low,Medium,Unlimited,DayScholar,114,Yes,57,Pass
84,98,8,7.9,5.2,Medium,Low,Unlimited,DayScholar,105,No,54,Pass
50,75,9,8.4,4.2,Low,Low,Unlimited,Hosteller,7,No,44,Pass
88,61,2,6.5,7.6,Low,High,Limited,Hosteller,100,No,49,Pass
99,82,2,7.1,9.0,High,Low,Unlimited,DayScholar,40,Yes,60,Pass
68,82,0,3.5,6.8,Medium,Medium,Unlimited,Hosteller,67,No,37,Pass
42,54,1,8.2,7.4,Low,High,Limited,DayScholar,100,No,20,Fail
43,50,3,9.9,4.8,Medium,High,Unlimited,DayScholar,29,Yes,27,Fail
94,90,10,5.4,5.8,Low,Medium,Limited,Hosteller,35,Yes,50,Pass
90,86,1,2.9,8.9,Low,Medium,Unlimited,Hosteller,30,Yes,55,Pass
69,85,8,5.2,8.4,High,Low,Limited,DayScholar,46,Yes,41,Pass
81,86,0,3.5,7.1,Medium,High,Limited,DayScholar,71,Yes,48,Pass
43,84,4,7.9,5.6,Medium,Low,Limited,Hosteller,21,Yes,29,Fail
35,95,5,9.4,4.6,High,Low,Limited,Hosteller,11,Yes,19,Fail
75,93,9,8.6,6.2,Medium,Low,Unlimited,DayScholar,120,No,45,Pass
87,68,4,8.5,3.0,High,High,Limited,DayScholar,106,No,36,Pass
88,75,5,3.5,5.4,Low,Low,Limited,DayScholar,83,Yes,57,Pass
76,76,10,7.2,7.4,Medium,High,Limited,DayScholar,33,Yes,39,Pass
89,98,9,7.9,3.6,Low,Low,Unlimited,DayScholar,109,Yes,44,Pass
84,96,10,7.0,6.3,Medium,Low,Unlimited,DayScholar,81,No,43,Pass
42,86,9,9.2,7.1,Low,High,Unlimited,DayScholar,65,No,29,Fail
98,89,6,1.7,7.0,Low,Medium,Unlimited,Hosteller,63,Yes,53,Pass
92,52,10,9.9,9.9,Low,Low,Unlimited,Hosteller,78,Yes,45,Pass
95,94,5,6.5,8.9,Low,Low,Limited,Hosteller,15,No,66,Pass
75,78,3,7.0,8.3,Low,Low,Limited,Hosteller,14,Yes,57,Pass
68,85,0,1.8,6.2,Low,Low,Unlimited,DayScholar,99,Yes,43,Pass
51,82,0,6.4,4.2,Low,Medium,Limited,DayScholar,71,No,39,Pass
94,51,8,5.1,7.3,Medium,Medium,Unlimited,Hosteller,113,No,41,Pass
86,99,7,9.1,6.2,Low,Medium,Limited,Hosteller,113,Yes,62,Pass
42,92,4,4.8,5.0,Medium,High,Unlimited,DayScholar,85,No,22,Fail
100,57,8,8.2,9.8,Low,Low,Limited,DayScholar,14,No,53,Pass
33,90,7,4.0,6.3,High,High,Unlimited,DayScholar,35,No,9,Fail
85,56,5,2.2,5.6,Medium,Low,Limited,DayScholar,10,No,38,Pass
59,83,2,1.5,4.8,High,Low,Limited,DayScholar,10,Yes,37,Pass
88,90,0,9.1,4.7,Medium,High,Limited,DayScholar,60,No,72,Pass
99,54,2,9.6,6.0,High,Low,Unlimited,Hosteller,14,No,69,Pass
82,94,9,9.2,6.9,Low,Low,Limited,DayScholar,69,No,51,Pass
31,78,3,8.5,9.8,Low,Medium,Limited,DayScholar,55,No,25,Fail
45,67,1,7.8,7.6,Medium,Low,Limited,Hosteller,91,Yes,28,Fail
41,92,5,3.0,6.3,Medium,Low,Limited,Hosteller,57,No,18,Fail
79,77,1,0.0,9.3,Low,Medium,Limited,DayScholar,79,No,35,Pass
83,96,3,9.3,3.4,Medium,Low,Limited,DayScholar,9,Yes,66,Pass
64,65,1,8.6,9.2,Medium,Low,Unlimited,DayScholar,32,No,36,Pass
76,79,4,4.5,3.1,Medium,High,Unlimited,DayScholar,34,Yes,42,Pass
99,90,5,0.0,5.4,Low,Low,Limited,DayScholar,117,No,66,Pass
45,85,7,3.2,6.4,High,Low,Limited,DayScholar,49,No,25,Fail
50,96,1,5.9,7.5,Low,Low,Unlimited,Hosteller,59,No,37,Pass
84,60,2,8.8,4.0,Low,High,Unlimited,Hosteller,1,No,50,Pass
41,75,10,7.5,7.7,High,Low,Unlimited,Hosteller,76,No,18,Fail
73,89,9,6.0,6.7,Low,Medium,Limited,Hosteller,74,Yes,36,Pass
100,81,4,8.3,5.7,High,Low,Limited,DayScholar,111,No,72,Pass
80,76,8,9.5,9.4,Low,Low,Unlimited,Hosteller,68,Yes,43,Pass
56,54,4,9.1,9.0,Low,Medium,Limited,DayScholar,24,Yes,44,Pass
33,97,6,8.4,3.2,Medium,Medium,Unlimited,Hosteller,21,No,24,Fail
88,77,7,1.5,5.2,Low,Low,Unlimited,DayScholar,82,Yes,54,Pass
71,75,4,8.0,7.4,Low,High,Limited,DayScholar,102,No,56,Pass
81,71,5,7.5,6.5,Low,Low,Limited,Hosteller,106,Yes,42,Pass
83,95,7,5.9,7.5,High,Low,Limited,Hosteller,89,No,51,Pass
84,75,3,4.0,9.6,High,Low,Unlimited,DayScholar,92,No,47,Pass
88,68,1,1.0,3.6,Low,Low,Unlimited,Hosteller,23,Yes,46,Pass
65,99,2,5.6,3.9,High,Low,Unlimited,Hosteller,3,No,40,Pass
67,75,6,8.7,8.8,Medium,Low,Unlimited,Hosteller,89,Yes,40,Pass
96,50,0,9.4,4.1,High,Medium,Unlimited,DayScholar,13,No,59,Pass
89,52,0,7.0,5.1,High,Low,Limited,DayScholar,23,Yes,48,Pass
97,92,8,3.0,7.0,Low,High,Unlimited,DayScholar,80,No,45,Pass
92,93,10,4.5,8.3,High,Medium,Limited,DayScholar,40,Yes,47,Pass
30,100,1,3.4,5.1,High,Medium,Limited,Hosteller,25,No,11,Fail
81,80,4,0.3,6.7,Low,Medium,Limited,Hosteller,57,No,55,Pass
31,89,0,1.5,4.3,Low,High,Unlimited,Hosteller,47,No,12,Fail
87,89,6,8.1,8.1,Low,Medium,Limited,Hosteller,93,No,58,Pass
59,94,10,7.5,8.0,Low,Medium,Limited,Hosteller,25,No,46,Pass
82,89,5,3.7,5.7,High,Low,Limited,DayScholar,87,No,38,Pass
89,97,9,2.1,4.1,Low,Medium,Unlimited,DayScholar,32,Yes,53,Pass
100,71,4,7.4,8.4,Low,High,Unlimited,Hosteller,24,No,60,Pass
82,91,9,9.2,5.6,Low,High,Limited,DayScholar,68,Yes,41,Pass
67,70,0,3.0,8.0,Low,Low,Limited,DayScholar,11,Yes,47,Pass
61,94,1,6.4,4.1,High,Medium,Unlimited,Hosteller,58,No,46,Pass
85,58,0,9.1,4.3,Low,Medium,Unlimited,Hosteller,115,No,53,Pass
34,50,5,8.4,8.6,Low,High,Unlimited,DayScholar,31,Yes,9,Fail
62,55,0,1.4,7.1,Low,Low,Limited,DayScholar,23,Yes,40,Pass
80,83,9,3.7,7.5,Medium,High,Limited,DayScholar,36,No,36,Pass
74,97,3,6.4,6.9,High,Low,Limited,DayScholar,104,Yes,50,Pass
85,56,2,3.9,7.2,High,Low,Unlimited,DayScholar,22,Yes,47,Pass
41,94,1,9.8,3.8,High,Low,Unlimited,DayScholar,81,Yes,27,Fail
85,60,6,8.0,5.1,High,Low,Unlimited,Hosteller,3,No,40,Pass
100,71,8,2.1,9.4,Low,Low,Unlimited,DayScholar,84,Yes,41,Pass
88,97,10,4.7,3.3,Low,High,Unlimited,Hosteller,98,No,42,Pass
78,94,7,1.3,6.2,Low,High,Limited,Hosteller,89,Yes,36,Pass
42,60,1,7.6,5.1,Medium,High,Unlimited,DayScholar,91,No,23,Fail
91,92,8,5.3,4.9,Medium,High,Limited,Hosteller,104,No,52,Pass
88,81,6,7.7,4.1,Medium,High,Limited,DayScholar,80,Yes,56,Pass
38,98,5,6.1,6.6,Low,High,Unlimited,DayScholar,60,No,19,Fail
86,96,4,7.4,4.1,Medium,Medium,Unlimited,Hosteller,40,Yes,59,Pass
90,72,3,8.3,9.2,High,Low,Limited,DayScholar,52,No,47,Pass
74,62,2,5.4,3.6,High,Medium,Unlimited,DayScholar,104,No,36,Pass
100,74,5,4.5,7.0,Medium,Low,Limited,Hosteller,97,Yes,41,Pass
69,60,3,7.9,3.4,Low,High,Unlimited,Hosteller,2,Yes,39,Pass
94,63,4,3.9,7.3,High,Low,Unlimited,DayScholar,97,No,45,Pass
69,89,2,4.3,5.9,Medium,Low,Limited,Hosteller,112,No,44,Pass
79,91,8,7.0,6.4,Low,Low,Unlimited,Hosteller,7,No,52,Pass
99,73,5,4.0,8.8,Low,Medium,Unlimited,DayScholar,23,Yes,61,Pass
62,75,0,8.7,5.9,Low,Low,Limited,DayScholar,112,No,58,Pass
48,99,2,10.0,8.0,High,Low,Unlimited,Hosteller,24,No,31,Fail
43,92,1,3.7,3.1,Low,Medium,Limited,DayScholar,66,Yes,22,Fail
42,67,1,7.9,7.7,Low,Low,Unlimited,DayScholar,16,Yes,34,Fail
79,88,5,1.7,7.7,Low,Low,Limited,DayScholar,31,No,53,Pass
55,79,2,7.6,5.0,Medium,Low,Limited,Hosteller,119,No,41,Pass
74,62,5,4.5,5.8,Medium,Medium,Limited,Hosteller,86,No,41,Pass
67,74,0,8.4,6.3,High,Low,Limited,DayScholar,13,Yes,50,Pass
63,85,5,9.7,5.4,Low,High,Limited,DayScholar,95,No,36,Pass
43,99,4,5.3,9.3,Low,Medium,Unlimited,DayScholar,15,No,32,Fail
51,52,5,8.3,4.8,Medium,Low,Limited,Hosteller,18,No,27,Fail
77,77,9,9.2,3.0,Medium,Low,Unlimited,DayScholar,60,Yes,53,Pass
61,95,8,9.0,4.3,High,Low,Unlimited,Hosteller,13,No,37,Pass
50,96,6,8.6,3.8,Medium,Low,Limited,Hosteller,92,No,29,Fail
40,91,1,4.1,6.0,Medium,Low,Limited,DayScholar,29,No,25,Fail
80,72,6,9.6,8.4,Medium,Low,Limited,DayScholar,89,No,58,Pass
35,79,2,8.4,4.0,Low,Medium,Unlimited,Hosteller,113,No,23,Fail
73,80,1,7.4,3.5,High,Medium,Limited,Hosteller,67,No,49,Pass
98,98,7,2.3,5.9,Medium,High,Limited,DayScholar,60,No,49,Pass
40,73,2,8.1,4.3,Medium,High,Unlimited,DayScholar,82,No,18,Fail
41,60,9,7.1,9.2,Low,Low,Limited,DayScholar,94,No,17,Fail
33,78,2,6.0,3.2,High,High,Limited,DayScholar,64,No,16,Fail
91,87,0,8.0,7.0,Medium,Medium,Limited,Hosteller,17,No,74,Pass
66,79,10,7.5,4.5,Medium,High,Unlimited,DayScholar,51,Yes,35,Pass
94,62,7,6.4,3.5,High,Low,Unlimited,DayScholar,120,Yes,40,Pass
88,91,0,5.0,7.0,Low,Low,Limited,Hosteller,17,No,74,Pass
79,64,7,6.7,6.5,High,Medium,Limited,Hosteller,65,No,40,Pass
90,82,10,2.1,6.7,High,Medium,Limited,DayScholar,18,No,51,Pass
39,94,6,2.5,9.0,Low,Medium,Limited,DayScholar,57,Yes,21,Fail
56,77,3,6.8,5.9,Medium,High,Limited,DayScholar,112,Yes,34,Fail
75,77,9,3.2,4.3,Low,Low,Limited,Hosteller,76,No,40,Pass
51,83,1,4.5,7.5,Medium,Medium,Unlimited,DayScholar,23,Yes,31,Fail
43,70,8,8.2,7.9,High,Low,Limited,Hosteller,61,No,19,Fail
89,78,5,9.7,3.2,High,Medium,Limited,DayScholar,3,Yes,56,Pass
98,91,6,4.6,7.4,Low,High,Limited,Hosteller,114,No,55,Pass
43,75,8,7.2,8.3,High,Medium,Unlimited,DayScholar,24,No,29,Fail
54,97,6,9.7,5.4,High,High,Limited,DayScholar,66,No,33,Fail
73,77,4,7.3,7.1,Low,Low,Limited,Hosteller,19,Yes,58,Pass
51,86,6,4.2,8.7,Low,High,Unlimited,DayScholar,111,No,31,Fail
81,68,4,6.2,4.5,High,Medium,Unlimited,DayScholar,114,Yes,35,Pass
81,99,3,4.4,7.8,High,Medium,Unlimited,DayScholar,48,Yes,38,Pass
99,77,1,6.8,4.6,Medium,High,Unlimited,DayScholar,52,No,66,Pass
97,77,0,8.8,9.2,Low,High,Unlimited,DayScholar,71,No,63,Pass
46,93,5,4.8,5.3,Medium,Medium,Limited,Hosteller,65,Yes,26,Fail
81,82,0,4.0,5.8,High,Low,Limited,DayScholar,50,No,57,Pass
93,55,6,3.6,8.8,Low,Low,Limited,Hosteller,73,No,49,Pass
39,63,2,8.8,4.8,Medium,High,Unlimited,DayScholar,111,Yes,18,Fail
77,79,9,7.0,7.1,Medium,Medium,Limited,Hosteller,105,No,44,Pass
57,96,0,3.0,8.0,Low,High,Unlimited,DayScholar,6,No,37,Pass
55,88,1,8.1,7.2,Medium,Low,Limited,Hosteller,94,No,41,Pass
45,94,9,3.4,6.8,Low,Low,Unlimited,DayScholar,55,No,23,Fail
86,74,3,3.5,5.0,High,Low,Unlimited,Hosteller,50,Yes,38,Pass
83,93,10,1.6,7.4,Medium,Medium,Unlimited,Hosteller,51,Yes,42,Pass
89,66,2,0.2,5.9,Low,Low,Limited,DayScholar,85,No,38,Pass
90,87,2,5.8,4.2,Medium,High,Limited,Hosteller,0,Yes,62,Pass
33,67,1,2.4,4.8,Medium,Low,Unlimited,DayScholar,119,Yes,11,Fail
75,78,4,6.7,6.8,Medium,Low,Limited,DayScholar,96,No,46,Pass
85,75,6,8.0,8.8,Low,Medium,Limited,Hosteller,78,Yes,51,Pass
95,86,6,0.5,9.2,Medium,High,Unlimited,Hosteller,116,No,40,Pass
87,99,7,4.5,7.1,Low,High,Unlimited,DayScholar,95,Yes,47,Pass
80,77,0,8.9,4.5,High,High,Limited,Hosteller,5,Yes,54,Pass
78,77,2,4.1,6.3,Low,High,Limited,DayScholar,93,Yes,36,Pass
48,79,8,7.0,6.5,Low,High,Limited,Hosteller,44,No,33,Fail
93,77,3,7.6,4.0,High,Medium,Limited,DayScholar,14,Yes,68,Pass
100,84,7,8.4,7.6,High,Low,Unlimited,DayScholar,25,No,65,Pass
95,51,6,3.7,7.4,Medium,Low,Unlimited,DayScholar,94,Yes,43,Pass
72,77,2,5.9,6.8,Low,High,Unlimited,DayScholar,47,Yes,38,Pass
85,92,0,1.9,3.4,Low,High,Unlimited,Hosteller,69,Yes,38,Pass
83,63,5,9.7,6.5,Medium,Low,Unlimited,Hosteller,77,Yes,44,Pass
52,84,9,5.6,9.2,Low,Low,Unlimited,Hosteller,25,Yes,30,Fail
83,50,5,5.4,4.9,Low,High,Unlimited,Hosteller,8,Yes,44,Pass
96,76,8,5.8,7.2,High,Low,Limited,DayScholar,21,Yes,54,Pass
44,85,5,5.3,4.9,High,Low,Limited,DayScholar,22,No,21,Fail
83,51,10,8.0,3.0,Medium,Medium,Unlimited,DayScholar,118,Yes,38,Pass
59,83,10,7.6,5.9,Low,Medium,Unlimited,DayScholar,39,No,38,Pass
64,81,1,4.1,9.3,Low,Medium,Limited,DayScholar,95,No,36,Pass
42,84,3,7.7,5.3,Low,High,Unlimited,DayScholar,81,No,24,Fail
64,77,8,3.0,6.6,Medium,Low,Unlimited,Hosteller,41,No,38,Pass
63,67,0,6.9,7.0,Low,Low,Limited,Hosteller,14,Yes,44,Pass
69,92,0,2.6,5.3,Low,Medium,Limited,Hosteller,104,No,38,Pass
94,94,10,5.7,9.6,High,Medium,Unlimited,Hosteller,111,No,38,Pass
87,87,9,9.2,6.7,Low,High,Limited,DayScholar,75,No,56,Pass
44,53,0,8.6,3.5,Low,High,Limited,DayScholar,51,No,29,Fail
71,69,8,8.8,4.9,High,Low,Limited,Hosteller,3,Yes,38,Pass
94,59,2,9.8,6.1,Low,High,Unlimited,Hosteller,52,No,68,Pass
78,69,2,9.1,8.1,High,High,Limited,DayScholar,2,No,44,Pass
80,92,2,7.3,9.2,Low,Low,Limited,DayScholar,47,Yes,49,Pass
86,89,2,3.5,4.5,Medium,Medium,Limited,DayScholar,93,Yes,54,Pass
85,85,1,8.9,5.6,High,Medium,Limited,Hosteller,45,No,71,Pass
32,96,10,7.5,4.6,Medium,Low,Limited,Hosteller,37,No,17,Fail
30,65,0,7.4,8.5,High,Medium,Unlimited,DayScholar,27,Yes,16,Fail
97,75,4,4.3,6.9,High,Medium,Limited,Hosteller,60,No,65,Pass
77,64,1,7.1,6.2,High,Low,Limited,Hosteller,97,Yes,45,Pass
51,93,2,4.8,8.5,High,Medium,Limited,DayScholar,53,No,40,Pass
48,85,1,0.7,4.8,Low,Low,Unlimited,DayScholar,59,Yes,34,Fail
37,55,7,4.0,6.2,Medium,Medium,Unlimited,Hosteller,55,No,14,Fail
34,94,3,6.8,5.3,High,Low,Unlimited,Hosteller,38,No,24,Fail
59,62,2,3.1,7.7,Low,Medium,Unlimited,Hosteller,60,No,34,Fail
89,50,5,3.0,4.8,Low,High,Limited,Hosteller,16,No,48,Pass
75,92,7,5.3,5.6,High,Low,Limited,DayScholar,46,No,47,Pass
58,82,5,8.3,6.7,Low,Medium,Limited,Hosteller,60,No,40,Pass
98,74,1,0.9,5.2,High,Medium,Unlimited,Hosteller,31,Yes,39,Pass
99,97,0,8.7,7.7,Low,Low,Unlimited,Hosteller,105,No,86,Pass
91,67,5,6.2,8.1,High,High,Unlimited,Hosteller,62,No,40,Pass
70,90,7,6.5,5.5,High,High,Limited,DayScholar,7,No,45,Pass
31,83,7,4.5,6.8,Low,Low,Unlimited,DayScholar,7,Yes,24,Fail
43,54,7,6.8,5.3,Low,Low,Limited,DayScholar,73,Yes,21,Fail
74,96,2,8.3,5.1,Medium,High,Limited,Hosteller,7,No,53,Pass
94,82,0,4.4,5.0,High,Low,Limited,Hosteller,21,No,62,Pass
100,69,1,0.7,9.0,High,Low,Unlimited,Hosteller,82,Yes,43,Pass
84,94,1,6.7,4.0,Medium,High,Limited,Hosteller,24,Yes,62,Pass
95,95,5,0.1,6.7,High,Medium,Unlimited,Hosteller,33,No,52,Pass
31,77,5,8.8,9.3,Medium,Medium,Limited,Hosteller,24,Yes,21,Fail
90,78,5,6.8,9.4,Medium,Low,Limited,Hosteller,83,Yes,56,Pass
33,75,2,1.1,4.7,Medium,Medium,Unlimited,DayScholar,43,Yes,17,Fail
53,82,9,7.4,5.8,Medium,High,Unlimited,Hosteller,118,No,29,Fail
43,75,3,1.2,3.5,Low,Low,Limited,DayScholar,39,Yes,21,Fail
77,62,1,8.4,7.0,Low,Medium,Unlimited,Hosteller,102,No,50,Pass
52,77,0,7.6,4.5,High,Medium,Unlimited,Hosteller,84,Yes,36,Pass
89,94,0,0.6,7.9,High,High,Limited,DayScholar,56,No,52,Pass
38,59,1,7.9,7.7,Medium,High,Limited,Hosteller,20,No,13,Fail
85,50,2,3.3,4.0,Low,Low,Unlimited,DayScholar,39,Yes,43,Pass
79,60,1,6.2,9.2,Low,Low,Limited,DayScholar,21,Yes,40,Pass
85,57,0,2.3,6.5,Low,Low,Unlimited,DayScholar,104,No,45,Pass
78,77,5,6.5,4.6,High,Medium,Unlimited,DayScholar,80,No,48,Pass
86,99,0,0.5,5.5,Medium,High,Limited,DayScholar,24,No,55,Pass
65,71,6,9.4,9.9,Medium,Medium,Unlimited,DayScholar,73,No,39,Pass
71,87,2,6.9,3.1,High,Medium,Unlimited,DayScholar,32,Yes,43,Pass
99,98,7,6.7,5.6,Medium,High,Limited,Hosteller,5,Yes,54,Pass
96,71,10,7.2,6.8,High,Medium,Limited,DayScholar,10,Yes,36,Pass
35,100,4,9.5,3.3,Low,Low,Unlimited,DayScholar,118,No,23,Fail
35,96,10,5.7,6.1,Low,Medium,Limited,DayScholar,29,No,21,Fail
47,60,5,8.2,6.6,Medium,Medium,Limited,DayScholar,115,No,25,Fail
98,96,9,8.1,7.4,Medium,High,Unlimited,Hosteller,22,Yes,49,Pass
98,97,4,7.9,4.9,High,Medium,Unlimited,DayScholar,49,No,59,Pass
82,80,0,4.0,4.6,High,Medium,Unlimited,DayScholar,64,No,41,Pass
87,58,0,2.2,8.0,Low,Low,Limited,DayScholar,41,No,62,Pass
85,95,0,7.4,7.8,Low,Low,Limited,Hosteller,55,No,79,Pass
88,73,8,7.6,9.0,Low,Medium,Unlimited,DayScholar,99,No,56,Pass
75,80,5,2.8,7.6,High,Low,Limited,DayScholar,13,No,42,Pass
70,76,5,9.7,5.6,Low,Low,Unlimited,Hosteller,47,No,60,Pass
56,74,0,8.5,8.8,Medium,Medium,Limited,DayScholar,73,Yes,40,Pass
31,74,3,4.4,6.5,High,Medium,Limited,DayScholar,100,No,7,Fail
84,89,4,1.6,4.9,Low,Low,Unlimited,Hosteller,105,Yes,44,Pass
87,88,1,2.1,8.4,Low,High,Unlimited,Hosteller,47,Yes,44,Pass
66,79,7,6.5,6.9,Low,Low,Unlimited,Hosteller,69,No,50,Pass
65,69,0,5.1,4.6,Low,Medium,Limited,DayScholar,21,Yes,44,Pass
91,63,2,2.9,7.8,High,Medium,Limited,Hosteller,25,No,47,Pass
46,81,3,9.8,7.5,Medium,Low,Limited,Hosteller,3,Yes,47,Pass
72,89,10,7.6,8.5,High,Medium,Limited,Hosteller,60,No,46,Pass
48,84,6,7.1,7.2,Low,Medium,Limited,DayScholar,115,No,34,Fail
96,70,4,7.0,3.9,Medium,Medium,Limited,DayScholar,110,No,55,Pass
64,89,0,0.1,4.9,Low,Low,Unlimited,DayScholar,38,Yes,46,Pass
54,82,1,5.2,4.7,High,Medium,Limited,Hosteller,29,No,40,Pass
84,96,0,0.8,3.7,Medium,Medium,Limited,Hosteller,90,Yes,40,Pass
68,89,5,8.1,4.2,High,Low,Limited,DayScholar,108,No,51,Pass
43,88,0,3.3,3.5,Medium,Low,Unlimited,Hosteller,83,Yes,25,Fail
41,79,0,6.3,3.5,Low,High,Limited,DayScholar,41,Yes,25,Fail
92,60,0,3.6,3.0,Medium,Low,Limited,Hosteller,100,No,45,Pass
91,83,7,1.8,3.6,Medium,Low,Limited,DayScholar,26,Yes,43,Pass
88,69,1,8.7,6.0,Low,Low,Limited,DayScholar,71,No,70,Pass
74,99,10,9.2,4.2,Medium,Medium,Limited,DayScholar,17,No,46,Pass
84,68,2,2.9,9.5,Low,Medium,Limited,DayScholar,38,No,52,Pass
73,66,8,9.5,4.9,Medium,Low,Limited,DayScholar,54,No,39,Pass
71,84,5,4.6,4.2,Low,Medium,Unlimited,Hosteller,53,No,43,Pass
82,59,1,4.3,8.4,Low,High,Limited,DayScholar,24,Yes,39,Pass
84,54,10,9.1,3.6,Medium,Medium,Limited,DayScholar,12,Yes,38,Pass
44,77,5,3.8,9.8,Low,Low,Limited,DayScholar,35,Yes,25,Fail
76,92,2,8.4,3.8,High,High,Limited,Hosteller,67,Yes,41,Pass
74,100,1,10.0,9.2,High,Low,Unlimited,DayScholar,19,No,56,Pass
91,52,9,9.9,4.1,Medium,Medium,Unlimited,DayScholar,100,Yes,50,Pass
53,94,7,6.4,7.3,Low,Low,Unlimited,DayScholar,46,No,43,Pass
36,94,9,9.1,6.7,High,Medium,Limited,Hosteller,92,Yes,12,Fail
98,51,3,7.9,7.8,Low,High,Unlimited,Hosteller,75,No,53,Pass
79,97,4,7.6,5.9,Low,Medium,Unlimited,Hosteller,63,No,63,Pass
43,93,1,4.6,4.3,Low,Medium,Unlimited,DayScholar,51,Yes,33,Fail
72,82,8,9.4,7.3,Low,Medium,Unlimited,DayScholar,99,No,44,Pass
48,100,1,3.7,9.9,High,Low,Limited,Hosteller,35,No,31,Fail
55,98,3,8.4,6.3,Low,Low,Unlimited,DayScholar,78,No,53,Pass
98,59,1,9.6,4.3,Low,Low,Limited,DayScholar,72,Yes,75,Pass
89,51,3,6.9,6.2,Medium,Medium,Limited,DayScholar,57,No,48,Pass
82,81,10,6.7,3.7,High,Medium,Unlimited,Hosteller,56,Yes,37,Pass
67,84,0,5.1,4.5,High,High,Unlimited,Hosteller,64,No,40,Pass
85,78,7,4.9,6.9,Medium,Low,Unlimited,Hosteller,16,Yes,43,Pass
46,78,0,8.5,4.3,Low,High,Unlimited,Hosteller,31,Yes,32,Fail
78,52,8,7.2,8.2,Medium,Low,Limited,DayScholar,54,No,47,Pass
75,95,3,3.5,5.5,Low,Low,Unlimited,Hosteller,35,Yes,54,Pass
87,90,9,2.8,3.6,Low,Low,Unlimited,DayScholar,108,No,45,Pass
52,93,5,2.0,4.2,Low,Low,Unlimited,Hosteller,13,No,30,Fail
97,96,0,0.0,5.6,Low,Medium,Limited,Hosteller,107,No,53,Pass
50,64,3,6.6,4.9,Low,High,Unlimited,DayScholar,83,No,29,Fail
90,78,10,4.7,7.9,Low,Low,Unlimited,Hosteller,20,Yes,60,Pass
84,66,3,4.3,3.7,Low,Medium,Unlimited,DayScholar,2,No,51,Pass
54,92,0,5.2,4.1,Medium,Medium,Unlimited,Hosteller,12,No,36,Pass
32,86,1,1.5,8.0,Medium,Medium,Limited,Hosteller,116,Yes,11,Fail
33,54,0,1.7,7.3,High,Low,Limited,DayScholar,12,Yes,10,Fail
96,98,9,8.4,9.4,Medium,Low,Limited,DayScholar,20,Yes,57,Pass
99,78,7,2.8,8.9,Medium,Medium,Limited,Hosteller,11,No,67,Pass
50,98,10,9.4,4.2,Low,Low,Unlimited,DayScholar,58,No,42,Pass
33,96,0,9.7,7.4,Medium,Low,Unlimited,DayScholar,107,No,30,Fail
99,77,5,0.6,7.9,Medium,Low,Unlimited,Hosteller,8,Yes,50,Pass
62,86,8,6.6,8.9,High,Low,Unlimited,DayScholar,30,No,41,Pass
52,91,0,5.0,9.8,Low,Medium,Unlimited,Hosteller,6,No,44,Pass
47,90,2,4.2,9.5,Low,Low,Unlimited,Hosteller,58,No,23,Fail
63,79,8,8.2,7.5,Low,Medium,Limited,Hosteller,7,No,40,Pass
69,85,7,5.1,8.6,High,High,Limited,DayScholar,16,No,39,Pass
94,75,8,8.8,3.2,Medium,Low,Limited,Hosteller,51,No,57,Pass
97,78,7,0.3,6.7,High,Medium,Limited,DayScholar,32,No,46,Pass
90,61,0,7.9,6.8,Low,Low,Unlimited,DayScholar,37,Yes,59,Pass
84,67,5,2.4,3.7,Low,High,Limited,DayScholar,92,No,35,Pass
91,95,7,7.9,5.6,Medium,Low,Unlimited,DayScholar,62,Yes,58,Pass
78,74,10,3.1,6.9,Low,Medium,Limited,Hosteller,12,No,38,Pass
81,90,0,4.4,4.4,Low,Medium,Limited,DayScholar,39,No,65,Pass
82,73,7,8.7,4.6,Medium,Medium,Limited,DayScholar,117,Yes,49,Pass
87,78,5,1.7,9.9,Low,Low,Unlimited,DayScholar,63,Yes,47,Pass
83,94,1,9.7,6.8,Low,High,Unlimited,Hosteller,36,Yes,61,Pass
49,87,0,3.8,5.6,Medium,Low,Limited,Hosteller,15,Yes,37,Pass
100,94,0,1.4,5.7,High,High,Limited,Hosteller,116,No,53,Pass
78,63,4,8.7,8.2,High,Medium,Limited,Hosteller,110,No,42,Pass
96,93,0,4.8,6.2,Low,Low,Unlimited,DayScholar,48,No,75,Pass
100,91,6,1.4,3.1,Low,High,Limited,Hosteller,46,Yes,38,Pass
84,73,1,9.5,4.6,Low,Low,Unlimited,Hosteller,28,Yes,68,Pass
67,87,4,8.5,3.4,High,Low,Limited,Hosteller,58,Yes,40,Pass
34,54,0,7.5,5.6,Medium,Low,Unlimited,DayScholar,38,No,23,Fail
84,65,1,9.4,5.7,Low,High,Limited,DayScholar,103,Yes,46,Pass
73,99,0,3.2,5.4,High,Medium,Unlimited,DayScholar,98,Yes,43,Pass
81,66,0,3.9,8.4,Medium,Low,Unlimited,Hosteller,1,Yes,54,Pass
76,92,10,3.4,6.9,Low,Medium,Limited,DayScholar,12,No,40,Pass
85,63,3,7.3,4.7,Low,High,Limited,Hosteller,17,Yes,48,Pass
77,81,1,3.5,3.3,High,Medium,Unlimited,Hosteller,11,No,46,Pass
97,73,9,1.6,9.0,Medium,Low,Unlimited,Hosteller,56,No,42,Pass
65,82,8,9.2,3.8,Medium,Low,Limited,Hosteller,98,No,40,Pass
53,80,2,3.6,8.8,Low,Medium,Unlimited,Hosteller,100,Yes,36,Pass
32,96,4,9.3,3.9,Medium,Medium,Unlimited,DayScholar,7,No,35,Pass
95,77,4,2.3,9.9,High,High,Limited,Hosteller,29,Yes,38,Pass
94,72,0,7.9,4.3,High,High,Unlimited,Hosteller,116,Yes,43,Pass
90,61,4,2.8,7.1,Medium,Medium,Unlimited,Hosteller,101,Yes,38,Pass
82,70,3,4.4,8.8,Medium,Medium,Unlimited,Hosteller,60,No,40,Pass
99,60,5,5.2,6.5,Medium,Low,Unlimited,DayScholar,19,Yes,54,Pass
45,56,10,9.6,4.1,Low,Medium,Limited,DayScholar,118,No,21,Fail
86,74,1,2.4,4.6,Low,High,Limited,Hosteller,118,No,41,Pass
46,95,5,8.4,8.6,Low,Medium,Limited,DayScholar,3,Yes,38,Pass
30,50,2,9.5,5.1,High,Medium,Limited,DayScholar,55,No,21,Fail
84,85,3,4.2,6.8,Low,High,Unlimited,Hosteller,20,Yes,56,Pass
93,81,7,5.7,4.7,Medium,Low,Unlimited,Hosteller,114,No,57,Pass
93,92,1,9.2,9.2,Medium,Low,Limited,Hosteller,12,Yes,70,Pass
51,98,1,0.5,9.6,Low,Medium,Limited,Hosteller,85,No,27,Fail
82,93,2,8.5,3.5,Medium,High,Limited,Hosteller,71,Yes,50,Pass
40,57,3,8.8,6.5,Low,Medium,Unlimited,DayScholar,18,No,27,Fail
48,79,4,7.8,3.7,Low,Low,Unlimited,DayScholar,21,Yes,34,Fail
61,100,1,0.5,8.3,Low,Low,Limited,DayScholar,30,No,49,Pass
86,64,0,0.7,6.8,Medium,Medium,Unlimited,Hosteller,85,Yes,36,Pass
98,65,3,9.7,5.5,Medium,Medium,Limited,Hosteller,101,No,55,Pass
64,86,3,7.0,8.0,High,Medium,Limited,Hosteller,67,No,42,Pass
39,59,2,4.0,6.7,High,Low,Limited,DayScholar,10,No,20,Fail
66,99,3,5.1,7.8,Low,Medium,Unlimited,DayScholar,80,Yes,48,Pass
91,93,7,1.0,6.5,Medium,Medium,Limited,Hosteller,100,No,46,Pass
90,100,7,4.3,6.4,Medium,High,Unlimited,Hosteller,112,No,42,Pass
55,91,0,9.7,3.1,High,Medium,Unlimited,DayScholar,98,Yes,30,Fail
91,66,1,8.1,8.2,Medium,Medium,Limited,Hosteller,0,Yes,64,Pass
98,99,7,3.9,4.9,Low,High,Unlimited,DayScholar,47,No,49,Pass
60,91,4,7.3,7.8,Medium,High,Unlimited,DayScholar,39,No,37,Pass
100,57,6,2.9,3.0,Low,Medium,Limited,Hosteller,80,Yes,43,Pass
52,94,2,8.9,6.0,Medium,Low,Unlimited,Hosteller,84,No,48,Pass
41,62,0,2.0,4.6,Medium,Low,Unlimited,Hosteller,48,No,22,Fail
76,79,6,2.3,8.8,Low,High,Limited,Hosteller,108,No,41,Pass
48,95,0,5.1,4.6,High,Medium,Unlimited,Hosteller,4,No,34,Fail
72,94,3,0.7,6.1,Medium,Medium,Unlimited,DayScholar,78,No,42,Pass
92,62,3,8.1,5.8,High,High,Limited,DayScholar,38,Yes,50,Pass
32,59,6,9.5,4.7,High,Low,Unlimited,Hosteller,1,No,17,Fail
95,97,0,5.6,9.9,Medium,Low,Limited,Hosteller,41,No,67,Pass
45,97,9,9.0,7.2,Low,Medium,Limited,Hosteller,7,Yes,24,Fail
56,85,4,3.9,7.4,High,Medium,Limited,Hosteller,34,No,33,Fail
95,77,9,0.6,5.8,Medium,Low,Limited,DayScholar,97,No,44,Pass
46,85,8,8.0,4.9,Low,Medium,Unlimited,DayScholar,18,Yes,30,Fail
81,76,7,5.2,4.8,Medium,High,Limited,Hosteller,34,No,39,Pass
93,99,4,5.0,8.1,Medium,High,Limited,DayScholar,25,No,67,Pass
72,61,0,7.0,6.8,Low,Medium,Unlimited,Hosteller,5,Yes,47,Pass
79,90,3,9.3,5.1,High,Medium,Unlimited,DayScholar,83,Yes,47,Pass
97,56,6,7.5,7.6,High,High,Unlimited,DayScholar,2,No,38,Pass
46,51,8,8.4,5.3,Low,Medium,Limited,DayScholar,12,Yes,28,Fail
61,99,3,4.9,4.3,Low,Low,Limited,DayScholar,23,Yes,51,Pass
49,64,1,5.5,9.3,Low,Low,Unlimited,DayScholar,51,Yes,28,Fail
66,73,6,9.3,7.0,Low,Low,Unlimited,Hosteller,51,Yes,39,Pass
72,57,7,4.8,7.2,Low,Low,Unlimited,Hosteller,102,Yes,37,Pass
78,72,4,9.9,4.4,Medium,Medium,Unlimited,DayScholar,116,No,43,Pass
97,96,5,8.5,7.2,High,High,Limited,Hosteller,5,No,56,Pass
43,80,2,7.6,8.1,High,Low,Limited,DayScholar,85,No,29,Fail
30,72,4,6.2,5.0,Low,Low,Unlimited,Hosteller,25,No,12,Fail
43,87,3,5.1,7.0,Low,Low,Unlimited,Hosteller,41,Yes,30,Fail
52,52,2,8.1,6.9,Low,Low,Unlimited,DayScholar,76,Yes,33,Fail
58,53,0,9.5,3.4,Medium,Medium,Limited,DayScholar,58,No,33,Fail
43,95,1,3.1,5.0,Low,Medium,Limited,Hosteller,31,No,25,Fail
91,85,7,8.7,6.6,Low,Low,Unlimited,Hosteller,105,No,73,Pass
96,66,3,8.5,8.1,Low,Medium,Unlimited,Hosteller,54,No,63,Pass
93,88,3,6.4,5.8,High,Low,Unlimited,Hosteller,79,No,64,Pass
40,71,2,4.5,8.4,Low,Medium,Limited,Hosteller,94,No,25,Fail
81,73,0,4.4,5.4,Low,Medium,Limited,DayScholar,105,Yes,39,Pass
84,66,0,5.4,6.1,Medium,Medium,Unlimited,Hosteller,14,No,47,Pass
72,79,2,1.1,7.6,Low,High,Unlimited,Hosteller,12,No,49,Pass
43,87,0,10.0,6.2,Low,Medium,Unlimited,DayScholar,55,No,45,Pass
53,98,3,3.6,6.6,Low,Low,Unlimited,DayScholar,106,No,39,Pass
93,95,0,7.3,9.4,Medium,Low,Limited,DayScholar,20,Yes,74,Pass
75,86,3,4.8,9.3,Medium,High,Unlimited,DayScholar,9,Yes,37,Pass
68,59,0,5.8,4.9,Low,Low,Unlimited,Hosteller,31,No,54,Pass
31,76,6,2.8,5.6,Medium,Medium,Unlimited,DayScholar,98,No,8,Fail
87,62,2,7.7,5.7,Low,High,Unlimited,DayScholar,112,No,59,Pass
95,87,8,1.9,4.0,High,Low,Unlimited,Hosteller,78,No,37,Pass
71,88,5,7.5,3.9,Medium,Medium,Limited,Hosteller,65,No,43,Pass
54,66,0,7.4,6.4,Medium,Low,Limited,Hosteller,59,No,45,Pass
85,91,9,9.6,6.6,Medium,High,Unlimited,DayScholar,30,No,57,Pass
92,76,5,2.6,3.8,Low,Low,Unlimited,Hosteller,10,Yes,50,Pass
46,75,4,7.9,6.9,High,High,Limited,DayScholar,120,No,27,Fail
98,84,6,2.6,3.3,High,Medium,Unlimited,DayScholar,70,No,35,Pass
70,89,1,9.7,9.9,Low,Medium,Limited,Hosteller,23,No,67,Pass
48,89,0,5.3,6.5,Low,Low,Limited,Hosteller,87,Yes,33,Fail
47,62,0,6.7,5.4,Low,Medium,Unlimited,Hosteller,43,No,29,Fail
80,66,1,8.4,7.6,Medium,High,Unlimited,DayScholar,47,Yes,43,Pass
96,98,2,5.7,5.3,Low,Medium,Limited,DayScholar,50,Yes,72,Pass
97,51,4,2.9,8.2,Low,High,Limited,DayScholar,62,Yes,39,Pass
97,84,5,2.8,9.1,High,High,Unlimited,DayScholar,37,No,40,Pass
86,56,3,5.9,7.1,Low,Medium,Limited,DayScholar,55,No,49,Pass
86,60,1,2.8,4.3,Medium,Low,Unlimited,DayScholar,18,Yes,52,Pass
42,94,5,10.0,9.4,Low,High,Unlimited,Hosteller,45,Yes,24,Fail
93,88,10,2.5,4.9,Medium,Medium,Limited,Hosteller,30,No,50,Pass
39,71,0,6.8,5.2,Medium,Low,Limited,Hosteller,66,No,22,Fail
76,65,2,8.1,9.8,High,Low,Limited,DayScholar,31,No,43,Pass
73,91,8,4.0,5.9,Low,Medium,Unlimited,Hosteller,43,No,45,Pass
91,70,2,6.9,7.4,High,Low,Unlimited,DayScholar,46,No,51,Pass
90,51,4,6.3,3.7,Medium,Low,Limited,Hosteller,85,Yes,49,Pass
30,84,1,3.2,5.0,High,Medium,Limited,Hosteller,87,Yes,10,Fail
100,70,8,8.8,6.4,High,Low,Limited,Hosteller,95,No,59,Pass
54,80,3,2.1,8.7,Medium,Low,Limited,Hosteller,37,No,38,Pass
79,100,4,2.8,8.8,High,High,Unlimited,DayScholar,36,No,38,Pass
83,91,6,7.2,8.5,High,Low,Unlimited,DayScholar,3,No,50,Pass
30,97,10,3.0,4.5,Low,Low,Limited,DayScholar,34,Yes,9,Fail
92,92,1,4.2,4.0,Medium,Medium,Unlimited,DayScholar,83,No,69,Pass
79,91,4,2.3,7.8,Medium,Low,Limited,Hosteller,96,Yes,48,Pass
55,97,4,9.1,3.1,Low,Medium,Limited,Hosteller,5,Yes,40,Pass
53,50,4,5.2,9.4,Medium,Medium,Limited,DayScholar,16,No,28,Fail
90,74,4,9.4,3.5,High,Low,Limited,Hosteller,96,Yes,47,Pass
67,66,2,6.5,8.7,Low,Medium,Unlimited,Hosteller,2,Yes,37,Pass
65,55,1,8.1,6.8,Low,Medium,Limited,DayScholar,3,No,55,Pass
70,90,6,3.8,7.9,Low,Medium,Limited,DayScholar,59,Yes,36,Pass
100,80,1,5.0,4.4,Medium,High,Limited,DayScholar,120,No,62,Pass
74,78,8,7.3,3.7,Medium,High,Unlimited,Hosteller,7,No,41,Pass
39,65,2,7.3,4.3,High,Low,Limited,DayScholar,28,No,14,Fail
74,89,2,6.0,8.8,High,High,Limited,DayScholar,63,No,43,Pass
62,96,2,9.4,5.9,Medium,High,Limited,DayScholar,66,Yes,46,Pass
63,73,4,8.3,6.6,Low,High,Limited,Hosteller,51,No,40,Pass
33,86,3,6.9,7.8,Medium,Medium,Limited,DayScholar,3,No,36,Pass
41,88,3,5.4,10.0,Medium,Low,Limited,Hosteller,98,No,22,Fail
35,77,10,9.4,7.8,High,Medium,Unlimited,DayScholar,55,No,22,Fail
46,83,9,8.6,4.0,Medium,Low,Limited,DayScholar,42,No,25,Fail
30,96,7,6.6,3.1,Medium,High,Limited,Hosteller,4,No,12,Fail
66,96,0,0.7,8.4,Low,Low,Limited,DayScholar,86,Yes,44,Pass
95,92,0,4.5,7.6,Low,Medium,Unlimited,DayScholar,51,Yes,65,Pass
70,84,8,5.0,8.2,High,Medium,Unlimited,DayScholar,32,No,36,Pass
36,54,8,7.8,7.3,Low,High,Limited,Hosteller,11,No,13,Fail
84,76,5,4.3,5.8,Medium,High,Unlimited,DayScholar,94,No,44,Pass
93,97,5,4.5,6.2,Medium,Medium,Unlimited,Hosteller,56,No,52,Pass
46,88,3,7.7,8.8,Low,Medium,Unlimited,Hosteller,3,Yes,29,Fail
94,91,2,0.1,8.0,High,High,Limited,Hosteller,53,Yes,38,Pass
82,98,3,7.0,6.8,Low,High,Unlimited,DayScholar,26,Yes,62,Pass
82,79,7,8.4,8.8,Medium,Low,Limited,Hosteller,80,Yes,49,Pass
97,82,5,5.6,9.0,High,Medium,Unlimited,Hosteller,0,Yes,58,Pass
90,73,3,8.7,3.5,Low,Medium,Unlimited,DayScholar,4,Yes,62,Pass
49,79,0,7.5,8.5,Low,Low,Limited,DayScholar,84,No,47,Pass
92,61,1,0.2,6.0,Medium,Low,Unlimited,Hosteller,73,No,46,Pass
78,85,7,6.3,3.6,Medium,Low,Limited,Hosteller,26,Yes,45,Pass
33,66,2,8.1,4.9,Low,High,Unlimited,DayScholar,69,Yes,13,Fail
83,92,6,9.6,5.6,Low,Medium,Limited,Hosteller,92,Yes,59,Pass
73,98,7,8.8,8.6,Medium,High,Limited,Hosteller,20,Yes,46,Pass
55,97,0,6.1,5.6,Medium,Low,Unlimited,Hosteller,25,No,40,Pass
90,61,3,3.9,6.5,High,Low,Limited,Hosteller,34,No,53,Pass
96,88,8,6.1,8.5,Medium,Medium,Limited,Hosteller,114,No,57,Pass
88,73,7,6.9,7.5,Medium,High,Unlimited,DayScholar,14,Yes,46,Pass
86,96,7,9.7,10.0,Low,High,Limited,Hosteller,84,Yes,48,Pass
39,89,4,8.8,5.0,Medium,High,Limited,DayScholar,109,No,26,Fail
90,74,1,9.3,7.8,Low,Low,Unlimited,Hosteller,22,Yes,62,Pass
57,61,1,4.5,4.8,Low,Low,Unlimited,Hosteller,38,Yes,38,Pass
73,91,7,5.1,6.0,Low,Low,Limited,Hosteller,2,No,43,Pass
84,88,5,4.0,9.3,Medium,Low,Limited,Hosteller,78,Yes,47,Pass
53,98,10,8.5,8.7,Low,High,Unlimited,DayScholar,106,No,29,Fail
84,85,1,0.3,6.7,Medium,High,Limited,Hosteller,39,Yes,35,Pass
64,92,0,7.6,6.9,High,Medium,Limited,Hosteller,103,No,53,Pass
86,55,2,9.2,9.2,Low,Medium,Limited,DayScholar,19,Yes,52,Pass
78,91,8,3.1,8.6,Medium,High,Limited,DayScholar,64,No,40,Pass
94,53,6,9.4,7.6,Low,Medium,Unlimited,DayScholar,68,Yes,56,Pass
41,76,3,9.0,9.4,Low,High,Unlimited,DayScholar,40,Yes,23,Fail
42,85,2,1.1,4.3,Low,Low,Limited,Hosteller,18,No,23,Fail
98,87,7,6.0,7.0,Medium,High,Unlimited,DayScholar,26,Yes,59,Pass
80,85,6,8.9,5.4,Medium,Low,Unlimited,DayScholar,3,No,69,Pass
81,75,1,4.7,7.3,Medium,High,Unlimited,Hosteller,84,No,54,Pass
94,73,4,5.0,6.2,Low,Medium,Unlimited,Hosteller,51,No,50,Pass
79,78,1,8.4,9.2,Medium,Low,Limited,DayScholar,25,No,70,Pass
37,82,1,2.2,9.6,Low,Medium,Limited,DayScholar,120,No,23,Fail
89,83,1,3.9,8.8,Medium,Medium,Unlimited,Hosteller,28,Yes,62,Pass
36,53,1,4.0,9.1,Low,Low,Limited,DayScholar,57,No,14,Fail
81,82,5,3.6,8.4,High,Low,Unlimited,DayScholar,6,Yes,50,Pass
42,54,8,4.8,6.3,Low,Medium,Limited,Hosteller,27,No,20,Fail
84,56,0,2.9,4.0,High,Low,Limited,Hosteller,58,No,49,Pass
56,81,0,8.9,8.5,Low,Medium,Unlimited,Hosteller,90,Yes,43,Pass
95,71,6,9.7,7.9,High,Medium,Unlimited,Hosteller,19,Yes,49,Pass
66,65,1,3.6,4.0,High,Medium,Limited,Hosteller,22,No,36,Pass
59,93,2,8.7,7.9,Low,Medium,Limited,DayScholar,99,Yes,46,Pass
94,88,3,7.9,4.9,High,Low,Limited,Hosteller,75,Yes,64,Pass
98,75,2,3.7,10.0,Low,Medium,Unlimited,Hosteller,81,Yes,49,Pass
89,58,10,6.9,4.4,Low,Medium,Unlimited,Hosteller,59,No,49,Pass
76,98,4,4.9,8.5,Medium,Medium,Limited,Hosteller,99,No,45,Pass
68,99,4,0.5,4.5,Low,Low,Limited,DayScholar,99,No,45,Pass
52,98,5,7.7,8.7,Medium,High,Unlimited,Hosteller,9,Yes,31,Fail
66,82,3,9.0,7.7,Low,Medium,Unlimited,DayScholar,79,No,46,Pass
88,82,7,5.3,3.7,Low,Low,Unlimited,Hosteller,56,Yes,51,Pass
81,85,8,0.8,4.9,High,Low,Limited,DayScholar,1,No,39,Pass
86,59,0,2.6,3.8,High,Low,Limited,DayScholar,17,No,52,Pass
96,94,1,0.5,5.3,Low,Medium,Limited,Hosteller,9,No,59,Pass
52,96,6,7.8,5.7,Medium,Low,Limited,Hosteller,109,No,31,Fail
46,69,0,7.7,3.1,Medium,Medium,Unlimited,DayScholar,12,No,29,Fail
40,97,2,1.0,5.4,Medium,Low,Limited,Hosteller,58,Yes,18,Fail
80,59,2,6.7,6.1,Medium,High,Limited,DayScholar,119,Yes,38,Pass
47,87,4,9.3,5.0,Medium,Medium,Unlimited,Hosteller,34,No,32,Fail
96,77,3,0.8,4.6,Medium,High,Limited,Hosteller,10,Yes,50,Pass
79,74,0,1.4,6.8,Medium,High,Limited,DayScholar,46,Yes,38,Pass
97,88,0,4.5,9.5,Medium,High,Limited,DayScholar,81,Yes,54,Pass
94,65,9,1.6,5.3,Low,High,Unlimited,DayScholar,17,No,45,Pass
40,91,0,1.6,8.9,Low,Medium,Unlimited,Hosteller,25,No,33,Fail
71,86,3,7.1,5.2,Low,Low,Unlimited,DayScholar,99,Yes,52,Pass
95,95,3,2.1,8.1,High,Low,Limited,Hosteller,116,No,52,Pass
70,56,1,2.3,5.1,Low,Medium,Limited,DayScholar,72,No,38,Pass
70,97,2,4.6,5.1,Medium,High,Unlimited,DayScholar,30,No,48,Pass
91,85,0,1.5,3.5,Medium,Medium,Unlimited,Hosteller,66,No,59,Pass
53,71,4,9.3,6.9,Medium,Medium,Unlimited,DayScholar,72,No,34,Fail
83,100,7,4.6,3.6,Low,Low,Unlimited,Hosteller,92,Yes,40,Pass
62,81,2,8.3,7.7,Low,Low,Limited,DayScholar,81,Yes,44,Pass
89,99,6,9.4,6.1,High,High,Unlimited,DayScholar,53,No,46,Pass
75,73,4,5.2,7.5,Medium,Medium,Unlimited,Hosteller,87,Yes,37,Pass
74,62,7,6.2,6.2,Low,High,Limited,Hosteller,106,No,38,Pass
76,79,9,4.7,6.4,Medium,Low,Limited,Hosteller,35,Yes,36,Pass
69,62,3,6.3,7.7,Medium,Low,Unlimited,DayScholar,57,Yes,46,Pass
37,100,9,9.7,9.6,High,Medium,Limited,Hosteller,45,Yes,17,Fail
93,65,4,8.6,6.4,High,High,Unlimited,DayScholar,104,No,50,Pass
92,61,2,7.2,5.2,Low,Low,Unlimited,DayScholar,12,Yes,66,Pass
36,79,10,8.0,6.3,Medium,High,Unlimited,DayScholar,32,No,19,Fail
83,78,9,9.3,8.1,Medium,Low,Limited,DayScholar,105,No,53,Pass
38,65,8,8.3,7.4,High,Medium,Limited,DayScholar,7,No,19,Fail
83,94,1,2.0,7.1,High,High,Limited,DayScholar,16,No,43,Pass
68,85,4,8.4,4.1,Medium,Medium,Unlimited,Hosteller,41,Yes,54,Pass
84,78,1,2.7,3.0,Low,Medium,Limited,DayScholar,43,No,52,Pass
75,55,0,3.4,5.7,Medium,Medium,Limited,DayScholar,10,No,49,Pass
80,64,0,1.8,5.0,Medium,High,Limited,Hosteller,33,No,42,Pass
98,61,1,8.3,4.2,High,Low,Unlimited,DayScholar,58,Yes,58,Pass
87,59,4,4.2,5.8,Low,High,Unlimited,Hosteller,9,No,51,Pass
96,51,9,3.8,3.6,Medium,Medium,Unlimited,DayScholar,104,Yes,40,Pass
96,60,2,7.2,5.5,Low,Medium,Limited,DayScholar,63,No,63,Pass
98,66,9,8.8,4.7,Low,High,Unlimited,Hosteller,43,No,50,Pass
56,82,0,8.2,6.0,Medium,High,Unlimited,DayScholar,61,Yes,35,Pass
68,82,3,6.3,8.4,Low,High,Limited,Hosteller,77,No,40,Pass
95,63,1,6.9,8.6,High,Low,Limited,Hosteller,67,No,50,Pass
57,85,0,6.6,6.8,Medium,Low,Limited,Hosteller,14,No,52,Pass
82,69,5,8.0,6.1,Medium,Medium,Limited,DayScholar,91,No,48,Pass
100,75,6,9.4,9.8,High,High,Limited,DayScholar,54,Yes,45,Pass
77,96,3,0.4,7.2,High,Medium,Limited,Hosteller,40,No,46,Pass
61,66,4,8.7,4.1,Medium,Low,Unlimited,DayScholar,117,No,45,Pass
55,80,10,5.7,8.4,Low,Low,Unlimited,Hosteller,69,No,35,Pass
79,64,6,8.9,5.5,High,Medium,Unlimited,Hosteller,86,No,42,Pass
93,59,10,9.6,9.2,Medium,Low,Limited,Hosteller,50,No,46,Pass
86,67,4,7.9,8.3,Medium,Medium,Limited,DayScholar,70,Yes,50,Pass
42,88,1,2.8,5.9,Low,Medium,Unlimited,Hosteller,54,Yes,21,Fail
89,54,10,6.0,4.1,High,Medium,Unlimited,Hosteller,68,No,36,Pass
62,55,2,9.3,7.4,Medium,Medium,Limited,DayScholar,2,Yes,40,Pass
72,91,0,5.0,7.4,Medium,Low,Limited,Hosteller,82,No,56,Pass
46,87,10,9.9,8.7,Medium,Low,Limited,DayScholar,93,Yes,34,Fail
94,75,10,4.7,5.2,Medium,High,Unlimited,DayScholar,98,Yes,43,Pass
74,68,0,8.7,7.5,Medium,Low,Limited,Hosteller,53,No,53,Pass
77,51,2,1.1,8.1,High,Low,Unlimited,DayScholar,37,No,39,Pass
96,64,2,1.7,8.5,High,Medium,Unlimited,DayScholar,29,No,44,Pass
92,79,5,3.7,5.6,Medium,Low,Limited,DayScholar,2,No,56,Pass
46,71,2,7.0,4.5,High,Medium,Limited,Hosteller,48,No,22,Fail
96,65,5,0.3,4.3,High,Medium,Limited,DayScholar,96,No,39,Pass
43,92,0,5.2,6.9,Medium,Medium,Unlimited,Hosteller,61,Yes,30,Fail
74,92,6,0.6,7.2,Low,Low,Unlimited,Hosteller,57,No,37,Pass
77,77,3,5.8,6.7,Low,High,Limited,DayScholar,87,Yes,48,Pass
93,78,2,4.7,4.8,Medium,Medium,Unlimited,Hosteller,111,No,55,Pass
99,50,5,6.5,4.7,High,Low,Unlimited,Hosteller,57,Yes,40,Pass
42,80,1,0.5,7.9,Low,Medium,Limited,Hosteller,99,Yes,18,Fail
96,58,0,8.3,7.6,Medium,Low,Unlimited,Hosteller,85,No,68,Pass
90,81,5,1.8,7.4,Medium,Low,Limited,Hosteller,44,Yes,51,Pass
37,78,5,4.2,9.0,Low,Low,Unlimited,DayScholar,67,Yes,20,Fail
30,90,2,6.4,4.6,Medium,Medium,Limited,DayScholar,26,No,26,Fail
38,94,2,6.1,7.6,Low,Medium,Limited,Hosteller,76,No,33,Fail
78,51,3,3.7,5.1,Low,Low,Unlimited,DayScholar,59,No,41,Pass
99,76,7,6.5,4.9,High,Low,Unlimited,DayScholar,72,No,59,Pass
95,92,0,8.9,7.0,High,Medium,Unlimited,Hosteller,113,No,71,Pass
80,55,5,8.4,4.9,Low,Low,Unlimited,DayScholar,112,No,44,Pass
86,98,10,4.5,4.2,Low,Low,Limited,DayScholar,6,Yes,51,Pass
48,92,0,8.8,6.0,Medium,High,Unlimited,DayScholar,44,Yes,29,Fail
94,86,10,5.1,9.9,High,Low,Unlimited,Hosteller,57,No,36,Pass
93,70,7,9.1,9.1,Low,Low,Unlimited,Hosteller,46,No,59,Pass
70,81,0,2.3,8.8,Medium,High,Unlimited,Hosteller,28,No,47,Pass
83,79,9,4.2,5.4,Low,High,Unlimited,DayScholar,79,Yes,36,Pass
92,75,4,1.0,6.3,Low,High,Limited,Hosteller,98,Yes,43,Pass
45,59,0,0.3,7.1,Medium,Low,Limited,Hosteller,45,No,23,Fail
83,74,10,8.8,3.0,Low,Medium,Unlimited,DayScholar,23,No,41,Pass
100,79,6,2.9,5.4,Low,High,Limited,Hosteller,70,No,48,Pass
74,82,7,2.8,4.6,Low,High,Unlimited,DayScholar,35,No,37,Pass
90,64,3,5.4,6.1,Medium,Low,Limited,Hosteller,37,Yes,45,Pass
98,78,9,7.5,8.2,High,High,Unlimited,Hosteller,81,Yes,41,Pass
65,61,10,9.5,4.5,Medium,High,Limited,DayScholar,25,No,35,Pass
46,78,3,3.2,4.1,Low,Medium,Limited,DayScholar,98,No,29,Fail
64,80,4,6.8,7.8,High,Medium,Limited,Hosteller,79,No,40,Pass
39,78,0,6.6,6.9,Medium,Medium,Unlimited,Hosteller,44,Yes,23,Fail
40,77,4,2.3,7.9,Medium,Low,Limited,Hosteller,117,No,19,Fail
36,99,9,8.0,4.3,High,Low,Limited,DayScholar,96,Yes,13,Fail
90,90,1,3.3,5.3,Medium,Medium,Limited,DayScholar,44,No,62,Pass
93,64,7,3.1,5.6,Low,Medium,Limited,Hosteller,40,Yes,47,Pass
93,54,9,1.6,4.7,Medium,Medium,Unlimited,Hosteller,92,No,35,Pass
43,53,0,9.8,4.7,Low,Low,Unlimited,Hosteller,32,Yes,40,Pass
81,91,0,9.7,9.8,High,Low,Unlimited,DayScholar,68,Yes,55,Pass
37,98,0,5.8,9.1,Low,Medium,Unlimited,Hosteller,89,Yes,21,Fail
78,98,8,7.9,8.7,Low,Low,Limited,Hosteller,36,Yes,57,Pass
30,85,1,1.2,6.5,Medium,High,Limited,DayScholar,24,Yes,5,Fail
97,73,9,7.3,4.3,Low,High,Unlimited,Hosteller,115,No,42,Pass
87,57,9,7.2,3.8,Medium,Low,Limited,Hosteller,80,No,36,Pass
78,60,9,7.1,7.3,Low,High,Limited,DayScholar,15,Yes,38,Pass
48,99,0,7.9,6.0,Medium,Medium,Limited,DayScholar,119,Yes,44,Pass
87,83,10,3.0,6.1,Medium,High,Unlimited,Hosteller,72,No,40,Pass
76,66,7,9.1,4.3,Medium,Low,Limited,DayScholar,12,No,50,Pass
30,96,0,3.8,8.7,Medium,Low,Limited,Hosteller,29,No,25,Fail
100,75,8,2.5,6.5,Medium,Low,Unlimited,DayScholar,88,Yes,48,Pass
71,90,6,4.3,8.8,Low,High,Unlimited,DayScholar,50,Yes,37,Pass
40,55,9,9.8,8.6,High,Low,Limited,Hosteller,34,No,22,Fail
86,51,0,10.0,3.1,Medium,Medium,Limited,DayScholar,48,Yes,58,Pass
67,56,7,7.9,6.2,Low,Medium,Unlimited,DayScholar,43,No,38,Pass
95,98,10,4.9,8.2,Medium,Medium,Unlimited,Hosteller,6,No,52,Pass
46,95,6,4.5,8.8,High,Low,Limited,Hosteller,40,No,25,Fail
60,87,1,7.7,3.2,Low,Medium,Limited,Hosteller,25,No,43,Pass
97,60,9,8.8,4.2,High,Low,Limited,Hosteller,70,No,53,Pass
71,75,8,4.7,5.3,High,Low,Unlimited,DayScholar,36,No,36,Pass
100,88,3,2.4,5.3,Medium,High,Limited,DayScholar,62,Yes,52,Pass
64,86,1,3.2,7.0,Low,Low,Unlimited,DayScholar,90,Yes,38,Pass
92,63,3,3.0,4.4,High,High,Unlimited,DayScholar,44,No,35,Pass
81,64,4,4.7,7.1,Low,Medium,Limited,Hosteller,40,Yes,46,Pass
30,65,4,5.2,9.3,Low,Low,Unlimited,Hosteller,6,Yes,10,Fail
100,81,4,9.9,7.7,Low,High,Unlimited,Hosteller,111,Yes,70,Pass
78,92,2,3.4,10.0,Low,High,Limited,Hosteller,0,No,53,Pass
76,64,5,8.8,6.8,Low,Low,Unlimited,DayScholar,65,Yes,53,Pass
78,64,5,7.5,5.4,High,Low,Limited,Hosteller,67,No,38,Pass
83,70,1,8.6,4.0,Medium,Medium,Limited,Hosteller,109,Yes,41,Pass
79,87,0,9.6,3.9,Medium,High,Unlimited,Hosteller,92,Yes,54,Pass
79,84,8,6.2,5.0,Medium,High,Limited,Hosteller,112,Yes,38,Pass
39,77,7,2.1,4.6,Low,Medium,Limited,Hosteller,14,No,21,Fail
75,97,5,3.0,4.7,Low,High,Unlimited,DayScholar,23,No,49,Pass
88,71,5,0.9,9.1,Medium,Medium,Unlimited,Hosteller,0,Yes,38,Pass
87,77,9,8.2,6.0,Medium,Medium,Unlimited,DayScholar,49,No,50,Pass
41,55,0,10.0,10.0,Medium,Medium,Limited,Hosteller,106,No,28,Fail
81,73,3,0.8,3.9,Low,Medium,Unlimited,DayScholar,92,No,35,Pass
94,83,10,9.6,3.1,Low,Medium,Limited,DayScholar,14,No,60,Pass
100,84,10,7.6,5.0,Low,High,Unlimited,Hosteller,29,No,70,Pass
86,100,4,0.4,8.2,Low,Medium,Limited,Hosteller,67,No,40,Pass
38,94,0,6.5,4.5,Low,Low,Unlimited,DayScholar,43,No,37,Pass
33,56,2,4.2,5.1,High,Low,Unlimited,DayScholar,10,No,11,Fail
97,71,10,9.0,9.1,High,High,Limited,Hosteller,52,No,35,Pass
89,90,2,2.5,6.0,Medium,Low,Unlimited,DayScholar,76,Yes,51,Pass
97,75,0,3.5,5.5,High,Low,Limited,Hosteller,7,No,65,Pass
32,96,10,8.6,7.3,Low,Low,Unlimited,DayScholar,49,No,18,Fail
67,97,3,9.2,4.2,Low,High,Unlimited,DayScholar,100,No,46,Pass
73,94,4,7.4,9.5,Medium,High,Limited,DayScholar,78,No,39,Pass
33,51,1,3.4,6.4,Medium,Medium,Unlimited,DayScholar,55,No,15,Fail
99,86,10,1.2,4.8,High,Medium,Unlimited,Hosteller,101,Yes,36,Pass
52,95,1,6.1,8.9,Medium,High,Limited,Hosteller,4,Yes,33,Fail
99,84,5,4.8,5.5,Low,Low,Unlimited,Hosteller,11,Yes,71,Pass
93,89,7,3.6,5.7,Low,High,Unlimited,DayScholar,23,No,55,Pass
90,67,1,5.1,5.8,Medium,Low,Limited,DayScholar,100,No,52,Pass
100,75,6,3.0,8.5,Medium,Medium,Unlimited,Hosteller,92,Yes,58,Pass
40,92,6,8.8,6.4,Medium,Medium,Limited,Hosteller,92,No,33,Fail
88,54,0,2.4,3.7,Low,Low,Unlimited,Hosteller,55,No,45,Pass
77,62,5,3.3,7.9,Low,High,Limited,DayScholar,45,No,43,Pass
75,92,2,4.9,9.9,Medium,Low,Unlimited,Hosteller,59,No,46,Pass
37,91,9,5.8,8.8,High,Medium,Unlimited,DayScholar,1,No,19,Fail
48,95,9,9.3,5.9,Low,Medium,Unlimited,Hosteller,52,No,31,Fail
36,74,5,7.4,6.7,Medium,Low,Limited,DayScholar,108,No,21,Fail
57,61,1,8.3,6.0,Low,Low,Unlimited,Hosteller,0,No,41,Pass
95,84,6,2.3,6.4,Low,Medium,Unlimited,Hosteller,71,No,60,Pass
99,62,4,6.4,7.5,High,High,Unlimited,Hosteller,17,Yes,43,Pass
43,93,1,0.9,8.0,Low,High,Unlimited,DayScholar,104,No,18,Fail
91,93,7,3.8,4.3,High,Medium,Limited,Hosteller,108,No,47,Pass
85,67,8,8.9,8.0,Low,High,Unlimited,DayScholar,68,Yes,38,Pass
79,97,2,2.8,5.4,Medium,Low,Limited,DayScholar,82,Yes,41,Pass
85,81,7,7.6,4.3,Low,High,Unlimited,DayScholar,114,No,57,Pass
89,96,8,5.1,6.3,High,Medium,Limited,DayScholar,84,Yes,45,Pass
36,85,0,5.0,4.1,Medium,Low,Unlimited,DayScholar,60,Yes,20,Fail
44,75,4,8.1,8.4,High,Medium,Unlimited,DayScholar,94,Yes,26,Fail
93,82,6,1.5,7.2,Medium,High,Limited,Hosteller,74,Yes,43,Pass
78,81,2,6.2,3.9,High,Low,Unlimited,DayScholar,84,Yes,48,Pass
79,77,9,3.8,4.3,Low,Low,Limited,DayScholar,43,Yes,50,Pass
96,87,10,2.5,9.4,Medium,High,Limited,DayScholar,28,No,42,Pass
61,83,10,4.4,6.3,Low,Medium,Limited,Hosteller,89,No,36,Pass
100,88,7,2.5,4.6,Medium,Medium,Limited,Hosteller,55,No,61,Pass
85,87,5,8.1,5.2,High,High,Unlimited,Hosteller,11,Yes,38,Pass
32,85,1,7.1,9.7,Medium,High,Limited,DayScholar,14,Yes,21,Fail
40,77,5,4.9,8.8,Low,Medium,Unlimited,DayScholar,81,Yes,23,Fail
79,52,5,8.9,8.5,Medium,Low,Limited,Hosteller,42,No,55,Pass
54,77,1,1.6,9.1,Medium,Low,Limited,Hosteller,113,Yes,29,Fail
53,93,5,5.8,9.0,High,Low,Unlimited,DayScholar,99,No,29,Fail
98,83,5,9.4,6.8,Low,Low,Limited,DayScholar,15,No,79,Pass
66,84,3,8.7,7.6,Low,Medium,Limited,DayScholar,47,No,49,Pass
38,75,6,5.1,7.5,Medium,Low,Unlimited,DayScholar,69,No,22,Fail
94,99,7,9.4,6.9,High,Low,Limited,DayScholar,95,Yes,58,Pass
42,82,6,2.3,8.3,Medium,Medium,Unlimited,DayScholar,111,Yes,18,Fail
96,54,2,8.2,7.7,High,High,Unlimited,DayScholar,12,No,58,Pass
93,99,5,0.4,9.5,Low,Medium,Limited,Hosteller,105,Yes,42,Pass
74,50,0,0.6,5.4,Low,Low,Unlimited,Hosteller,120,No,42,Pass
78,93,6,8.9,7.9,Low,Medium,Limited,Hosteller,81,Yes,47,Pass
73,59,6,6.5,6.4,Medium,High,Unlimited,Hosteller,26,Yes,37,Pass
69,77,4,9.0,4.2,Medium,Low,Unlimited,DayScholar,91,Yes,46,Pass
93,74,5,3.1,7.2,Low,Medium,Unlimited,DayScholar,94,Yes,45,Pass
97,82,9,3.1,3.9,High,Medium,Limited,Hosteller,115,No,46,Pass
53,55,4,5.3,4.4,Low,Medium,Unlimited,DayScholar,60,No,36,Pass
34,75,1,4.8,6.5,Low,Medium,Limited,Hosteller,49,Yes,17,Fail
90,91,2,8.9,3.2,Low,High,Unlimited,Hosteller,2,Yes,65,Pass
98,84,3,4.1,3.9,Low,Medium,Unlimited,DayScholar,117,Yes,52,Pass
34,68,0,9.7,3.4,Low,High,Unlimited,Hosteller,89,No,18,Fail
80,56,0,7.5,6.4,Medium,High,Unlimited,DayScholar,88,No,55,Pass
84,94,10,6.5,9.7,Low,Low,Unlimited,Hosteller,46,No,46,Pass
94,74,1,1.2,9.7,Low,Low,Unlimited,Hosteller,5,No,43,Pass
48,59,7,8.7,6.3,Low,Low,Limited,Hosteller,21,No,31,Fail
58,69,7,9.7,7.4,Low,High,Limited,DayScholar,82,No,33,Fail
49,68,2,6.2,5.5,Low,Low,Limited,Hosteller,96,Yes,30,Fail
82,62,6,6.6,7.1,Low,Low,Limited,DayScholar,21,Yes,44,Pass
40,91,6,1.1,4.7,Low,Medium,Limited,DayScholar,5,Yes,23,Fail
65,80,5,7.0,7.4,Low,High,Unlimited,Hosteller,43,Yes,36,Pass
78,77,3,5.7,9.4,Low,High,Unlimited,Hosteller,41,No,54,Pass
37,75,8,2.2,7.3,Medium,Low,Limited,Hosteller,45,No,12,Fail
63,91,3,9.8,4.6,High,High,Limited,DayScholar,48,Yes,44,Pass
79,100,10,6.3,7.7,Low,Low,Unlimited,DayScholar,59,No,44,Pass
34,63,0,4.0,5.0,Low,Low,Unlimited,Hosteller,17,No,18,Fail
90,98,2,7.9,4.4,Medium,Low,Limited,DayScholar,95,Yes,58,Pass
37,81,7,5.6,4.0,Medium,Medium,Limited,Hosteller,101,No,21,Fail
75,81,0,0.4,4.8,Medium,Medium,Unlimited,Hosteller,97,No,40,Pass
70,64,7,7.8,9.7,Medium,Medium,Unlimited,Hosteller,15,No,40,Pass
44,79,1,8.2,7.1,High,High,Limited,DayScholar,111,Yes,20,Fail
92,62,3,3.2,9.6,High,High,Limited,DayScholar,116,No,35,Pass
31,64,7,6.5,8.9,Low,Medium,Unlimited,Hosteller,72,No,14,Fail
53,79,8,9.6,5.9,Low,Medium,Limited,DayScholar,9,No,47,Pass
77,79,5,7.5,9.6,High,High,Unlimited,DayScholar,17,No,44,Pass
74,68,4,7.5,5.8,Medium,Low,Unlimited,DayScholar,28,Yes,49,Pass
41,75,4,2.3,5.0,Medium,Low,Unlimited,DayScholar,48,Yes,22,Fail
97,100,6,4.3,4.6,Low,High,Limited,Hosteller,110,No,47,Pass
84,54,10,7.7,5.4,Medium,Medium,Limited,DayScholar,112,No,41,Pass
96,87,5,0.5,3.4,High,Low,Limited,Hosteller,2,No,44,Pass
95,67,7,7.0,5.3,Low,High,Limited,Hosteller,33,No,43,Pass
36,97,8,6.2,8.6,Low,High,Limited,Hosteller,69,Yes,14,Fail
53,61,6,7.3,8.7,Medium,Medium,Unlimited,Hosteller,7,No,32,Fail
81,98,1,0.8,5.8,Medium,Medium,Unlimited,Hosteller,58,No,52,Pass
87,86,4,5.0,7.6,Low,Low,Unlimited,Hosteller,118,No,54,Pass
33,78,3,6.0,6.5,Low,Medium,Limited,Hosteller,84,Yes,25,Fail
77,74,4,6.7,6.3,Low,High,Unlimited,DayScholar,49,Yes,45,Pass
30,51,5,5.3,8.1,Low,High,Unlimited,DayScholar,24,Yes,10,Fail
76,82,2,1.9,3.3,High,High,Limited,DayScholar,10,No,42,Pass
44,80,1,2.1,5.2,Low,High,Limited,Hosteller,10,No,30,Fail
39,69,5,8.8,6.5,Low,Low,Unlimited,Hosteller,104,No,27,Fail
74,77,10,6.3,7.2,Low,Medium,Unlimited,DayScholar,49,No,43,Pass
82,77,4,4.3,6.3,High,Medium,Unlimited,DayScholar,33,Yes,35,Pass
30,98,3,5.9,3.9,Medium,High,Limited,DayScholar,62,Yes,7,Fail
60,80,6,2.7,4.7,Medium,High,Limited,DayScholar,17,No,35,Pass
88,86,0,7.9,4.2,High,Low,Unlimited,Hosteller,18,No,68,Pass
75,60,0,6.8,7.9,Low,Medium,Limited,DayScholar,36,Yes,46,Pass
89,59,0,7.3,8.5,Medium,High,Unlimited,DayScholar,70,No,47,Pass
91,56,4,4.0,6.6,High,Low,Unlimited,Hosteller,9,No,37,Pass
98,55,0,9.1,5.0,Medium,High,Unlimited,DayScholar,108,Yes,61,Pass
75,100,0,8.6,10.0,High,Medium,Limited,DayScholar,9,Yes,51,Pass
90,68,5,5.5,9.3,Medium,Low,Limited,Hosteller,48,No,40,Pass
31,59,1,9.7,5.8,Low,Low,Unlimited,DayScholar,82,No,32,Fail
36,73,1,3.3,4.6,Low,Low,Unlimited,DayScholar,93,Yes,19,Fail
86,85,0,9.3,6.9,Low,Medium,Limited,DayScholar,52,No,82,Pass
93,85,7,4.5,8.3,Low,Medium,Limited,DayScholar,115,No,51,Pass
83,97,0,0.5,5.8,Low,Medium,Limited,Hosteller,28,Yes,58,Pass
40,71,2,5.4,7.9,Low,Medium,Unlimited,DayScholar,94,Yes,21,Fail
78,79,2,4.1,6.3,High,Medium,Unlimited,DayScholar,25,Yes,41,Pass
100,71,9,0.1,5.0,Low,Low,Unlimited,Hosteller,81,Yes,36,Pass
72,50,1,5.5,6.7,Low,Medium,Limited,Hosteller,60,No,44,Pass
42,86,2,5.4,4.2,Low,Low,Unlimited,DayScholar,106,Yes,33,Fail
82,97,4,5.4,8.4,Low,High,Unlimited,Hosteller,113,Yes,36,Pass
97,79,8,4.2,3.5,High,Medium,Unlimited,Hosteller,112,Yes,35,Pass
78,84,1,5.3,6.4,High,High,Limited,DayScholar,22,No,44,Pass
36,85,9,8.5,7.5,Medium,Medium,Unlimited,Hosteller,85,Yes,19,Fail
61,54,4,3.1,4.9,Low,Medium,Unlimited,DayScholar,6,No,40,Pass
39,89,9,5.7,7.2,Low,Medium,Limited,Hosteller,79,Yes,19,Fail
98,80,6,9.9,4.4,High,High,Unlimited,Hosteller,31,Yes,54,Pass
83,97,6,9.9,4.3,High,Medium,Unlimited,DayScholar,22,No,59,Pass
71,66,6,1.4,3.5,Low,Low,Unlimited,Hosteller,25,No,36,Pass
80,52,1,1.6,4.1,Medium,High,Limited,DayScholar,3,Yes,38,Pass
96,77,4,6.9,8.4,Medium,Low,Unlimited,Hosteller,83,Yes,55,Pass
54,97,3,8.9,4.7,Medium,Low,Unlimited,DayScholar,1,No,56,Pass
35,60,2,5.9,4.9,High,Medium,Unlimited,DayScholar,25,Yes,11,Fail
70,80,1,2.9,8.7,Low,Medium,Unlimited,DayScholar,57,No,54,Pass
63,89,4,6.1,6.6,Medium,Medium,Unlimited,Hosteller,86,No,44,Pass
64,76,3,7.8,4.1,High,Low,Limited,DayScholar,1,Yes,41,Pass
37,75,0,8.4,8.1,Medium,Low,Limited,Hosteller,67,Yes,33,Fail
45,88,0,8.7,8.7,High,Low,Unlimited,Hosteller,44,Yes,37,Pass
62,95,0,9.9,9.0,Medium,Medium,Unlimited,DayScholar,5,No,64,Pass
93,93,4,4.7,4.0,Medium,High,Unlimited,Hosteller,56,Yes,48,Pass
51,70,6,6.7,4.0,Low,Low,Limited,Hosteller,24,No,37,Pass
71,88,2,6.2,6.8,High,Low,Unlimited,DayScholar,65,No,38,Pass
88,62,8,7.9,8.1,Medium,Low,Limited,DayScholar,5,No,60,Pass
47,99,10,6.0,6.5,Low,Medium,Limited,DayScholar,106,No,29,Fail
94,64,9,7.8,8.7,Medium,Low,Limited,Hosteller,89,No,49,Pass
64,96,4,9.3,3.2,Low,Low,Limited,DayScholar,1,No,61,Pass
62,96,7,4.9,4.7,Low,Low,Limited,DayScholar,46,No,50,Pass
85,65,6,7.5,6.7,Low,Medium,Limited,DayScholar,60,Yes,50,Pass
57,74,2,6.0,8.9,Low,Medium,Unlimited,DayScholar,9,No,41,Pass
34,88,2,5.1,9.7,Low,High,Unlimited,DayScholar,18,Yes,16,Fail
43,89,0,7.3,4.8,High,Medium,Limited,DayScholar,21,No,44,Pass
84,98,8,3.8,3.1,Low,Medium,Unlimited,DayScholar,17,No,52,Pass
48,62,0,10.0,8.4,Medium,Medium,Unlimited,DayScholar,104,No,30,Fail
38,81,3,6.2,7.0,High,Low,Unlimited,DayScholar,56,Yes,14,Fail
89,66,8,4.3,6.5,Medium,Medium,Unlimited,DayScholar,19,No,42,Pass
59,83,2,8.4,3.3,High,Low,Limited,Hosteller,15,Yes,44,Pass
85,56,5,9.6,8.1,High,Low,Limited,DayScholar,47,Yes,42,Pass
62,98,1,7.0,8.4,High,Low,Limited,DayScholar,81,No,51,Pass
46,85,8,6.0,5.0,Low,High,Unlimited,Hosteller,35,Yes,22,Fail
93,88,9,8.5,9.3,Medium,Low,Limited,DayScholar,77,No,52,Pass
39,93,9,9.3,4.0,Low,Low,Limited,DayScholar,98,Yes,18,Fail
61,76,2,3.5,4.5,Medium,Medium,Limited,DayScholar,4,No,47,Pass
86,71,3,2.4,9.4,Medium,Medium,Limited,DayScholar,3,Yes,42,Pass
75,81,2,9.2,6.8,High,Low,Limited,DayScholar,39,Yes,59,Pass
43,70,0,8.0,5.3,Medium,High,Limited,DayScholar,92,Yes,18,Fail
62,93,0,4.1,3.9,Low,Low,Unlimited,Hosteller,2,No,52,Pass
72,97,6,5.4,4.1,Medium,Low,Limited,Hosteller,86,Yes,37,Pass
82,88,9,8.1,5.9,Medium,High,Limited,DayScholar,116,Yes,46,Pass
95,82,0,2.8,10.0,Medium,Low,Limited,Hosteller,54,No,62,Pass
71,94,1,4.0,6.0,Medium,Medium,Limited,Hosteller,102,No,51,Pass
98,80,5,9.5,6.8,High,High,Limited,DayScholar,1,Yes,66,Pass
68,77,2,7.3,9.8,Low,Medium,Limited,DayScholar,41,Yes,41,Pass
32,86,2,1.6,5.6,Medium,Low,Unlimited,Hosteller,4,Yes,16,Fail
90,65,4,1.9,5.2,Medium,Low,Unlimited,DayScholar,29,Yes,40,Pass
34,98,5,6.7,4.9,High,High,Limited,DayScholar,6,Yes,16,Fail
32,80,5,8.5,5.6,High,Low,Unlimited,Hosteller,47,Yes,14,Fail
78,55,4,6.8,6.4,Medium,High,Limited,Hosteller,7,No,40,Pass
50,77,6,7.1,4.4,Medium,Low,Unlimited,DayScholar,46,No,39,Pass
100,62,9,5.9,8.7,High,High,Limited,Hosteller,28,No,48,Pass
76,69,2,3.0,7.2,High,Medium,Limited,DayScholar,3,Yes,40,Pass
87,80,3,5.0,8.4,Medium,Medium,Limited,Hosteller,21,Yes,57,Pass
98,65,10,5.5,4.9,Low,Medium,Unlimited,DayScholar,70,Yes,44,Pass
74,61,6,9.7,6.7,High,Low,Limited,DayScholar,14,Yes,48,Pass
56,88,4,7.4,8.8,Medium,Low,Unlimited,Hosteller,120,No,39,Pass
92,61,9,4.5,7.8,Medium,Medium,Limited,DayScholar,118,Yes,36,Pass
43,78,2,7.1,6.9,Medium,Medium,Unlimited,Hosteller,102,No,38,Pass
35,81,1,8.3,5.2,High,High,Unlimited,Hosteller,87,Yes,13,Fail
96,92,0,4.3,3.7,Low,Low,Limited,DayScholar,81,Yes,54,Pass
94,85,3,0.4,8.8,Medium,High,Unlimited,Hosteller,87,No,54,Pass
47,57,0,3.6,8.6,Low,Low,Limited,Hosteller,76,No,27,Fail
45,80,1,9.9,5.5,Low,High,Unlimited,DayScholar,65,No,42,Pass
73,63,6,8.8,6.5,High,Low,Limited,Hosteller,45,No,40,Pass
100,90,5,7.2,4.7,Medium,High,Limited,DayScholar,59,Yes,65,Pass
87,83,1,4.0,8.5,Medium,High,Unlimited,DayScholar,24,Yes,47,Pass
100,73,7,5.9,4.8,Low,Low,Limited,DayScholar,40,Yes,50,Pass
85,85,0,10.0,9.0,Low,Medium,Unlimited,DayScholar,34,Yes,66,Pass
87,63,3,6.9,4.3,Medium,Medium,Unlimited,DayScholar,26,No,54,Pass
76,62,2,9.4,7.9,Low,Low,Unlimited,Hosteller,11,Yes,60,Pass
60,61,1,9.5,9.0,High,Low,Unlimited,DayScholar,103,No,37,Pass
89,59,5,6.6,4.1,Medium,Medium,Limited,Hosteller,63,Yes,47,Pass
36,86,2,7.2,4.8,Medium,High,Limited,Hosteller,6,Yes,27,Fail
51,71,3,8.4,6.1,Medium,Low,Unlimited,DayScholar,76,No,35,Pass
84,64,1,2.5,7.5,High,Medium,Unlimited,Hosteller,19,Yes,41,Pass
42,90,9,9.2,3.4,Medium,Low,Limited,Hosteller,13,No,26,Fail
78,73,7,5.6,7.8,Medium,High,Unlimited,Hosteller,0,Yes,36,Pass
73,64,3,7.8,6.2,High,Low,Unlimited,Hosteller,14,Yes,36,Pass
94,85,7,8.2,5.3,High,Medium,Unlimited,DayScholar,30,Yes,63,Pass
74,96,0,4.2,5.4,Medium,High,Unlimited,Hosteller,71,No,52,Pass
81,63,8,3.3,6.0,Medium,Medium,Limited,Hosteller,41,No,40,Pass
52,86,7,5.4,3.4,Low,Medium,Unlimited,DayScholar,54,No,28,Fail
42,94,4,3.9,6.9,Low,High,Unlimited,DayScholar,21,Yes,20,Fail
71,58,1,8.6,7.7,Low,High,Unlimited,DayScholar,14,Yes,44,Pass
48,79,1,4.0,8.0,High,Medium,Limited,DayScholar,11,Yes,26,Fail
94,100,9,10.0,9.6,High,Medium,Unlimited,DayScholar,38,No,52,Pass
88,68,10,3.7,6.3,Low,High,Limited,DayScholar,47,No,36,Pass
79,64,10,9.1,5.0,High,Low,Unlimited,DayScholar,116,No,41,Pass
80,68,6,6.2,5.2,Low,High,Limited,DayScholar,36,No,45,Pass
99,89,8,8.3,4.8,High,Medium,Limited,Hosteller,116,No,65,Pass
73,76,3,8.5,7.7,Low,High,Unlimited,DayScholar,43,No,51,Pass
67,95,1,8.5,9.0,Medium,Medium,Unlimited,DayScholar,111,Yes,45,Pass
74,85,2,0.3,3.3,Low,Medium,Unlimited,DayScholar,14,No,42,Pass
100,85,4,2.8,9.7,Low,Medium,Unlimited,DayScholar,17,No,59,Pass
96,74,2,4.0,3.2,Low,Medium,Limited,DayScholar,42,Yes,47,Pass
30,90,1,7.7,9.7,High,High,Limited,Hosteller,37,No,9,Fail
39,89,9,6.3,6.2,Low,Medium,Unlimited,Hosteller,51,No,28,Fail
35,89,4,2.3,4.9,Medium,Low,Unlimited,DayScholar,6,No,30,Fail
96,59,2,3.5,6.7,Low,Low,Unlimited,DayScholar,59,No,60,Pass
68,92,8,3.5,3.1,Medium,Low,Limited,Hosteller,57,Yes,35,Pass
50,75,2,8.2,7.4,Low,Medium,Limited,Hosteller,6,Yes,48,Pass
85,54,9,5.2,5.3,Medium,Medium,Unlimited,Hosteller,12,No,42,Pass
93,75,4,5.9,7.8,Medium,High,Unlimited,DayScholar,101,No,61,Pass
88,83,4,6.9,4.6,Low,Medium,Unlimited,DayScholar,21,Yes,72,Pass
76,99,5,1.7,7.2,High,Low,Limited,DayScholar,22,No,46,Pass
86,62,10,8.8,8.4,Low,High,Unlimited,Hosteller,82,No,37,Pass
42,94,9,9.4,5.3,Low,Low,Unlimited,Hosteller,70,Yes,22,Fail
94,61,5,6.1,4.7,Low,High,Limited,DayScholar,53,No,59,Pass
59,90,5,9.1,9.3,Low,Low,Limited,Hosteller,33,Yes,41,Pass
92,75,4,3.7,8.8,Medium,Medium,Limited,Hosteller,103,No,59,Pass
43,84,6,8.9,5.7,Medium,High,Unlimited,DayScholar,30,Yes,20,Fail
92,98,5,1.4,9.7,High,Low,Limited,Hosteller,116,Yes,43,Pass
33,89,10,5.4,7.2,Low,Medium,Limited,Hosteller,83,Yes,14,Fail
90,100,5,7.7,7.5,High,High,Unlimited,DayScholar,15,No,46,Pass
87,83,5,8.4,6.0,Low,Medium,Unlimited,DayScholar,28,No,73,Pass
44,94,6,7.8,9.3,High,Medium,Limited,Hosteller,58,No,20,Fail
93,89,2,5.3,6.8,Low,Medium,Limited,DayScholar,34,Yes,59,Pass
54,94,0,1.4,3.8,Low,Medium,Unlimited,Hosteller,52,Yes,31,Fail
94,69,6,1.6,8.7,Medium,Low,Limited,DayScholar,41,No,51,Pass
42,99,9,7.8,5.1,Low,Medium,Unlimited,DayScholar,56,No,26,Fail
99,80,3,4.8,4.2,Medium,Low,Unlimited,Hosteller,106,No,65,Pass
81,94,7,4.0,6.7,Medium,Medium,Unlimited,DayScholar,49,No,44,Pass
61,58,2,9.6,7.9,Medium,Medium,Unlimited,Hosteller,38,Yes,35,Pass
35,75,4,5.5,9.1,Low,Medium,Unlimited,DayScholar,35,Yes,15,Fail
56,77,5,6.7,5.3,Low,Low,Unlimited,DayScholar,115,No,49,Pass
96,76,8,3.7,3.9,Low,High,Limited,DayScholar,41,No,51,Pass
94,74,0,5.1,10.0,Low,Medium,Unlimited,DayScholar,9,Yes,60,Pass
51,77,3,5.2,6.3,Medium,Medium,Unlimited,DayScholar,32,Yes,28,Fail
93,62,9,4.3,8.4,Medium,Low,Unlimited,Hosteller,18,No,41,Pass
78,72,2,7.7,9.6,Low,Low,Unlimited,Hosteller,118,Yes,47,Pass
97,58,4,0.8,4.8,Low,Medium,Limited,DayScholar,61,No,46,Pass
83,86,9,1.9,8.4,Medium,Low,Limited,Hosteller,48,Yes,46,Pass
40,81,2,6.7,7.9,Medium,Medium,Limited,DayScholar,41,Yes,36,Pass
94,91,6,2.1,3.9,High,Low,Unlimited,Hosteller,8,No,42,Pass
54,99,2,1.9,9.1,Low,Low,Unlimited,DayScholar,73,Yes,32,Fail
94,64,4,8.3,3.8,High,Medium,Unlimited,DayScholar,91,No,44,Pass
88,65,9,5.0,3.0,Low,Medium,Unlimited,DayScholar,80,Yes,38,Pass
49,78,7,7.9,8.7,Medium,Low,Limited,DayScholar,39,Yes,36,Pass
95,69,10,9.4,9.6,Medium,High,Limited,Hosteller,0,Yes,45,Pass
77,98,0,7.7,6.1,Medium,Low,Limited,Hosteller,62,Yes,52,Pass
76,52,1,8.6,8.2,Low,High,Limited,DayScholar,116,Yes,37,Pass
94,63,5,5.4,7.4,Low,Medium,Unlimited,DayScholar,36,Yes,57,Pass
97,55,0,8.6,8.7,Low,High,Unlimited,DayScholar,41,Yes,66,Pass
84,94,4,3.4,7.6,Medium,Low,Limited,DayScholar,86,No,56,Pass
73,52,4,4.3,4.8,Medium,Low,Limited,Hosteller,29,No,42,Pass
65,61,0,9.6,3.9,Medium,High,Limited,Hosteller,88,No,36,Pass
57,98,2,6.2,8.6,Low,Medium,Limited,DayScholar,37,No,39,Pass
84,89,3,4.2,4.9,Low,High,Limited,DayScholar,21,Yes,47,Pass
65,83,6,9.0,6.0,Low,High,Limited,Hosteller,20,Yes,35,Pass
96,82,4,6.0,5.1,Medium,High,Limited,DayScholar,91,No,54,Pass
94,96,2,8.4,10.0,High,Low,Limited,Hosteller,65,Yes,50,Pass
77,52,3,8.7,5.0,High,Low,Unlimited,Hosteller,47,Yes,42,Pass
51,95,7,1.4,7.5,Low,Medium,Unlimited,Hosteller,113,No,28,Fail
86,79,6,5.2,9.3,Medium,Low,Limited,DayScholar,43,No,55,Pass
31,94,2,2.3,9.7,Low,Medium,Unlimited,Hosteller,97,No,8,Fail
40,80,1,9.5,6.9,High,Medium,Unlimited,Hosteller,101,No,30,Fail
61,96,6,8.4,5.9,Low,Low,Limited,Hosteller,74,No,40,Pass
93,85,6,8.3,9.1,Medium,Low,Limited,DayScholar,118,Yes,61,Pass
43,77,4,5.0,4.5,Medium,High,Unlimited,Hosteller,60,Yes,24,Fail
83,98,2,5.8,6.5,Medium,Medium,Limited,DayScholar,76,No,57,Pass
68,52,8,8.3,4.2,Medium,Medium,Unlimited,DayScholar,27,No,42,Pass
93,80,5,3.9,9.0,Medium,Low,Unlimited,Hosteller,112,No,56,Pass
76,79,5,7.7,9.2,Medium,Medium,Limited,Hosteller,113,Yes,48,Pass
34,52,3,9.9,4.6,Medium,Medium,Limited,Hosteller,25,No,19,Fail
40,74,4,4.7,5.6,Low,Low,Unlimited,DayScholar,95,Yes,18,Fail
38,76,2,3.4,9.7,Medium,Low,Limited,Hosteller,11,No,28,Fail
93,85,2,2.6,7.8,Low,High,Unlimited,DayScholar,21,Yes,49,Pass
91,99,10,3.7,8.2,Low,High,Limited,DayScholar,1,No,42,Pass
100,81,6,9.8,5.5,High,High,Limited,DayScholar,32,No,69,Pass
66,93,5,7.1,9.9,High,Low,Unlimited,Hosteller,75,No,35,Pass
92,88,6,4.9,7.6,Low,High,Unlimited,Hosteller,85,Yes,45,Pass
40,72,0,6.1,5.8,Medium,Low,Limited,DayScholar,60,Yes,15,Fail
91,92,1,8.9,6.6,Low,Low,Unlimited,Hosteller,1,Yes,80,Pass
51,76,7,5.2,8.6,Medium,Medium,Unlimited,Hosteller,23,No,31,Fail
36,87,1,9.1,4.1,Medium,Medium,Limited,DayScholar,53,No,42,Pass
75,56,5,5.7,8.6,Low,Medium,Unlimited,Hosteller,92,No,39,Pass
83,72,3,9.0,6.7,Medium,High,Unlimited,Hosteller,26,Yes,45,Pass
35,100,6,7.1,6.7,Low,Medium,Unlimited,DayScholar,55,Yes,28,Fail
77,99,3,7.8,5.1,High,High,Unlimited,DayScholar,69,Yes,39,Pass
93,80,4,7.4,5.7,Medium,Low,Unlimited,Hosteller,72,No,68,Pass
83,73,7,8.5,6.5,Low,Medium,Unlimited,Hosteller,81,No,41,Pass
75,69,0,9.2,8.5,Low,Medium,Limited,Hosteller,97,No,61,Pass
68,87,10,6.5,7.1,High,Low,Unlimited,DayScholar,17,No,43,Pass
47,99,2,3.9,5.3,Low,Medium,Limited,DayScholar,106,No,35,Pass
79,60,4,7.8,3.6,Medium,Medium,Unlimited,DayScholar,10,No,40,Pass
70,99,1,0.6,3.6,Medium,Medium,Unlimited,DayScholar,46,No,40,Pass
41,60,6,2.4,8.2,Medium,Low,Limited,DayScholar,18,Yes,16,Fail
99,50,9,0.9,6.7,Medium,Low,Limited,DayScholar,11,Yes,35,Pass
31,94,7,9.9,9.0,High,Medium,Limited,DayScholar,45,No,22,Fail
38,79,3,1.7,7.4,Medium,Low,Limited,DayScholar,112,No,24,Fail
90,77,9,8.0,5.7,Low,Low,Limited,DayScholar,110,Yes,59,Pass
93,93,2,1.9,7.4,Low,Low,Limited,DayScholar,79,Yes,54,Pass
83,91,3,4.4,7.4,Medium,Medium,Limited,Hosteller,57,Yes,45,Pass
95,71,2,8.7,9.6,Low,Low,Unlimited,Hosteller,68,No,68,Pass
45,73,0,9.7,6.5,Medium,High,Limited,DayScholar,11,Yes,33,Fail
38,50,8,7.4,5.3,Low,Medium,Limited,DayScholar,84,No,18,Fail
85,76,0,4.3,7.3,High,Medium,Unlimited,DayScholar,32,Yes,49,Pass
95,59,6,5.0,5.4,High,Medium,Limited,DayScholar,15,No,50,Pass
81,73,0,8.8,7.5,Medium,Low,Unlimited,Hosteller,9,Yes,56,Pass
31,86,10,8.7,5.0,Low,High,Unlimited,DayScholar,77,No,16,Fail
90,72,2,8.2,9.5,High,Low,Unlimited,DayScholar,27,Yes,52,Pass
100,74,5,0.1,7.5,Medium,Medium,Unlimited,DayScholar,69,No,46,Pass
82,65,7,7.8,6.3,Low,Medium,Unlimited,DayScholar,52,No,56,Pass
80,98,6,8.2,5.3,Low,Low,Unlimited,Hosteller,16,Yes,64,Pass
46,69,1,6.1,5.8,High,Low,Unlimited,DayScholar,11,No,29,Fail
59,84,6,7.9,7.0,Low,Medium,Unlimited,DayScholar,82,Yes,45,Pass
74,62,1,9.3,6.5,Low,Low,Unlimited,DayScholar,43,No,50,Pass
66,84,3,6.9,3.9,Low,Low,Limited,Hosteller,86,No,46,Pass
52,98,10,6.3,8.8,Medium,Low,Unlimited,Hosteller,15,Yes,29,Fail
85,70,9,7.8,5.0,High,Medium,Limited,DayScholar,67,No,35,Pass
97,64,10,6.6,9.7,Low,Low,Unlimited,DayScholar,32,No,47,Pass
97,95,0,2.9,6.8,Medium,Low,Limited,Hosteller,110,No,71,Pass
50,92,5,7.7,4.9,Medium,High,Unlimited,DayScholar,88,No,32,Fail
86,81,1,0.1,7.5,Medium,Medium,Limited,Hosteller,103,Yes,42,Pass
85,88,6,2.2,9.9,Low,Low,Limited,Hosteller,116,No,49,Pass
85,75,4,7.2,8.6,Medium,High,Limited,DayScholar,109,No,51,Pass
83,80,4,7.4,5.6,Medium,High,Limited,DayScholar,105,Yes,41,Pass
35,95,7,4.6,4.6,Medium,Low,Unlimited,Hosteller,49,Yes,12,Fail
83,91,1,9.3,6.2,High,Medium,Unlimited,DayScholar,13,No,56,Pass
61,85,5,2.4,7.9,Medium,Medium,Limited,DayScholar,75,No,36,Pass
38,87,0,2.8,9.7,Low,Medium,Limited,DayScholar,53,No,32,Fail
73,56,6,7.2,5.9,Medium,Medium,Limited,DayScholar,64,No,36,Pass
100,76,0,3.9,6.8,Low,Medium,Unlimited,Hosteller,112,Yes,71,Pass
81,85,10,0.6,4.4,Low,High,Unlimited,DayScholar,92,No,39,Pass
56,91,2,8.8,7.2,Low,Medium,Limited,DayScholar,37,No,47,Pass
100,91,7,6.1,9.5,High,Low,Unlimited,DayScholar,2,No,49,Pass
78,61,3,9.6,8.5,Medium,Low,Limited,Hosteller,115,Yes,41,Pass
84,62,7,6.8,5.8,Medium,Low,Limited,Hosteller,98,No,43,Pass
48,81,4,3.9,6.5,Low,Medium,Unlimited,Hosteller,36,No,23,Fail
81,58,2,5.8,4.9,Low,Low,Limited,DayScholar,95,No,50,Pass
91,87,4,8.9,6.0,Low,Low,Unlimited,DayScholar,19,No,74,Pass
88,59,10,9.1,7.1,Low,Low,Limited,DayScholar,74,No,48,Pass
76,93,5,10.0,5.1,High,High,Unlimited,Hosteller,57,Yes,36,Pass
60,96,5,6.3,6.0,Medium,Low,Limited,Hosteller,5,No,49,Pass
82,73,10,10.0,6.1,Low,High,Limited,Hosteller,25,Yes,47,Pass
47,95,3,6.4,8.6,Medium,High,Limited,DayScholar,3,No,38,Pass
50,94,4,7.5,4.8,Medium,Medium,Unlimited,DayScholar,56,No,35,Pass
86,86,3,4.3,7.7,Medium,High,Limited,DayScholar,71,Yes,47,Pass
90,77,8,5.5,3.9,Medium,High,Unlimited,DayScholar,58,No,52,Pass
46,91,0,7.9,7.1,High,Low,Unlimited,DayScholar,93,No,30,Fail
45,92,0,9.6,6.7,Medium,Medium,Unlimited,Hosteller,84,No,40,Pass
98,81,8,4.8,3.8,Medium,Low,Unlimited,Hosteller,49,Yes,52,Pass
88,86,2,0.3,7.0,Low,High,Limited,DayScholar,69,Yes,45,Pass
78,59,0,7.7,7.0,Medium,High,Unlimited,Hosteller,43,No,44,Pass
52,64,0,5.2,7.3,Low,Medium,Unlimited,DayScholar,22,Yes,38,Pass
98,86,1,0.5,3.6,Low,Medium,Limited,Hosteller,71,No,53,Pass
82,86,1,4.5,4.3,Medium,Medium,Unlimited,DayScholar,12,Yes,58,Pass
98,85,8,5.6,8.3,Medium,Medium,Limited,DayScholar,19,No,72,Pass
77,59,5,6.6,9.5,Medium,Low,Unlimited,Hosteller,47,No,43,Pass
30,98,2,8.7,3.7,Medium,Low,Limited,DayScholar,28,Yes,31,Fail
94,89,5,3.6,7.5,Medium,High,Limited,DayScholar,56,No,50,Pass
71,82,3,2.1,3.4,Low,Low,Limited,DayScholar,60,Yes,46,Pass
93,84,1,5.9,3.2,Low,Medium,Limited,DayScholar,48,No,74,Pass
42,78,0,1.8,7.0,High,Low,Limited,Hosteller,3,Yes,20,Fail
88,76,6,4.6,7.9,Low,Medium,Limited,Hosteller,5,No,58,Pass
84,86,8,4.1,8.4,Low,High,Unlimited,Hosteller,57,No,40,Pass
89,90,1,1.1,7.0,High,Medium,Limited,DayScholar,118,No,45,Pass
71,99,9,2.8,4.3,Low,Low,Unlimited,DayScholar,72,Yes,36,Pass
54,96,0,1.2,3.0,Medium,Low,Limited,DayScholar,51,No,39,Pass
51,80,8,5.1,5.4,Low,Medium,Limited,DayScholar,25,Yes,26,Fail
39,73,3,3.5,8.3,High,Low,Limited,DayScholar,119,No,16,Fail
70,95,4,3.0,7.0,Low,Low,Limited,Hosteller,10,Yes,42,Pass
51,92,3,8.8,6.3,High,Medium,Limited,Hosteller,17,No,41,Pass
75,60,1,6.8,5.9,Medium,Medium,Unlimited,DayScholar,97,No,42,Pass
52,77,4,5.3,7.9,Low,Low,Limited,DayScholar,89,No,44,Pass
93,100,5,6.5,6.9,Low,High,Unlimited,DayScholar,64,No,62,Pass
77,81,0,7.0,8.8,Low,Low,Limited,DayScholar,113,Yes,55,Pass
85,97,7,8.9,9.8,High,Low,Unlimited,DayScholar,4,Yes,55,Pass
96,95,0,4.2,6.4,Medium,High,Limited,Hosteller,41,No,67,Pass
44,69,2,7.8,4.7,Medium,Low,Unlimited,Hosteller,82,No,26,Fail
64,96,5,5.8,5.6,Medium,Low,Unlimited,Hosteller,87,No,43,Pass
94,91,8,2.3,7.7,High,Low,Unlimited,Hosteller,12,Yes,48,Pass
87,55,6,9.2,5.0,High,High,Limited,DayScholar,14,No,48,Pass
40,53,0,6.6,5.4,Medium,Low,Limited,Hosteller,120,No,25,Fail
57,73,0,9.7,8.6,Medium,Medium,Limited,Hosteller,20,Yes,47,Pass
95,64,8,6.4,8.1,Medium,High,Unlimited,Hosteller,80,No,35,Pass
98,67,10,1.8,5.0,Medium,Low,Unlimited,DayScholar,42,No,43,Pass
33,97,4,1.1,7.1,Medium,Medium,Unlimited,Hosteller,81,No,9,Fail
39,88,3,8.9,3.6,Low,Low,Limited,Hosteller,81,No,34,Fail
51,99,4,5.6,3.2,Medium,High,Unlimited,DayScholar,91,No,29,Fail
86,78,8,7.9,8.1,Medium,High,Unlimited,DayScholar,119,No,57,Pass
61,96,4,5.2,9.9,Medium,Low,Limited,Hosteller,36,Yes,38,Pass
93,95,10,7.5,6.6,Low,Low,Limited,DayScholar,14,No,65,Pass
85,81,9,8.1,6.8,Medium,Medium,Limited,DayScholar,10,No,62,Pass
97,95,7,8.3,7.1,Low,Medium,Limited,Hosteller,74,No,72,Pass
95,57,9,1.4,8.5,Medium,Low,Limited,DayScholar,35,No,40,Pass
98,83,4,6.0,9.9,High,Medium,Unlimited,DayScholar,5,Yes,52,Pass
82,92,5,9.6,7.9,Low,Medium,Limited,Hosteller,80,Yes,62,Pass
73,91,0,3.1,5.0,Low,Medium,Limited,DayScholar,70,No,50,Pass
62,69,6,9.6,6.0,Low,Low,Unlimited,Hosteller,43,No,36,Pass
87,88,9,5.0,7.0,Medium,Medium,Limited,DayScholar,42,No,58,Pass
71,76,1,9.8,8.2,Medium,Low,Limited,DayScholar,5,No,59,Pass
91,71,7,2.9,8.8,Low,Low,Unlimited,DayScholar,115,Yes,38,Pass
100,83,4,2.7,3.8,Low,Low,Unlimited,DayScholar,100,No,67,Pass
86,100,5,6.6,3.3,Low,Low,Limited,Hosteller,74,No,50,Pass
94,99,7,0.0,4.6,High,Medium,Unlimited,DayScholar,98,No,39,Pass
54,58,5,5.9,6.2,Low,Medium,Limited,DayScholar,16,Yes,32,Fail
31,78,2,1.0,4.0,Low,Low,Unlimited,Hosteller,8,No,18,Fail
100,79,2,4.3,4.8,Low,Medium,Unlimited,Hosteller,89,No,76,Pass
96,80,9,2.5,6.6,Medium,Medium,Unlimited,DayScholar,78,Yes,45,Pass
100,93,3,2.1,6.1,High,Low,Unlimited,Hosteller,17,Yes,61,Pass
91,61,9,4.6,6.9,High,Low,Limited,DayScholar,25,No,42,Pass
85,87,4,5.6,7.9,Low,High,Limited,DayScholar,31,No,59,Pass
77,66,2,6.1,7.9,Low,High,Limited,Hosteller,20,Yes,44,Pass
30,87,7,4.9,6.9,High,Low,Limited,Hosteller,74,No,15,Fail
84,84,6,4.6,3.6,High,Low,Unlimited,DayScholar,85,Yes,40,Pass
71,65,1,0.8,6.7,Low,Low,Limited,Hosteller,53,Yes,38,Pass
80,64,8,9.6,5.5,Medium,Medium,Limited,DayScholar,112,Yes,44,Pass
92,53,6,6.5,4.2,Low,High,Unlimited,Hosteller,34,No,48,Pass
96,91,0,2.2,9.5,High,Low,Unlimited,DayScholar,113,Yes,49,Pass
90,89,4,7.9,6.8,Medium,Medium,Unlimited,DayScholar,109,No,57,Pass
79,56,5,1.7,3.3,Low,Medium,Unlimited,Hosteller,7,No,41,Pass
94,100,5,4.6,8.3,Low,Medium,Limited,DayScholar,3,Yes,68,Pass
99,86,10,5.0,9.3,Low,High,Limited,DayScholar,34,No,48,Pass
89,96,1,9.8,4.5,Low,Medium,Unlimited,DayScholar,77,No,82,Pass
58,76,1,6.1,6.2,Medium,Medium,Limited,Hosteller,116,No,44,Pass
71,100,10,3.3,7.5,Low,Low,Limited,DayScholar,65,No,38,Pass
97,84,7,1.6,6.4,Medium,High,Unlimited,Hosteller,13,No,43,Pass
66,92,6,7.7,8.9,Medium,Low,Unlimited,DayScholar,31,No,57,Pass
53,94,7,6.0,5.4,Medium,Medium,Unlimited,Hosteller,65,Yes,29,Fail
97,56,0,8.2,6.8,High,Medium,Limited,DayScholar,74,Yes,59,Pass
96,53,0,8.1,3.3,High,Medium,Limited,Hosteller,22,Yes,61,Pass
83,81,1,3.2,7.7,Medium,Medium,Limited,Hosteller,44,Yes,44,Pass
85,59,1,5.7,7.2,Low,Low,Unlimited,DayScholar,103,Yes,59,Pass
40,98,0,5.4,8.7,High,Medium,Unlimited,DayScholar,1,Yes,29,Fail
89,60,4,6.6,4.9,Medium,Medium,Unlimited,Hosteller,52,Yes,42,Pass
36,56,0,7.0,3.5,Low,Low,Limited,DayScholar,27,Yes,21,Fail
92,65,3,5.7,6.2,Low,High,Limited,DayScholar,74,No,47,Pass
33,76,3,6.7,9.4,Low,High,Unlimited,Hosteller,5,No,25,Fail
80,75,0,6.0,7.4,High,High,Limited,Hosteller,90,No,49,Pass
35,92,7,9.3,7.6,High,Low,Unlimited,Hosteller,46,Yes,11,Fail
64,62,1,8.5,4.5,Medium,Low,Unlimited,DayScholar,17,No,56,Pass
96,57,0,8.5,3.3,Low,High,Unlimited,Hosteller,62,Yes,46,Pass
81,87,6,8.2,8.6,High,Medium,Unlimited,Hosteller,89,No,50,Pass
83,88,8,5.7,3.1,Low,Low,Unlimited,Hosteller,47,Yes,48,Pass
100,77,9,8.8,5.6,Low,High,Unlimited,Hosteller,3,Yes,63,Pass
32,88,1,8.3,8.4,High,Low,Unlimited,Hosteller,53,Yes,25,Fail
43,75,2,8.1,3.7,Low,High,Limited,Hosteller,111,Yes,21,Fail
45,83,5,1.0,8.6,Low,Medium,Limited,Hosteller,21,No,32,Fail
75,61,7,2.6,6.5,Medium,Low,Unlimited,DayScholar,116,No,37,Pass
46,90,2,0.3,6.6,Medium,Medium,Unlimited,DayScholar,107,No,27,Fail
67,75,8,6.4,6.5,Low,Low,Unlimited,DayScholar,15,No,42,Pass
33,83,0,0.3,5.4,Medium,Low,Unlimited,Hosteller,28,No,12,Fail
36,97,9,9.0,7.6,Medium,Low,Limited,Hosteller,77,Yes,17,Fail
100,87,1,2.5,9.3,High,Medium,Unlimited,DayScholar,39,No,47,Pass
54,71,8,8.0,4.3,Low,Low,Limited,DayScholar,20,Yes,34,Fail
79,96,9,1.8,6.2,Low,Medium,Limited,Hosteller,50,Yes,43,Pass
66,90,4,8.6,4.0,Low,Medium,Limited,DayScholar,41,Yes,55,Pass
37,67,2,6.5,4.5,High,Low,Limited,Hosteller,116,No,15,Fail
85,89,6,3.1,3.5,Medium,High,Unlimited,Hosteller,17,Yes,41,Pass
80,65,2,1.0,5.9,Low,Medium,Unlimited,DayScholar,16,Yes,35,Pass
89,94,2,8.2,7.3,Low,Low,Unlimited,DayScholar,55,No,78,Pass
55,91,3,10.0,4.8,Low,High,Limited,DayScholar,1,Yes,46,Pass
84,52,10,8.5,6.3,Medium,Low,Limited,DayScholar,33,Yes,42,Pass
97,50,3,9.8,7.5,Low,Low,Unlimited,DayScholar,92,No,62,Pass
90,88,1,0.0,4.6,High,Low,Limited,Hosteller,112,No,56,Pass
95,59,6,8.7,6.5,Low,High,Unlimited,Hosteller,114,Yes,50,Pass
39,76,1,9.0,7.3,Low,Low,Unlimited,Hosteller,63,No,40,Pass
71,93,4,0.5,4.8,Low,Low,Unlimited,Hosteller,81,Yes,40,Pass
45,51,1,3.7,5.0,Medium,Medium,Unlimited,DayScholar,56,Yes,23,Fail
100,74,5,0.5,3.3,Medium,High,Limited,DayScholar,9,No,47,Pass
35,92,8,8.3,5.2,Low,Medium,Unlimited,Hosteller,120,No,15,Fail
80,63,1,3.0,9.2,Low,Low,Unlimited,Hosteller,11,No,53,Pass
99,57,1,5.3,7.0,Medium,High,Limited,DayScholar,19,Yes,50,Pass
40,75,9,5.5,7.2,High,Low,Limited,Hosteller,57,No,19,Fail
81,86,9,4.6,4.1,Medium,Medium,Unlimited,Hosteller,56,No,52,Pass
98,94,6,9.9,7.7,High,High,Unlimited,Hosteller,55,Yes,48,Pass
52,95,3,5.5,3.5,Low,Low,Unlimited,DayScholar,112,No,27,Fail
41,87,1,8.4,8.7,Medium,Medium,Unlimited,DayScholar,91,Yes,33,Fail
85,51,6,8.8,3.4,Low,Low,Limited,Hosteller,23,No,52,Pass
60,54,2,8.9,4.1,Medium,Low,Limited,Hosteller,70,No,35,Pass
76,77,3,3.2,7.6,Medium,High,Limited,Hosteller,84,No,43,Pass
88,92,8,8.3,7.9,Low,High,Limited,DayScholar,116,Yes,43,Pass
54,75,7,6.9,8.0,Low,Medium,Limited,Hosteller,30,No,38,Pass
95,70,7,9.2,3.2,High,Low,Unlimited,DayScholar,71,Yes,42,Pass
100,79,10,9.1,3.0,Low,Low,Limited,DayScholar,19,No,67,Pass
99,58,8,5.4,5.7,Medium,Medium,Unlimited,Hosteller,58,No,53,Pass
74,69,3,8.8,4.8,High,Medium,Limited,Hosteller,69,No,39,Pass
86,84,9,5.5,6.2,Medium,High,Unlimited,Hosteller,69,No,43,Pass
70,66,7,8.4,7.5,Medium,Medium,Limited,Hosteller,26,Yes,35,Pass
57,84,2,6.1,7.7,Low,Low,Limited,Hosteller,54,No,49,Pass
67,91,1,2.4,9.2,Low,Low,Limited,Hosteller,77,No,42,Pass
96,99,9,6.4,4.8,Low,Low,Limited,Hosteller,67,No,54,Pass
100,62,6,7.3,9.7,High,Low,Unlimited,Hosteller,2,No,55,Pass
89,100,2,9.5,3.4,High,Low,Unlimited,Hosteller,92,Yes,46,Pass
84,69,5,7.2,7.5,Medium,High,Unlimited,DayScholar,99,Yes,41,Pass
81,85,4,4.0,6.7,Medium,Medium,Unlimited,Hosteller,62,Yes,38,Pass
96,90,6,8.0,6.6,Low,Low,Limited,DayScholar,106,No,78,Pass
88,93,10,9.7,7.0,Low,High,Limited,DayScholar,24,Yes,49,Pass
81,99,7,1.6,7.7,Medium,Low,Limited,DayScholar,39,No,43,Pass
90,77,4,7.4,9.7,Low,Low,Limited,DayScholar,37,Yes,54,Pass
100,91,6,5.2,6.4,Low,High,Limited,DayScholar,62,Yes,59,Pass
50,92,9,6.4,9.2,Low,Low,Limited,DayScholar,100,Yes,29,Fail
99,56,4,6.0,4.6,High,Low,Limited,DayScholar,4,Yes,46,Pass
86,94,5,4.4,8.6,Medium,Low,Limited,DayScholar,32,No,58,Pass
64,75,7,9.0,4.0,Low,Medium,Limited,Hosteller,55,No,52,Pass
82,60,1,1.2,6.2,High,Low,Limited,DayScholar,33,No,42,Pass
89,94,1,7.7,8.1,Medium,High,Unlimited,Hosteller,6,No,70,Pass
65,85,8,4.2,8.2,Low,Low,Unlimited,Hosteller,104,No,35,Pass
35,93,6,1.5,4.3,Medium,Medium,Limited,Hosteller,86,No,12,Fail
93,76,10,0.0,4.4,Medium,Medium,Limited,Hosteller,56,No,41,Pass
89,71,9,9.9,4.2,Low,Low,Limited,DayScholar,94,No,57,Pass
83,88,3,8.4,3.9,High,Medium,Limited,Hosteller,72,No,54,Pass
99,92,9,7.2,8.1,Low,High,Unlimited,DayScholar,5,No,68,Pass
96,92,8,2.6,3.2,Medium,High,Unlimited,Hosteller,58,Yes,45,Pass
45,52,1,6.5,4.6,Medium,High,Limited,DayScholar,52,Yes,22,Fail
39,53,6,9.1,7.2,Low,Medium,Unlimited,Hosteller,68,No,18,Fail
38,86,5,5.8,5.1,Medium,Medium,Limited,Hosteller,5,Yes,26,Fail
33,52,4,4.0,9.4,Medium,Low,Unlimited,DayScholar,57,No,13,Fail
78,92,10,1.3,5.2,Low,Medium,Limited,DayScholar,90,Yes,37,Pass
100,77,4,7.9,4.2,Medium,Medium,Limited,DayScholar,92,No,68,Pass
91,92,1,3.9,9.7,High,Low,Limited,Hosteller,77,Yes,40,Pass
86,52,5,4.5,8.5,Medium,High,Unlimited,DayScholar,27,No,38,Pass
100,100,3,9.0,6.0,Medium,High,Limited,Hosteller,91,No,68,Pass
33,98,5,7.4,9.1,Low,Medium,Limited,Hosteller,23,Yes,10,Fail
80,54,8,8.4,6.9,High,High,Limited,DayScholar,38,No,42,Pass
48,97,8,8.5,9.8,Medium,Low,Unlimited,Hosteller,0,No,30,Fail
70,70,3,9.0,4.1,Medium,Medium,Limited,Hosteller,107,No,46,Pass
33,50,3,2.5,4.7,Low,Low,Limited,Hosteller,96,No,16,Fail
92,56,6,8.6,4.7,High,High,Limited,DayScholar,95,Yes,37,Pass
72,89,1,5.9,7.6,Low,Low,Unlimited,DayScholar,90,No,58,Pass
42,53,7,7.5,3.3,Low,Medium,Unlimited,Hosteller,114,No,17,Fail
34,96,3,3.3,6.5,Medium,High,Unlimited,Hosteller,14,No,22,Fail
100,83,3,3.5,6.7,High,Low,Unlimited,DayScholar,23,Yes,52,Pass
66,82,0,7.6,3.3,Medium,Low,Limited,DayScholar,10,Yes,44,Pass
86,93,5,9.6,3.5,Low,Medium,Unlimited,Hosteller,44,Yes,62,Pass
78,90,1,8.8,3.3,High,Medium,Unlimited,DayScholar,96,No,56,Pass
50,94,0,2.2,8.3,Low,Low,Limited,Hosteller,52,No,31,Fail
97,71,1,9.5,6.3,Medium,Low,Unlimited,Hosteller,100,Yes,58,Pass
70,83,0,6.3,5.5,Medium,Low,Unlimited,DayScholar,65,No,62,Pass
97,77,1,8.1,7.3,High,Low,Unlimited,Hosteller,40,Yes,58,Pass
91,78,10,8.4,6.9,Medium,Low,Limited,Hosteller,83,Yes,59,Pass
41,94,8,9.4,7.9,Low,High,Limited,DayScholar,39,Yes,23,Fail
94,78,4,8.8,8.7,High,High,Limited,Hosteller,49,Yes,50,Pass
66,62,2,8.7,8.2,High,Medium,Unlimited,DayScholar,15,Yes,35,Pass
86,79,8,4.9,4.9,Low,Low,Limited,DayScholar,55,Yes,61,Pass
73,85,4,1.9,4.6,Low,Low,Limited,DayScholar,116,No,39,Pass
73,71,6,2.0,6.7,Low,High,Limited,DayScholar,7,No,36,Pass
87,98,1,5.7,3.0,Medium,Medium,Unlimited,DayScholar,16,No,59,Pass
52,75,9,8.2,4.1,Low,Low,Limited,Hosteller,5,Yes,34,Fail
68,51,5,7.4,6.4,High,Low,Unlimited,Hosteller,93,No,35,Pass
44,100,0,0.5,7.9,Medium,Medium,Limited,Hosteller,25,No,19,Fail
39,93,4,6.0,8.5,Medium,High,Unlimited,DayScholar,52,Yes,15,Fail
98,59,5,3.1,9.0,Low,Low,Unlimited,Hosteller,78,Yes,43,Pass
31,80,6,5.9,3.0,Medium,Medium,Limited,DayScholar,97,No,6,Fail
75,74,3,3.8,9.3,Medium,Medium,Limited,Hosteller,52,No,41,Pass
75,80,10,9.0,5.2,Low,High,Unlimited,DayScholar,20,Yes,52,Pass
94,93,2,3.7,6.8,Low,Medium,Limited,Hosteller,15,No,64,Pass
97,58,2,5.1,8.2,High,High,Unlimited,Hosteller,27,Yes,41,Pass
37,87,3,1.8,9.5,Low,Medium,Unlimited,DayScholar,73,No,21,Fail
80,78,4,9.1,5.5,Low,High,Limited,Hosteller,36,No,53,Pass
92,65,2,5.7,5.7,Low,Low,Limited,Hosteller,15,Yes,61,Pass
72,56,9,9.7,8.7,Medium,Medium,Limited,DayScholar,20,Yes,35,Pass
97,60,4,0.5,6.2,Low,Medium,Unlimited,Hosteller,74,No,45,Pass
57,86,6,6.9,5.8,Low,Medium,Unlimited,DayScholar,51,No,46,Pass
75,86,7,1.5,4.9,Low,Low,Unlimited,DayScholar,61,No,41,Pass
51,59,7,9.9,7.3,Low,Low,Limited,DayScholar,104,No,37,Pass
87,100,7,6.7,8.4,Medium,Low,Limited,Hosteller,116,No,57,Pass
71,82,4,8.8,6.3,Low,High,Unlimited,DayScholar,100,Yes,53,Pass
97,60,4,6.4,8.7,Medium,Low,Limited,Hosteller,36,No,62,Pass
90,97,5,4.3,5.6,High,Medium,Unlimited,DayScholar,50,Yes,46,Pass
70,77,7,7.7,5.0,Low,Medium,Unlimited,DayScholar,63,Yes,48,Pass
89,75,3,3.9,10.0,Low,High,Unlimited,Hosteller,9,No,54,Pass
85,90,7,4.6,8.6,Low,Medium,Unlimited,DayScholar,52,Yes,49,Pass
81,79,0,9.2,4.2,High,High,Unlimited,DayScholar,92,No,60,Pass
100,69,2,8.4,9.8,High,High,Limited,Hosteller,102,No,45,Pass
91,79,3,0.8,4.6,Low,Medium,Unlimited,DayScholar,28,No,58,Pass
42,81,0,6.5,9.5,Low,Medium,Unlimited,DayScholar,48,Yes,22,Fail
38,95,9,7.9,6.9,Low,Low,Unlimited,DayScholar,56,No,36,Pass
75,80,6,6.7,3.5,Medium,Medium,Limited,DayScholar,81,Yes,44,Pass
31,81,6,5.8,7.7,Medium,Medium,Unlimited,DayScholar,0,No,16,Fail
35,65,5,8.7,7.0,Low,Low,Limited,Hosteller,114,No,27,Fail
78,88,2,3.3,6.0,Medium,High,Unlimited,Hosteller,53,Yes,39,Pass
94,78,8,4.9,7.5,Low,Medium,Limited,DayScholar,82,No,63,Pass
91,78,3,1.2,6.0,High,Medium,Unlimited,Hosteller,44,Yes,46,Pass
84,87,4,1.0,5.2,Low,Low,Unlimited,Hosteller,75,Yes,51,Pass
65,79,0,4.5,8.3,High,Medium,Limited,DayScholar,45,No,42,Pass
62,66,1,3.6,8.1,Low,Low,Limited,Hosteller,41,No,37,Pass
30,59,4,4.8,6.0,Low,Low,Limited,Hosteller,41,No,20,Fail
39,97,9,7.7,8.6,Medium,Low,Limited,DayScholar,1,No,30,Fail
86,98,6,5.6,9.8,High,Medium,Limited,DayScholar,5,No,50,Pass
35,62,7,9.4,6.0,Low,High,Unlimited,DayScholar,10,No,11,Fail
47,67,1,9.7,5.2,High,High,Limited,Hosteller,109,No,22,Fail
68,99,3,9.5,3.7,High,High,Unlimited,Hosteller,38,Yes,36,Pass
83,88,7,3.6,8.5,High,Low,Limited,Hosteller,13,Yes,40,Pass
49,99,4,9.4,4.7,Low,Medium,Unlimited,DayScholar,109,No,47,Pass
39,92,8,9.3,8.3,Low,Low,Limited,DayScholar,85,No,37,Pass
98,92,0,4.9,6.7,Low,High,Limited,DayScholar,14,Yes,70,Pass
83,96,9,8.2,8.5,High,High,Limited,DayScholar,44,Yes,45,Pass
51,94,3,3.1,8.8,Low,Medium,Unlimited,DayScholar,49,Yes,37,Pass
79,66,10,8.7,6.9,Low,High,Unlimited,DayScholar,49,No,43,Pass
52,53,2,7.9,3.3,Medium,Medium,Unlimited,DayScholar,83,No,33,Fail
60,79,8,7.7,5.5,High,Medium,Limited,DayScholar,118,No,37,Pass
92,65,2,5.5,3.5,Low,High,Limited,Hosteller,20,No,41,Pass
45,88,9,4.8,5.7,Low,Medium,Limited,DayScholar,114,No,25,Fail
82,74,3,5.9,8.6,Medium,Low,Limited,DayScholar,81,No,45,Pass
99,73,10,0.7,6.2,Low,Low,Unlimited,Hosteller,33,No,50,Pass
94,81,3,6.3,4.2,Medium,Medium,Unlimited,Hosteller,96,Yes,63,Pass
53,86,8,8.6,9.8,Medium,Medium,Unlimited,Hosteller,11,Yes,33,Fail
80,90,2,0.3,8.3,High,High,Limited,Hosteller,60,Yes,37,Pass
90,98,0,6.0,4.8,High,High,Limited,Hosteller,55,Yes,51,Pass
42,74,5,7.1,9.9,Low,Medium,Limited,DayScholar,53,No,18,Fail
90,89,3,0.2,6.7,Low,Low,Limited,DayScholar,48,No,56,Pass
98,69,7,7.9,4.6,Medium,High,Unlimited,Hosteller,22,Yes,46,Pass
46,81,1,0.7,6.9,Medium,Medium,Unlimited,DayScholar,82,No,30,Fail
50,74,5,5.9,8.1,Low,Low,Unlimited,DayScholar,61,Yes,25,Fail
44,78,5,2.3,7.7,Low,Low,Unlimited,DayScholar,3,No,35,Pass
64,83,9,4.4,8.4,Medium,High,Limited,DayScholar,51,No,37,Pass
61,96,7,7.3,8.8,Medium,Low,Limited,Hosteller,107,No,35,Pass
89,97,2,9.9,4.0,High,High,Unlimited,DayScholar,93,Yes,52,Pass
70,78,7,8.6,5.5,Medium,High,Limited,DayScholar,50,Yes,47,Pass
35,69,1,9.3,4.3,Low,Low,Unlimited,DayScholar,107,Yes,19,Fail
75,91,8,6.7,9.7,High,Low,Limited,DayScholar,111,Yes,38,Pass
89,91,4,7.1,4.6,Low,High,Unlimited,DayScholar,82,Yes,59,Pass
67,61,0,7.2,3.5,Medium,Medium,Limited,Hosteller,19,No,48,Pass
89,97,9,7.8,4.0,Medium,High,Unlimited,Hosteller,49,Yes,51,Pass
77,76,0,6.7,9.0,Low,High,Limited,Hosteller,80,No,47,Pass
80,60,0,6.3,7.9,High,Low,Unlimited,Hosteller,100,No,42,Pass
39,88,5,8.5,5.0,Low,Low,Limited,Hosteller,27,No,31,Fail
91,97,8,6.9,9.2,Medium,High,Limited,DayScholar,78,No,38,Pass
78,95,4,3.9,8.7,High,High,Limited,DayScholar,29,No,39,Pass
100,58,3,4.2,7.3,Low,Medium,Unlimited,DayScholar,76,Yes,56,Pass
100,91,4,6.4,9.7,Low,High,Limited,Hosteller,88,No,55,Pass
70,83,0,2.2,5.5,Medium,High,Limited,Hosteller,19,Yes,43,Pass
37,83,0,0.7,7.1,Low,High,Limited,DayScholar,1,Yes,16,Fail
88,83,7,6.5,7.5,Low,Medium,Limited,Hosteller,68,Yes,44,Pass
74,96,10,5.2,8.9,Medium,Medium,Limited,Hosteller,9,No,48,Pass
46,55,2,6.2,5.9,Medium,Medium,Unlimited,Hosteller,26,Yes,21,Fail
75,66,3,3.0,4.7,Medium,Low,Limited,Hosteller,47,Yes,40,Pass
38,91,6,3.4,4.4,Low,Low,Unlimited,Hosteller,63,No,14,Fail
87,86,9,3.7,5.9,Low,Low,Unlimited,Hosteller,53,Yes,39,Pass
72,78,3,10.0,8.1,Low,Medium,Limited,Hosteller,89,Yes,59,Pass
30,72,0,4.8,7.4,High,Low,Unlimited,Hosteller,69,No,5,Fail
95,84,6,0.7,6.4,Medium,Low,Unlimited,DayScholar,20,Yes,46,Pass
72,90,4,6.8,7.2,High,High,Limited,Hosteller,5,No,44,Pass
100,59,2,2.0,5.4,Medium,Low,Limited,DayScholar,77,Yes,57,Pass
78,55,0,3.1,8.7,High,Low,Unlimited,Hosteller,73,Yes,37,Pass
55,88,5,10.0,9.4,Medium,High,Unlimited,DayScholar,94,No,33,Fail
56,75,3,2.1,3.9,Low,Medium,Unlimited,DayScholar,3,Yes,35,Pass
34,96,1,8.5,9.0,High,Low,Limited,Hosteller,64,Yes,14,Fail
64,86,5,5.7,5.8,Low,Low,Unlimited,Hosteller,82,Yes,45,Pass
33,99,0,7.3,9.8,Medium,High,Limited,DayScholar,117,Yes,19,Fail
82,99,4,7.5,5.4,High,Low,Limited,DayScholar,20,No,67,Pass
99,100,0,0.5,7.9,Medium,Low,Unlimited,Hosteller,71,Yes,61,Pass
41,78,6,8.3,9.6,Medium,Low,Unlimited,DayScholar,86,No,24,Fail
88,92,0,5.0,6.0,High,Medium,Limited,DayScholar,103,Yes,60,Pass
100,86,5,6.7,7.8,Medium,High,Limited,Hosteller,99,Yes,60,Pass
80,56,9,9.4,4.7,High,Low,Unlimited,DayScholar,78,No,37,Pass
63,79,10,9.0,6.9,Medium,Medium,Limited,DayScholar,81,No,40,Pass
99,74,5,1.8,4.3,Medium,Medium,Unlimited,Hosteller,17,No,42,Pass
76,88,2,9.0,6.8,Low,Low,Unlimited,DayScholar,70,No,71,Pass
41,77,8,2.7,4.8,High,Medium,Limited,Hosteller,17,No,17,Fail
86,69,7,8.8,5.9,High,High,Unlimited,Hosteller,49,No,41,Pass
32,95,2,8.9,3.7,Low,High,Limited,Hosteller,89,Yes,16,Fail
85,72,4,9.0,8.8,Medium,Medium,Unlimited,DayScholar,35,Yes,57,Pass
81,88,7,3.4,4.3,Low,Medium,Unlimited,DayScholar,78,No,39,Pass
61,51,2,9.6,6.9,Low,Low,Limited,Hosteller,38,Yes,43,Pass
37,79,1,3.3,7.2,Medium,Low,Limited,DayScholar,61,No,22,Fail
82,58,10,9.7,5.5,High,Medium,Limited,DayScholar,113,Yes,37,Pass
79,73,7,8.7,7.0,High,Medium,Limited,DayScholar,74,No,43,Pass
36,82,0,7.9,4.9,Low,Low,Unlimited,DayScholar,16,Yes,45,Pass
74,79,9,4.0,4.2,High,Low,Limited,Hosteller,116,No,37,Pass
88,80,2,4.6,5.7,Low,High,Unlimited,Hosteller,38,No,57,Pass
94,76,6,8.5,5.2,Low,Low,Limited,Hosteller,40,No,74,Pass
63,91,0,2.3,6.1,Medium,High,Limited,DayScholar,4,No,37,Pass
70,55,4,7.3,6.9,Low,Low,Unlimited,DayScholar,19,No,45,Pass
90,85,8,7.5,4.2,High,High,Limited,DayScholar,84,Yes,42,Pass
74,67,3,7.8,6.5,Low,Low,Unlimited,DayScholar,30,No,56,Pass
39,92,9,7.1,6.8,Medium,High,Limited,DayScholar,32,No,16,Fail
89,67,2,9.3,7.8,Medium,Low,Unlimited,DayScholar,64,Yes,61,Pass
80,89,10,3.2,6.0,High,Low,Unlimited,Hosteller,105,No,36,Pass
41,77,3,4.2,9.4,Low,High,Limited,DayScholar,1,No,26,Fail
37,87,10,7.4,8.0,Low,High,Unlimited,DayScholar,69,No,22,Fail
79,71,10,7.8,5.9,Low,Medium,Unlimited,DayScholar,63,Yes,39,Pass
87,69,9,8.0,7.4,Low,High,Limited,Hosteller,96,No,48,Pass
74,55,2,6.9,4.0,Low,High,Limited,DayScholar,31,Yes,44,Pass
99,90,9,1.9,7.0,Medium,Low,Limited,DayScholar,97,No,45,Pass
98,100,4,5.8,4.1,High,Low,Limited,Hosteller,74,No,69,Pass
79,62,9,9.5,8.7,High,Low,Unlimited,Hosteller,22,Yes,36,Pass
100,75,5,3.4,4.4,High,High,Unlimited,Hosteller,28,No,48,Pass
95,79,1,1.3,8.7,High,High,Limited,DayScholar,111,Yes,49,Pass
49,81,7,6.5,4.3,Medium,High,Limited,Hosteller,92,No,26,Fail
89,61,9,5.4,6.1,High,Low,Limited,DayScholar,97,Yes,35,Pass
88,92,3,1.3,7.3,Medium,Medium,Unlimited,Hosteller,109,Yes,51,Pass
94,60,1,9.9,9.5,Low,Medium,Limited,Hosteller,45,Yes,64,Pass
63,94,1,6.3,4.8,Medium,High,Unlimited,Hosteller,5,Yes,38,Pass
39,86,6,7.9,3.9,Medium,High,Limited,Hosteller,3,No,25,Fail
68,86,3,6.2,9.3,High,Low,Unlimited,DayScholar,50,No,47,Pass
88,75,8,6.6,6.1,Medium,Low,Limited,DayScholar,27,Yes,51,Pass
73,80,1,2.1,6.2,Low,Medium,Limited,Hosteller,60,Yes,42,Pass
70,74,0,2.5,9.0,Low,Medium,Unlimited,DayScholar,50,No,44,Pass
86,99,0,5.4,7.2,Medium,High,Unlimited,DayScholar,40,No,68,Pass
45,95,2,7.5,9.0,Medium,Medium,Unlimited,DayScholar,66,Yes,30,Fail
56,67,2,6.8,9.2,Low,Medium,Unlimited,Hosteller,12,Yes,33,Fail
89,98,7,6.9,3.9,Medium,Low,Limited,DayScholar,6,Yes,56,Pass
96,50,3,6.7,7.1,High,Medium,Limited,DayScholar,79,No,53,Pass
53,52,5,9.9,4.8,Medium,Low,Unlimited,Hosteller,104,Yes,30,Fail
78,50,1,6.4,9.5,High,Low,Limited,DayScholar,71,No,35,Pass
100,90,2,6.9,4.9,Medium,High,Limited,Hosteller,101,Yes,66,Pass
93,84,7,4.3,8.4,High,Medium,Unlimited,Hosteller,27,No,53,Pass
82,75,2,9.0,8.0,High,Low,Limited,Hosteller,55,Yes,54,Pass
30,99,2,4.5,5.5,High,Medium,Limited,Hosteller,26,Yes,17,Fail
91,83,4,0.1,7.9,Low,Low,Limited,Hosteller,70,Yes,47,Pass
41,94,1,1.3,8.5,Medium,Medium,Limited,Hosteller,26,No,25,Fail
47,85,5,3.7,6.5,High,Low,Unlimited,DayScholar,6,No,24,Fail
88,90,5,7.8,8.2,Medium,Medium,Unlimited,Hosteller,109,No,57,Pass
100,63,9,7.0,5.6,Medium,Low,Unlimited,Hosteller,76,No,53,Pass
81,73,6,5.9,4.5,Low,High,Unlimited,DayScholar,7,No,41,Pass
90,85,4,6.5,5.8,Medium,Low,Unlimited,DayScholar,66,Yes,56,Pass
92,93,6,8.5,3.1,Low,Medium,Limited,Hosteller,13,Yes,57,Pass
73,66,2,5.8,6.2,Medium,Medium,Limited,Hosteller,14,No,48,Pass
41,95,4,7.2,8.4,Medium,Low,Unlimited,DayScholar,85,No,34,Fail
93,52,5,3.1,4.6,Medium,High,Unlimited,Hosteller,96,No,38,Pass
45,99,2,7.1,6.0,High,Low,Limited,DayScholar,24,Yes,29,Fail
62,77,4,9.3,3.7,Medium,High,Unlimited,Hosteller,100,Yes,38,Pass
30,57,7,8.8,5.4,Medium,Low,Limited,Hosteller,8,Yes,13,Fail
78,58,3,7.8,8.9,Low,Low,Unlimited,Hosteller,64,No,49,Pass
37,95,0,9.9,6.7,Medium,Medium,Limited,Hosteller,23,Yes,42,Pass
79,90,8,0.3,7.1,Low,Low,Unlimited,Hosteller,56,No,36,Pass
90,99,10,1.3,3.6,Low,High,Unlimited,DayScholar,103,Yes,35,Pass
78,89,2,5.4,8.1,High,Low,Unlimited,DayScholar,38,No,56,Pass
80,57,0,9.0,4.4,Low,Medium,Limited,Hosteller,81,No,55,Pass
73,84,0,9.2,4.6,High,High,Limited,Hosteller,58,Yes,41,Pass
76,76,3,3.1,3.2,High,High,Limited,DayScholar,21,No,39,Pass
95,58,8,3.1,9.7,Low,High,Limited,DayScholar,72,Yes,37,Pass
82,53,2,3.0,5.3,Medium,Medium,Unlimited,DayScholar,115,Yes,36,Pass
59,71,3,7.8,8.0,Low,Medium,Limited,DayScholar,24,Yes,35,Pass
87,77,7,7.3,3.6,Low,Low,Limited,DayScholar,38,Yes,59,Pass
94,90,6,6.4,5.6,High,High,Limited,DayScholar,80,Yes,41,Pass
45,89,4,2.1,5.3,Low,Medium,Unlimited,Hosteller,83,Yes,25,Fail
45,76,5,3.1,8.0,Low,Medium,Unlimited,Hosteller,20,No,20,Fail
81,73,6,4.6,8.5,Medium,Low,Limited,DayScholar,15,No,51,Pass
97,97,3,6.6,5.3,Low,Low,Unlimited,Hosteller,98,Yes,61,Pass
98,85,8,0.1,9.0,Low,Low,Limited,DayScholar,18,No,51,Pass
73,96,0,0.0,7.5,High,Medium,Limited,DayScholar,3,Yes,43,Pass
85,85,6,6.0,5.5,Low,Medium,Unlimited,Hosteller,40,Yes,46,Pass
79,83,2,2.4,5.6,High,Low,Limited,DayScholar,92,No,41,Pass
81,76,0,3.9,6.7,High,High,Unlimited,Hosteller,46,No,44,Pass
91,97,10,1.9,9.4,Medium,Low,Unlimited,DayScholar,30,Yes,49,Pass
70,94,0,8.4,4.9,High,Medium,Limited,DayScholar,2,Yes,51,Pass
64,89,6,5.4,8.3,High,Medium,Unlimited,DayScholar,11,Yes,35,Pass
100,97,2,3.1,5.6,High,High,Limited,Hosteller,48,Yes,49,Pass
78,89,8,6.5,6.9,High,Low,Limited,DayScholar,0,No,46,Pass
60,89,0,5.6,6.2,Medium,Low,Limited,Hosteller,95,Yes,45,Pass
82,88,6,7.5,5.6,Low,Low,Unlimited,Hosteller,58,Yes,50,Pass
82,78,4,4.8,6.5,Medium,Low,Unlimited,Hosteller,61,Yes,47,Pass
86,75,5,9.9,3.4,Medium,Medium,Limited,DayScholar,28,Yes,55,Pass
68,92,1,1.9,4.1,Low,Low,Unlimited,DayScholar,118,No,50,Pass
96,64,9,7.1,7.1,Low,Low,Limited,Hosteller,5,Yes,46,Pass
100,89,4,1.4,4.7,High,Medium,Limited,DayScholar,69,Yes,49,Pass
98,92,3,0.8,7.7,Medium,Medium,Limited,DayScholar,47,Yes,52,Pass
45,50,1,6.0,5.4,High,Low,Limited,Hosteller,41,No,30,Fail
84,90,10,2.2,4.8,Low,Low,Limited,Hosteller,40,Yes,40,Pass
30,96,0,6.5,7.9,Medium,High,Unlimited,Hosteller,21,Yes,19,Fail
72,84,0,0.7,5.0,Low,Low,Unlimited,Hosteller,76,No,44,Pass
92,85,9,3.0,6.1,Medium,Medium,Unlimited,Hosteller,69,No,50,Pass
84,51,0,9.0,7.9,Low,Medium,Unlimited,Hosteller,113,Yes,54,Pass
92,81,4,2.1,5.1,Low,Medium,Limited,DayScholar,17,Yes,58,Pass
51,52,2,7.4,6.5,Low,High,Unlimited,DayScholar,23,No,32,Fail
70,78,7,8.2,9.5,Low,Medium,Limited,DayScholar,27,No,52,Pass
87,77,4,2.1,9.1,Low,Low,Limited,DayScholar,33,Yes,49,Pass
95,77,7,8.6,8.9,Medium,High,Unlimited,DayScholar,71,No,54,Pass
92,92,9,7.8,9.2,Medium,Medium,Unlimited,Hosteller,118,Yes,41,Pass
97,88,1,4.6,9.9,Medium,Low,Limited,DayScholar,80,No,68,Pass
76,80,6,1.5,8.3,High,Low,Limited,DayScholar,14,Yes,44,Pass
92,70,6,8.1,4.7,High,Low,Limited,Hosteller,79,Yes,36,Pass
93,59,4,2.6,8.1,Low,High,Unlimited,Hosteller,90,Yes,44,Pass
35,69,8,8.0,8.8,Medium,Low,Limited,Hosteller,38,Yes,10,Fail
80,76,3,4.2,7.4,Medium,Medium,Unlimited,DayScholar,16,Yes,46,Pass
97,67,5,5.0,6.7,High,Low,Unlimited,DayScholar,6,No,55,Pass
72,87,2,4.1,7.0,Medium,Medium,Limited,Hosteller,94,Yes,48,Pass
40,82,1,9.9,7.0,Medium,Medium,Unlimited,Hosteller,53,No,35,Pass
33,75,3,2.8,5.4,High,High,Limited,DayScholar,18,No,11,Fail
94,71,5,2.0,8.8,Low,High,Unlimited,Hosteller,60,No,48,Pass
44,77,1,8.8,6.1,Medium,High,Unlimited,DayScholar,64,No,31,Fail
73,59,6,10.0,8.6,Low,High,Unlimited,DayScholar,25,No,48,Pass
38,69,3,2.1,8.3,Low,Low,Unlimited,DayScholar,105,No,13,Fail
98,79,1,4.2,8.4,High,High,Unlimited,Hosteller,99,No,53,Pass
100,80,9,3.4,3.0,Medium,Low,Unlimited,DayScholar,113,No,46,Pass
32,51,0,6.1,7.1,High,High,Unlimited,Hosteller,0,No,10,Fail
89,58,1,8.0,5.7,High,High,Limited,DayScholar,116,Yes,48,Pass
98,86,4,3.2,7.4,High,Low,Limited,DayScholar,116,Yes,48,Pass
79,72,2,6.3,9.7,Medium,Medium,Limited,Hosteller,83,Yes,40,Pass
48,94,8,8.4,4.0,Medium,Medium,Unlimited,Hosteller,28,Yes,32,Fail
36,91,0,2.5,4.8,Low,Low,Limited,Hosteller,65,No,24,Fail
30,78,6,9.7,4.3,Medium,High,Unlimited,DayScholar,41,Yes,13,Fail
79,94,6,9.8,3.7,Low,Medium,Unlimited,Hosteller,88,Yes,40,Pass
99,58,5,5.5,9.3,Medium,Low,Unlimited,Hosteller,98,No,41,Pass
63,96,2,3.7,6.0,Medium,Low,Unlimited,DayScholar,69,Yes,41,Pass
86,56,0,0.7,8.3,Low,Medium,Limited,Hosteller,72,No,39,Pass
43,83,5,8.5,5.1,Low,Low,Limited,Hosteller,44,No,33,Fail
31,80,2,1.2,9.0,Low,Low,Unlimited,DayScholar,42,Yes,13,Fail
61,76,1,9.5,5.0,High,High,Limited,Hosteller,103,No,39,Pass
75,95,4,7.5,9.6,Medium,Low,Unlimited,Hosteller,102,Yes,38,Pass
91,50,1,1.2,6.8,Medium,High,Limited,DayScholar,76,No,45,Pass
81,87,0,9.7,4.7,Medium,High,Unlimited,Hosteller,104,No,62,Pass
66,98,4,8.9,8.2,High,Medium,Limited,Hosteller,10,Yes,42,Pass
72,84,6,9.3,5.1,Low,Medium,Limited,DayScholar,7,No,52,Pass
38,93,2,2.8,9.5,Medium,Medium,Limited,Hosteller,50,No,23,Fail
35,95,2,0.8,6.0,Low,Medium,Limited,DayScholar,1,No,16,Fail
53,89,1,7.3,4.6,Medium,Medium,Limited,Hosteller,56,Yes,34,Fail
69,52,1,8.3,3.5,Medium,Medium,Unlimited,Hosteller,13,Yes,42,Pass
81,89,8,1.5,8.4,Low,Low,Limited,Hosteller,13,Yes,46,Pass
87,85,5,1.0,8.6,Low,Medium,Limited,DayScholar,114,Yes,53,Pass
97,95,2,8.8,6.4,High,Medium,Unlimited,DayScholar,85,No,71,Pass
73,51,4,9.6,8.0,Medium,Low,Unlimited,DayScholar,44,Yes,44,Pass
88,80,10,5.5,4.3,High,Low,Unlimited,Hosteller,52,Yes,39,Pass
96,72,10,2.8,7.4,High,Medium,Limited,DayScholar,12,Yes,35,Pass
88,61,6,7.9,4.4,High,Low,Limited,Hosteller,116,No,37,Pass
82,87,10,6.2,8.9,High,Medium,Limited,Hosteller,2,No,50,Pass
31,98,10,9.1,4.8,Low,Medium,Limited,DayScholar,47,Yes,25,Fail
31,78,2,2.0,7.4,Low,Low,Limited,DayScholar,101,Yes,14,Fail
80,99,4,5.6,7.6,High,High,Limited,DayScholar,7,Yes,49,Pass
76,68,8,7.8,4.2,Low,Low,Unlimited,Hosteller,17,No,45,Pass
73,62,1,8.0,4.2,Low,Medium,Unlimited,DayScholar,83,Yes,47,Pass
64,74,0,5.8,9.3,Low,Medium,Unlimited,Hosteller,107,No,36,Pass
49,81,4,9.5,6.4,Medium,Medium,Limited,DayScholar,3,Yes,40,Pass
94,69,7,7.1,6.2,Low,Low,Limited,DayScholar,106,Yes,58,Pass
76,88,0,1.7,9.0,High,Medium,Unlimited,DayScholar,96,No,45,Pass
86,59,10,5.1,9.3,Low,Low,Limited,DayScholar,12,No,43,Pass
90,58,0,2.2,8.9,Medium,Low,Limited,DayScholar,118,No,58,Pass
82,51,1,8.2,9.9,Medium,High,Limited,DayScholar,3,Yes,40,Pass
75,51,4,9.7,6.5,High,Low,Limited,DayScholar,52,No,41,Pass
38,92,0,1.4,4.3,Medium,High,Unlimited,DayScholar,40,No,15,Fail
36,99,9,9.2,9.1,Low,Medium,Unlimited,DayScholar,13,Yes,20,Fail
93,52,9,1.9,8.0,Medium,Low,Limited,DayScholar,35,No,41,Pass
95,53,0,10.0,9.3,Medium,High,Limited,DayScholar,3,No,65,Pass
52,67,2,9.2,7.7,Low,High,Limited,Hosteller,114,No,35,Pass
90,83,7,7.9,4.7,Low,Low,Limited,Hosteller,119,No,67,Pass
94,79,3,2.8,3.9,Low,Medium,Unlimited,Hosteller,62,Yes,45,Pass
80,100,0,9.6,4.4,High,High,Unlimited,Hosteller,63,No,59,Pass
99,99,2,2.7,8.5,Low,Low,Limited,DayScholar,28,No,69,Pass
45,91,6,6.4,4.4,Medium,Low,Limited,Hosteller,5,Yes,35,Pass
100,74,8,8.0,5.4,Low,High,Limited,Hosteller,99,Yes,51,Pass
98,85,0,8.7,7.4,Low,High,Limited,DayScholar,42,Yes,76,Pass
49,77,4,6.2,6.1,Medium,Medium,Unlimited,Hosteller,38,No,41,Pass
56,81,1,2.6,6.9,Medium,Low,Unlimited,DayScholar,73,Yes,33,Fail
88,72,5,6.9,4.2,High,Low,Unlimited,Hosteller,29,Yes,48,Pass
77,88,3,7.2,6.8,Low,High,Unlimited,DayScholar,13,Yes,49,Pass
90,54,4,8.4,5.2,Low,High,Unlimited,Hosteller,101,Yes,39,Pass
84,51,9,6.4,5.5,Medium,Medium,Unlimited,Hosteller,41,No,39,Pass
95,75,1,1.3,5.0,Low,Low,Limited,DayScholar,110,No,66,Pass
91,95,0,3.6,7.3,Medium,Low,Unlimited,Hosteller,53,No,73,Pass
94,93,10,6.5,8.4,Low,High,Limited,Hosteller,51,No,49,Pass
65,87,0,5.3,5.2,High,Low,Limited,Hosteller,106,No,43,Pass
44,93,3,1.9,9.3,Low,High,Unlimited,DayScholar,41,Yes,20,Fail
40,65,5,8.2,5.4,Medium,Medium,Limited,Hosteller,78,No,18,Fail
70,85,0,2.3,5.7,Medium,Low,Unlimited,DayScholar,54,Yes,53,Pass
45,90,4,4.9,8.7,Medium,Low,Unlimited,Hosteller,96,No,21,Fail
70,86,3,4.7,3.4,Low,Medium,Limited,DayScholar,3,No,53,Pass
70,91,6,5.4,5.0,Medium,High,Unlimited,DayScholar,16,No,42,Pass
96,81,6,0.5,5.2,Medium,Medium,Unlimited,Hosteller,30,Yes,53,Pass
41,84,0,7.5,7.6,Low,Medium,Unlimited,Hosteller,88,Yes,36,Pass
63,78,1,4.9,5.6,Low,High,Limited,Hosteller,87,No,42,Pass
93,100,6,8.3,4.6,High,Low,Limited,Hosteller,16,Yes,62,Pass
67,74,7,4.3,5.2,Low,High,Unlimited,Hosteller,12,No,35,Pass
60,88,4,7.5,6.9,Medium,High,Unlimited,Hosteller,110,No,38,Pass
32,56,1,2.3,5.3,Low,Low,Unlimited,Hosteller,7,No,22,Fail
90,77,10,5.8,6.4,Medium,Medium,Unlimited,Hosteller,76,Yes,44,Pass
97,60,1,8.4,5.3,High,Low,Unlimited,Hosteller,57,Yes,49,Pass
89,70,6,2.8,6.8,Low,High,Limited,Hosteller,93,Yes,36,Pass
99,52,2,9.2,8.4,Medium,High,Unlimited,DayScholar,50,Yes,61,Pass
60,81,2,8.5,4.0,Low,Medium,Limited,Hosteller,8,Yes,54,Pass
31,71,0,7.8,9.9,Medium,Low,Unlimited,Hosteller,46,Yes,8,Fail
95,71,1,1.7,7.0,Low,High,Limited,Hosteller,60,No,40,Pass
95,99,3,9.1,7.8,Medium,Low,Limited,Hosteller,12,Yes,64,Pass
76,67,4,2.3,7.0,Low,Medium,Unlimited,Hosteller,99,Yes,37,Pass
75,65,2,5.5,6.1,Low,High,Limited,DayScholar,21,Yes,45,Pass
65,75,2,6.4,7.7,Medium,Low,Limited,Hosteller,100,Yes,48,Pass
85,97,7,8.7,9.0,Medium,High,Limited,Hosteller,97,No,44,Pass
71,83,2,0.0,9.3,Low,High,Limited,DayScholar,27,Yes,38,Pass
44,77,0,3.3,5.5,Low,Low,Limited,Hosteller,56,Yes,29,Fail
43,93,1,1.9,8.4,Medium,Low,Unlimited,Hosteller,38,Yes,23,Fail
39,58,4,7.9,4.0,Low,Medium,Limited,DayScholar,91,No,25,Fail
76,78,5,3.9,6.1,Medium,Low,Limited,Hosteller,120,Yes,46,Pass
30,75,4,6.7,9.5,High,Low,Unlimited,Hosteller,10,Yes,15,Fail
97,69,0,1.3,5.4,Medium,Medium,Limited,DayScholar,74,No,46,Pass
39,75,4,4.6,8.3,Low,High,Unlimited,DayScholar,119,No,14,Fail
35,64,9,9.3,6.2,Medium,Low,Unlimited,Hosteller,61,No,16,Fail
86,82,1,2.1,8.5,Medium,Low,Limited,DayScholar,57,Yes,59,Pass
89,92,0,7.4,4.2,Medium,Low,Limited,Hosteller,50,No,78,Pass
58,87,5,8.0,9.6,Medium,High,Limited,DayScholar,31,Yes,34,Fail
72,87,4,9.5,4.9,Medium,Low,Unlimited,Hosteller,18,No,63,Pass
90,85,3,8.2,8.7,High,Low,Limited,Hosteller,84,Yes,51,Pass
55,97,0,0.6,7.4,Medium,High,Unlimited,DayScholar,64,No,32,Fail
98,88,3,5.6,4.1,Low,High,Limited,Hosteller,62,No,61,Pass
58,76,3,3.2,5.5,Low,Low,Unlimited,DayScholar,108,No,43,Pass
48,76,7,9.8,3.8,High,Medium,Limited,DayScholar,84,Yes,24,Fail
81,76,0,6.0,9.7,High,Low,Limited,Hosteller,40,No,49,Pass
78,62,10,9.5,8.9,Medium,Low,Limited,Hosteller,77,No,40,Pass
57,83,10,4.7,8.0,Low,Low,Unlimited,DayScholar,82,No,35,Pass
61,81,3,3.0,6.6,Medium,Low,Limited,DayScholar,70,Yes,35,Pass
83,79,4,2.8,8.7,Low,Low,Unlimited,Hosteller,9,No,56,Pass
56,87,1,4.0,8.8,Low,Low,Unlimited,Hosteller,2,No,44,Pass
66,64,3,3.9,9.2,Low,Medium,Limited,DayScholar,38,No,37,Pass
51,89,10,8.3,6.3,High,Medium,Limited,DayScholar,16,Yes,29,Fail
75,79,3,1.6,9.2,Low,High,Unlimited,DayScholar,70,No,43,Pass
41,93,3,0.6,7.8,Medium,Medium,Unlimited,DayScholar,7,No,23,Fail
99,82,10,1.1,7.2,Low,Medium,Limited,Hosteller,61,No,55,Pass
33,75,3,9.7,5.1,High,Low,Unlimited,DayScholar,45,Yes,30,Fail
90,92,8,9.0,6.7,Medium,Low,Limited,DayScholar,79,Yes,50,Pass
68,100,1,9.0,4.9,Medium,Low,Unlimited,Hosteller,115,Yes,43,Pass
79,90,1,7.7,3.9,Medium,High,Limited,Hosteller,83,Yes,48,Pass
33,99,7,7.4,4.7,Low,Low,Unlimited,DayScholar,93,Yes,27,Fail
97,93,0,6.9,3.6,High,Medium,Limited,DayScholar,44,Yes,55,Pass
50,86,1,6.4,6.4,Medium,Medium,Unlimited,Hosteller,33,Yes,32,Fail
40,75,3,3.4,7.1,Medium,Low,Limited,DayScholar,112,Yes,15,Fail
32,98,3,5.2,6.6,Low,Medium,Limited,Hosteller,2,No,30,Fail
51,97,7,4.8,6.1,Medium,High,Limited,DayScholar,90,No,28,Fail
45,69,6,7.7,6.2,Medium,High,Unlimited,Hosteller,37,No,20,Fail
44,100,6,4.9,5.0,Medium,Low,Limited,Hosteller,3,No,28,Fail
39,90,9,5.9,8.0,High,Medium,Unlimited,DayScholar,59,No,20,Fail
38,92,10,8.0,8.6,Medium,High,Unlimited,Hosteller,58,No,20,Fail
42,85,9,7.3,9.4,Medium,Medium,Unlimited,Hosteller,17,Yes,22,Fail
52,95,5,9.5,3.0,Low,Low,Limited,Hosteller,68,Yes,34,Fail
34,83,10,7.0,3.6,Medium,Low,Unlimited,Hosteller,72,No,17,Fail
39,82,7,7.4,6.6,Medium,Medium,Unlimited,Hosteller,116,No,29,Fail
31,92,3,7.7,3.5,Low,High,Unlimited,Hosteller,66,No,6,Fail
38,65,0,9.0,3.0,Medium,High,Limited,DayScholar,55,Yes,17,Fail
32,62,3,5.9,5.0,Medium,Low,Unlimited,Hosteller,48,No,13,Fail
40,91,10,2.9,8.6,Low,Low,Unlimited,DayScholar,3,No,20,Fail
41,78,8,7.4,7.8,Low,Low,Limited,DayScholar,38,No,32,Fail
44,87,4,7.8,8.5,Low,Low,Unlimited,Hosteller,27,Yes,33,Fail
30,65,1,7.1,9.7,Medium,High,Unlimited,DayScholar,63,Yes,7,Fail
35,95,1,4.2,5.0,Low,Medium,Limited,DayScholar,77,Yes,19,Fail
45,78,0,1.2,3.4,Medium,Medium,Limited,DayScholar,3,Yes,21,Fail
35,61,4,7.6,8.1,Low,Medium,Unlimited,Hosteller,45,Yes,22,Fail
49,69,8,8.8,8.2,Low,Low,Limited,DayScholar,8,No,29,Fail
34,61,1,9.5,7.1,Medium,Low,Unlimited,DayScholar,110,No,17,Fail
37,69,7,5.8,7.3,High,Low,Limited,Hosteller,55,No,14,Fail
38,92,2,0.6,8.6,Low,Medium,Unlimited,Hosteller,81,No,24,Fail
52,62,1,6.2,5.3,Low,Low,Limited,DayScholar,96,Yes,29,Fail
48,98,0,0.1,8.8,Medium,Medium,Limited,Hosteller,2,Yes,26,Fail
33,53,0,5.2,4.8,High,Low,Limited,Hosteller,21,No,10,Fail
30,99,7,5.0,4.2,Medium,Medium,Unlimited,Hosteller,47,No,20,Fail
32,88,3,8.3,6.1,Low,Medium,Limited,DayScholar,37,Yes,32,Fail
55,92,5,5.0,8.6,Medium,Low,Limited,Hosteller,22,Yes,30,Fail
37,86,4,4.0,7.3,Medium,Low,Limited,Hosteller,39,Yes,23,Fail
59,67,0,8.3,5.1,Low,Low,Unlimited,Hosteller,5,Yes,34,Fail
31,99,3,2.9,7.8,High,Medium,Unlimited,Hosteller,5,No,18,Fail
38,65,0,3.5,4.8,Medium,Medium,Limited,Hosteller,60,No,24,Fail
35,76,1,0.1,7.1,Low,Medium,Unlimited,DayScholar,10,Yes,20,Fail
35,92,4,2.8,6.4,Medium,Low,Unlimited,DayScholar,45,Yes,24,Fail
37,81,5,8.2,4.2,Medium,Medium,Limited,DayScholar,10,No,30,Fail
32,80,0,3.1,5.9,High,High,Limited,DayScholar,78,Yes,12,Fail
31,84,5,8.1,8.5,Low,Medium,Unlimited,Hosteller,101,Yes,13,Fail
37,96,1,4.2,5.8,Medium,Medium,Unlimited,DayScholar,61,Yes,22,Fail
33,64,8,7.6,3.4,Low,Medium,Unlimited,DayScholar,98,No,13,Fail
48,75,5,5.3,9.6,Low,Medium,Limited,DayScholar,95,No,26,Fail
32,86,1,7.8,4.8,Medium,Medium,Limited,DayScholar,98,Yes,20,Fail
39,98,9,9.6,6.3,Medium,Low,Unlimited,DayScholar,19,No,25,Fail
39,60,2,2.0,6.1,Medium,Low,Unlimited,Hosteller,112,No,18,Fail
52,76,6,8.3,4.5,Low,Low,Unlimited,Hosteller,39,Yes,29,Fail
36,98,7,7.6,9.6,Medium,Medium,Unlimited,Hosteller,113,No,15,Fail
37,52,0,9.6,5.4,Medium,High,Unlimited,Hosteller,51,Yes,21,Fail
57,50,3,9.4,6.9,Low,High,Unlimited,DayScholar,107,Yes,33,Fail
32,51,2,9.7,7.8,High,Low,Limited,Hosteller,73,Yes,13,Fail
34,55,2,8.4,6.0,Low,Medium,Unlimited,DayScholar,43,Yes,22,Fail
47,88,4,7.1,5.6,Low,Medium,Limited,DayScholar,85,Yes,32,Fail
39,98,4,0.8,9.2,Low,Low,Unlimited,Hosteller,119,No,15,Fail
30,50,4,9.4,8.3,Low,Low,Unlimited,Hosteller,80,Yes,14,Fail
41,84,2,2.1,4.3,Medium,Low,Unlimited,Hosteller,92,Yes,20,Fail
51,89,2,6.9,4.7,Medium,High,Unlimited,Hosteller,9,No,34,Fail
45,90,9,9.6,5.1,High,Low,Unlimited,DayScholar,54,No,33,Fail
51,99,3,4.0,7.0,Low,High,Unlimited,DayScholar,44,Yes,33,Fail
37,85,5,9.6,4.7,Low,High,Unlimited,Hosteller,55,Yes,30,Fail
53,57,9,7.5,8.1,Medium,Low,Unlimited,DayScholar,29,No,29,Fail
47,65,6,8.5,9.6,Medium,Low,Limited,DayScholar,112,Yes,22,Fail
47,98,6,6.7,4.4,Low,Low,Limited,DayScholar,73,Yes,34,Fail
44,83,0,3.4,5.4,Medium,High,Limited,DayScholar,40,No,25,Fail
30,82,7,1.0,9.6,Medium,Low,Unlimited,DayScholar,10,No,6,Fail
33,85,5,9.2,4.7,Medium,Low,Limited,DayScholar,67,Yes,20,Fail
38,99,2,8.8,5.2,High,Medium,Limited,Hosteller,112,No,32,Fail
54,56,1,7.8,7.0,Low,Low,Unlimited,Hosteller,61,No,31,Fail
42,80,3,5.8,6.9,Low,Medium,Limited,DayScholar,45,No,32,Fail
35,55,5,9.9,4.4,Medium,High,Limited,Hosteller,53,No,12,Fail
30,83,3,9.8,4.9,Medium,High,Unlimited,Hosteller,9,No,20,Fail
56,95,3,7.8,4.8,Medium,Medium,Unlimited,Hosteller,43,Yes,33,Fail
47,73,3,7.6,8.7,Low,Low,Unlimited,DayScholar,103,Yes,25,Fail
32,90,6,7.8,5.0,High,Medium,Unlimited,DayScholar,41,No,10,Fail
36,92,8,7.5,9.7,Low,High,Limited,DayScholar,80,Yes,14,Fail
40,98,0,0.5,5.5,Low,High,Limited,Hosteller,23,Yes,23,Fail
51,71,4,8.0,3.3,Low,Low,Limited,DayScholar,73,No,33,Fail
45,61,3,4.2,5.0,Medium,Medium,Unlimited,DayScholar,67,No,23,Fail
40,59,3,4.0,3.2,Low,Medium,Limited,Hosteller,24,No,20,Fail
31,90,2,7.3,4.2,Medium,Low,Limited,Hosteller,73,Yes,18,Fail
37,50,5,9.0,4.7,High,Low,Limited,Hosteller,52,Yes,13,Fail
31,50,1,9.3,6.4,Low,Low,Unlimited,DayScholar,105,No,30,Fail
47,77,1,1.4,7.9,Low,Medium,Unlimited,Hosteller,42,No,24,Fail
46,62,4,8.3,4.5,Medium,High,Limited,Hosteller,4,No,23,Fail
34,96,5,7.1,3.1,High,Low,Limited,Hosteller,97,No,10,Fail
36,84,2,7.6,7.1,High,High,Unlimited,DayScholar,9,Yes,20,Fail
35,81,7,9.9,3.9,High,Medium,Limited,Hosteller,36,No,23,Fail
51,81,4,1.3,7.0,Low,High,Unlimited,Hosteller,91,No,27,Fail
54,90,1,2.7,7.1,Low,Medium,Unlimited,Hosteller,29,Yes,32,Fail
36,58,0,2.0,9.7,Low,Low,Unlimited,DayScholar,120,No,13,Fail
36,86,1,7.3,8.6,Low,High,Limited,Hosteller,112,Yes,24,Fail
38,88,4,6.6,7.1,High,Medium,Unlimited,DayScholar,109,Yes,13,Fail
49,97,0,4.6,4.5,Medium,Low,Limited,Hosteller,32,Yes,29,Fail
49,96,4,3.5,5.5,Low,High,Unlimited,DayScholar,41,Yes,28,Fail
55,89,7,1.0,6.8,Medium,Low,Unlimited,DayScholar,12,No,32,Fail
35,96,6,6.8,8.1,Low,Medium,Limited,Hosteller,43,Yes,28,Fail
42,80,1,5.0,4.5,Medium,Medium,Unlimited,DayScholar,61,Yes,29,Fail
36,89,3,6.3,6.4,High,High,Unlimited,DayScholar,81,No,15,Fail
36,97,0,6.1,9.0,Medium,High,Limited,Hosteller,116,No,26,Fail
33,77,5,5.7,8.1,High,High,Limited,Hosteller,8,No,14,Fail
40,68,2,6.4,7.9,Low,Medium,Limited,DayScholar,71,No,20,Fail
54,95,7,6.5,3.0,Medium,Medium,Limited,DayScholar,23,Yes,31,Fail
52,63,2,9.8,3.6,Low,Medium,Limited,DayScholar,63,Yes,30,Fail
53,94,9,9.5,8.6,High,Low,Unlimited,DayScholar,84,No,34,Fail
35,100,8,5.8,6.0,Medium,Low,Unlimited,DayScholar,31,Yes,10,Fail
31,91,1,2.2,4.4,Low,Medium,Limited,DayScholar,57,Yes,23,Fail
39,80,1,1.1,9.1,Medium,Medium,Limited,DayScholar,32,No,16,Fail
51,59,8,9.8,8.5,Low,Medium,Unlimited,Hosteller,16,Yes,33,Fail
53,68,3,6.5,6.1,Low,Low,Unlimited,DayScholar,120,No,28,Fail
35,94,0,7.9,3.7,Medium,High,Limited,DayScholar,55,Yes,20,Fail
49,86,3,7.6,4.3,Low,High,Limited,DayScholar,100,Yes,28,Fail
37,73,3,7.7,5.0,Low,Low,Limited,DayScholar,105,Yes,24,Fail
33,97,6,2.0,8.5,Low,High,Unlimited,DayScholar,0,No,18,Fail
50,91,0,7.3,7.5,Low,High,Limited,Hosteller,108,No,33,Fail
32,71,1,4.4,5.5,Medium,Low,Limited,Hosteller,45,No,8,Fail
34,82,9,9.1,9.7,Medium,Medium,Limited,Hosteller,20,Yes,10,Fail
38,83,3,2.9,8.4,High,Medium,Unlimited,DayScholar,8,No,15,Fail
45,100,6,8.0,6.2,Low,High,Limited,DayScholar,91,No,22,Fail
43,69,3,9.3,5.9,Medium,High,Unlimited,Hosteller,118,Yes,21,Fail
44,58,8,9.4,6.7,High,Low,Limited,DayScholar,10,No,27,Fail
44,84,0,8.6,6.0,High,High,Unlimited,Hosteller,14,No,29,Fail
45,98,3,1.6,6.1,Low,Low,Limited,DayScholar,58,No,23,Fail
45,83,3,3.7,8.2,Medium,Medium,Limited,Hosteller,14,No,27,Fail
47,54,5,7.9,7.4,Medium,Low,Unlimited,DayScholar,13,No,31,Fail
43,75,4,7.6,3.3,Low,Low,Unlimited,Hosteller,56,No,28,Fail
34,98,3,5.5,6.9,Low,Medium,Limited,DayScholar,93,Yes,13,Fail
44,51,7,6.4,7.8,Low,Low,Limited,DayScholar,59,No,28,Fail
47,77,5,2.3,5.0,Medium,Low,Limited,Hosteller,55,No,24,Fail
31,75,3,4.7,7.6,High,Medium,Limited,DayScholar,29,No,13,Fail
50,97,1,5.0,6.5,High,Low,Limited,Hosteller,12,No,30,Fail
31,91,8,9.1,3.6,Low,Low,Unlimited,Hosteller,68,No,24,Fail
30,85,2,5.0,5.8,Low,Medium,Limited,DayScholar,110,No,17,Fail
54,56,3,3.7,4.0,Low,Low,Limited,DayScholar,12,Yes,31,Fail
56,97,0,3.6,9.3,High,Low,Unlimited,Hosteller,94,No,31,Fail
44,86,9,9.5,4.2,Medium,Medium,Unlimited,DayScholar,39,No,28,Fail
36,57,5,7.5,5.0,Low,Medium,Limited,Hosteller,55,No,14,Fail
32,51,7,9.8,5.9,Low,Medium,Unlimited,DayScholar,51,Yes,10,Fail
34,79,0,3.6,3.7,Low,Medium,Unlimited,DayScholar,77,Yes,18,Fail
47,77,2,5.3,7.1,Medium,Medium,Limited,Hosteller,109,No,29,Fail
51,86,0,9.6,9.8,Medium,Medium,Limited,Hosteller,98,Yes,30,Fail
43,75,6,4.8,4.5,Medium,Low,Unlimited,DayScholar,119,Yes,18,Fail
39,96,4,5.8,6.7,Low,Low,Unlimited,Hosteller,4,No,27,Fail
36,81,6,7.1,4.0,Low,Low,Limited,Hosteller,12,Yes,27,Fail
42,56,4,3.1,8.0,Medium,Low,Limited,DayScholar,66,No,21,Fail
37,99,9,7.7,3.4,Low,High,Unlimited,DayScholar,10,No,21,Fail
41,92,0,6.5,6.6,High,Low,Limited,DayScholar,80,Yes,26,Fail
55,84,1,2.9,6.7,Medium,Medium,Limited,DayScholar,4,Yes,33,Fail
32,94,0,3.9,7.7,High,High,Limited,Hosteller,108,Yes,9,Fail
44,58,3,8.3,8.5,Medium,Low,Limited,DayScholar,72,Yes,27,Fail
47,86,4,2.5,5.5,Low,High,Limited,DayScholar,66,No,26,Fail
40,73,1,3.9,4.7,Low,Medium,Unlimited,DayScholar,111,Yes,18,Fail
39,93,3,4.0,9.9,Low,High,Limited,DayScholar,96,No,17,Fail
37,76,0,2.0,7.1,High,Low,Limited,DayScholar,60,No,29,Fail
39,55,1,3.8,4.8,Medium,Low,Limited,Hosteller,92,No,23,Fail
53,61,3,6.6,5.2,Medium,Medium,Limited,Hosteller,103,Yes,28,Fail
38,98,2,5.4,7.6,Medium,Medium,Unlimited,Hosteller,86,Yes,27,Fail
39,94,7,9.7,7.8,High,Medium,Unlimited,Hosteller,23,Yes,16,Fail
36,94,7,7.2,7.0,Low,Low,Unlimited,DayScholar,45,Yes,19,Fail
53,93,3,4.3,6.5,High,Low,Limited,DayScholar,74,No,28,Fail
58,78,6,4.0,4.3,Low,Low,Unlimited,Hosteller,45,No,34,Fail
35,95,8,8.4,8.5,High,Medium,Unlimited,DayScholar,94,No,21,Fail
49,65,0,7.8,6.8,Medium,Low,Limited,DayScholar,86,Yes,24,Fail
30,85,5,5.3,9.2,Low,Low,Unlimited,Hosteller,99,No,19,Fail
43,83,5,9.9,8.3,High,High,Unlimited,DayScholar,0,No,31,Fail
44,88,2,1.1,9.5,High,Low,Limited,DayScholar,102,No,21,Fail
31,65,0,2.7,5.2,High,Medium,Limited,Hosteller,11,No,6,Fail
43,54,3,3.4,8.6,Medium,Low,Limited,DayScholar,7,Yes,18,Fail
55,100,3,3.2,9.0,Medium,Low,Limited,Hosteller,8,No,34,Fail
44,100,2,5.6,7.9,Medium,Low,Limited,DayScholar,59,Yes,26,Fail
56,78,2,9.7,5.3,High,Low,Unlimited,Hosteller,100,No,34,Fail
38,58,3,9.9,7.4,Low,Medium,Limited,DayScholar,81,Yes,15,Fail
48,94,3,2.9,7.6,High,Low,Unlimited,DayScholar,34,No,30,Fail
43,70,0,6.1,3.1,Low,Medium,Unlimited,DayScholar,54,No,23,Fail
30,74,1,6.2,5.1,Medium,High,Unlimited,Hosteller,48,Yes,6,Fail
40,76,10,10.0,4.1,Medium,Low,Unlimited,DayScholar,49,Yes,24,Fail
46,64,0,5.5,7.1,Low,Medium,Unlimited,Hosteller,34,No,31,Fail
42,87,3,4.7,8.4,High,Low,Limited,DayScholar,33,Yes,21,Fail
31,79,4,2.2,7.5,Medium,Low,Limited,DayScholar,116,No,20,Fail
30,74,4,6.3,7.7,Medium,High,Unlimited,DayScholar,2,No,14,Fail
42,80,10,4.8,8.3,Low,Low,Unlimited,Hosteller,16,No,32,Fail
42,91,0,3.8,3.7,Low,Low,Limited,DayScholar,115,Yes,27,Fail
51,80,7,7.8,4.9,Medium,Low,Unlimited,DayScholar,97,No,32,Fail
33,77,2,6.0,5.1,Low,Low,Unlimited,Hosteller,113,No,23,Fail
35,65,2,7.3,5.4,Low,Low,Unlimited,DayScholar,58,No,30,Fail
45,88,6,8.6,4.4,High,High,Unlimited,DayScholar,6,Yes,22,Fail
31,78,3,5.8,7.4,Low,Medium,Unlimited,Hosteller,85,Yes,10,Fail
47,96,2,6.5,7.5,Medium,Low,Unlimited,DayScholar,71,No,32,Fail
30,75,6,7.3,9.6,Low,Medium,Unlimited,DayScholar,1,No,15,Fail
47,66,9,6.6,5.3,Low,Low,Limited,DayScholar,29,No,26,Fail
35,96,8,6.7,8.4,High,Low,Limited,Hosteller,28,No,22,Fail
45,90,9,6.7,6.4,Medium,Medium,Limited,Hosteller,53,Yes,25,Fail
46,88,6,8.7,4.0,Medium,High,Unlimited,DayScholar,85,No,22,Fail
43,75,7,6.8,4.2,Medium,Medium,Unlimited,Hosteller,85,Yes,20,Fail
34,98,6,7.7,6.3,Medium,Low,Unlimited,DayScholar,0,No,31,Fail
40,99,2,9.9,4.7,High,High,Unlimited,Hosteller,108,Yes,15,Fail
33,53,10,8.0,7.0,Medium,Low,Unlimited,DayScholar,29,No,13,Fail
36,90,10,0.4,8.4,Medium,Medium,Unlimited,Hosteller,38,No,12,Fail
44,83,0,8.1,9.8,Medium,High,Unlimited,Hosteller,31,Yes,26,Fail
45,77,10,8.1,4.7,Low,Medium,Unlimited,DayScholar,44,Yes,25,Fail
34,52,6,7.4,7.5,High,Medium,Limited,Hosteller,116,No,9,Fail
44,98,1,6.6,3.1,Medium,High,Unlimited,Hosteller,108,Yes,24,Fail
36,58,1,8.4,8.2,High,Low,Limited,DayScholar,117,No,25,Fail
37,78,7,3.2,6.5,Low,Low,Limited,DayScholar,26,Yes,25,Fail
30,86,8,6.5,3.5,Medium,Low,Limited,Hosteller,118,No,14,Fail
31,74,4,7.9,5.8,Low,Low,Limited,DayScholar,79,Yes,9,Fail
31,85,1,6.3,6.5,High,High,Unlimited,DayScholar,34,No,14,Fail
48,76,4,5.4,6.4,Low,Low,Limited,DayScholar,20,Yes,29,Fail
42,82,0,9.8,5.1,Medium,High,Limited,Hosteller,89,Yes,23,Fail
42,60,3,1.2,5.1,Medium,Low,Unlimited,DayScholar,22,No,23,Fail
40,77,6,8.3,7.6,Medium,Medium,Unlimited,DayScholar,37,No,23,Fail
43,56,4,9.7,8.3,Medium,Low,Limited,DayScholar,9,Yes,28,Fail
34,100,1,5.4,6.6,Low,High,Limited,Hosteller,107,Yes,13,Fail
55,84,6,7.6,3.3,Low,Medium,Limited,Hosteller,33,Yes,30,Fail
34,99,6,8.0,6.3,Low,Medium,Limited,Hosteller,112,No,22,Fail
32,79,3,10.0,8.9,Medium,Low,Unlimited,Hosteller,51,No,26,Fail
31,70,6,8.5,3.9,Low,High,Unlimited,DayScholar,33,No,12,Fail
36,71,3,6.0,5.9,High,Low,Limited,Hosteller,77,No,13,Fail
35,69,0,3.9,8.1,Low,Medium,Unlimited,DayScholar,10,No,17,Fail
46,97,4,7.9,8.2,Medium,Low,Limited,Hosteller,25,Yes,27,Fail
51,62,8,7.3,4.8,Low,Medium,Limited,DayScholar,105,No,27,Fail
44,85,8,8.2,4.0,Low,Medium,Unlimited,DayScholar,55,Yes,34,Fail
34,90,7,8.3,8.6,Medium,Low,Limited,DayScholar,1,Yes,19,Fail
56,76,0,1.3,6.7,Medium,Medium,Unlimited,Hosteller,23,No,34,Fail
39,52,3,6.0,9.8,Medium,Medium,Unlimited,DayScholar,83,No,18,Fail
35,85,5,4.1,6.5,Low,High,Unlimited,Hosteller,12,Yes,12,Fail
36,59,8,7.9,4.7,Low,Low,Unlimited,DayScholar,55,No,13,Fail
47,84,8,5.9,6.0,Low,Low,Unlimited,DayScholar,13,No,27,Fail
35,96,7,7.3,6.6,High,Low,Unlimited,DayScholar,58,No,17,Fail
54,53,5,8.2,8.1,Low,Medium,Unlimited,DayScholar,80,Yes,29,Fail
42,97,1,8.4,3.5,High,Medium,Limited,DayScholar,102,No,23,Fail
45,84,9,8.3,7.9,Low,High,Limited,DayScholar,1,No,32,Fail
43,83,5,9.3,9.9,High,Low,Limited,DayScholar,12,Yes,21,Fail
32,78,3,0.7,5.9,Low,High,Unlimited,DayScholar,19,Yes,11,Fail
35,98,4,1.3,5.0,Medium,Low,Limited,DayScholar,13,Yes,18,Fail
40,77,2,7.5,4.4,High,Low,Unlimited,DayScholar,105,No,26,Fail
45,56,1,3.1,4.3,Low,Medium,Limited,DayScholar,24,No,28,Fail
47,76,2,5.7,3.8,Medium,Medium,Limited,Hosteller,63,No,24,Fail
47,95,2,3.9,6.8,Medium,Low,Limited,DayScholar,97,No,24,Fail
42,58,1,9.7,5.3,Medium,Low,Unlimited,Hosteller,5,No,31,Fail
43,95,5,1.9,8.8,Low,Medium,Limited,DayScholar,81,Yes,18,Fail
48,82,8,8.6,7.5,Medium,Medium,Unlimited,DayScholar,31,Yes,26,Fail
41,64,0,6.1,8.7,Low,Low,Unlimited,DayScholar,7,Yes,21,Fail
30,79,2,5.8,9.3,Low,High,Limited,DayScholar,106,Yes,6,Fail
49,77,2,2.9,6.9,Medium,Medium,Limited,Hosteller,86,No,27,Fail
31,91,5,4.6,4.7,Low,Low,Unlimited,DayScholar,67,Yes,22,Fail
40,61,4,9.6,7.4,Low,Low,Limited,Hosteller,42,No,22,Fail
36,94,8,2.8,9.4,Medium,Low,Limited,DayScholar,62,No,11,Fail
39,97,2,9.4,4.2,High,High,Unlimited,Hosteller,97,Yes,15,Fail
31,67,6,5.6,6.3,High,Low,Limited,DayScholar,96,No,8,Fail
36,86,6,9.9,5.9,Medium,Low,Limited,DayScholar,56,Yes,26,Fail
33,100,1,5.6,5.1,Medium,High,Unlimited,DayScholar,92,No,11,Fail
45,79,4,7.9,7.3,High,Low,Unlimited,DayScholar,1,No,29,Fail
31,81,1,9.0,4.8,Medium,High,Unlimited,Hosteller,102,No,18,Fail
34,52,3,6.4,4.2,Low,Medium,Unlimited,DayScholar,45,No,16,Fail
37,56,6,9.5,9.4,Low,Medium,Limited,Hosteller,62,No,15,Fail
37,68,0,5.8,7.6,Low,Low,Limited,Hosteller,53,No,30,Fail
34,91,10,7.6,3.8,Medium,Medium,Limited,DayScholar,92,Yes,9,Fail
34,79,7,6.5,7.3,Low,Medium,Unlimited,Hosteller,65,Yes,11,Fail
36,57,5,5.6,6.3,Medium,Low,Limited,Hosteller,4,No,15,Fail
34,82,6,8.5,3.9,Medium,Low,Limited,Hosteller,14,No,17,Fail
52,76,7,3.4,7.2,Low,Medium,Unlimited,DayScholar,77,No,30,Fail
34,91,7,8.4,7.0,Medium,High,Limited,Hosteller,85,No,9,Fail
35,64,8,7.2,7.9,Low,Medium,Limited,DayScholar,45,Yes,15,Fail
51,86,4,9.5,7.3,High,Low,Limited,Hosteller,19,Yes,27,Fail
49,58,3,6.6,4.2,Medium,Medium,Limited,DayScholar,108,No,29,Fail
37,99,8,5.6,5.1,High,Low,Unlimited,DayScholar,116,Yes,12,Fail
40,60,7,6.7,7.8,Medium,Low,Unlimited,DayScholar,91,No,22,Fail
31,100,4,0.6,5.8,Low,Low,Limited,DayScholar,73,No,12,Fail
38,97,5,7.5,6.3,Medium,Medium,Limited,Hosteller,47,Yes,22,Fail
40,62,2,9.0,6.0,Low,Low,Unlimited,Hosteller,113,Yes,23,Fail
47,67,0,9.0,9.0,High,Low,Unlimited,Hosteller,106,No,22,Fail
39,65,9,8.3,7.4,Low,Low,Unlimited,DayScholar,83,No,23,Fail
37,100,8,2.0,7.4,Low,Medium,Limited,Hosteller,76,No,15,Fail
41,72,5,7.6,5.6,Low,Medium,Limited,DayScholar,42,Yes,26,Fail
48,80,2,1.4,3.1,Low,Medium,Unlimited,DayScholar,70,No,23,Fail
47,89,1,1.4,4.1,Medium,High,Limited,DayScholar,86,No,25,Fail
42,70,3,8.7,9.4,Medium,Medium,Unlimited,Hosteller,22,Yes,21,Fail
36,55,10,9.2,8.6,Low,Low,Unlimited,DayScholar,3,Yes,18,Fail
47,66,7,7.5,7.3,Low,Medium,Unlimited,DayScholar,54,No,22,Fail
49,90,1,1.9,8.3,Medium,Medium,Limited,Hosteller,4,No,27,Fail
37,92,1,1.6,5.1,Medium,Medium,Unlimited,DayScholar,42,No,15,Fail
58,75,9,8.1,4.7,Low,High,Limited,DayScholar,61,Yes,34,Fail
45,92,0,2.6,8.0,Low,Medium,Limited,DayScholar,106,Yes,30,Fail
53,64,2,7.6,6.5,Low,High,Unlimited,DayScholar,65,No,34,Fail
36,71,4,7.3,4.9,High,Low,Limited,Hosteller,3,Yes,15,Fail
30,84,2,4.6,3.7,High,Low,Limited,DayScholar,57,Yes,13,Fail
42,87,8,3.5,8.5,Medium,Low,Unlimited,DayScholar,12,Yes,22,Fail
43,91,5,5.7,5.6,Medium,Low,Unlimited,DayScholar,115,Yes,25,Fail
30,75,6,3.1,7.2,Medium,Medium,Limited,Hosteller,83,Yes,7,Fail
46,100,0,0.9,8.2,Low,Medium,Limited,Hosteller,10,Yes,32,Fail
44,91,4,7.8,8.3,Low,High,Limited,Hosteller,71,No,27,Fail
35,78,0,4.9,6.2,High,Low,Unlimited,DayScholar,34,No,21,Fail
38,50,1,5.0,5.3,High,Medium,Limited,DayScholar,35,Yes,16,Fail
40,83,6,5.1,7.2,Low,Low,Limited,Hosteller,44,No,34,Fail
46,55,3,9.4,5.0,Low,Medium,Unlimited,DayScholar,30,No,29,Fail
41,89,6,3.8,5.7,Low,Low,Limited,Hosteller,65,No,26,Fail
33,54,8,8.9,7.5,Medium,Low,Limited,DayScholar,9,Yes,19,Fail
36,84,2,1.8,4.8,Low,Medium,Limited,Hosteller,56,Yes,12,Fail
44,69,1,5.6,7.0,Medium,Low,Limited,Hosteller,14,Yes,20,Fail
35,90,3,4.5,7.6,Low,Low,Unlimited,DayScholar,56,Yes,26,Fail
52,95,0,8.6,4.6,Low,High,Unlimited,Hosteller,116,Yes,33,Fail
37,62,7,9.9,5.8,Low,High,Limited,DayScholar,16,No,12,Fail
36,82,7,1.4,4.2,Low,Low,Limited,Hosteller,52,No,21,Fail
32,70,8,9.9,6.9,Low,High,Limited,Hosteller,104,No,10,Fail
57,87,1,7.2,6.9,Medium,Medium,Limited,Hosteller,99,No,34,Fail
40,52,5,7.9,8.6,Low,Medium,Limited,Hosteller,18,No,21,Fail
32,85,9,7.5,6.0,High,Low,Limited,DayScholar,31,Yes,11,Fail
41,89,8,7.1,4.3,High,High,Unlimited,DayScholar,101,No,16,Fail
31,92,2,9.3,3.9,High,High,Unlimited,DayScholar,48,Yes,10,Fail
48,50,2,7.2,4.6,Medium,Low,Unlimited,Hosteller,78,Yes,28,Fail
31,79,2,0.6,9.0,Low,Low,Unlimited,DayScholar,49,Yes,22,Fail
42,75,3,1.8,3.5,Medium,High,Limited,Hosteller,56,No,18,Fail
52,93,6,8.1,7.7,Low,Medium,Limited,Hosteller,70,No,30,Fail
38,79,4,5.9,4.3,Low,High,Unlimited,DayScholar,47,No,25,Fail
44,55,2,5.5,6.1,High,Low,Unlimited,DayScholar,84,No,19,Fail
30,84,1,6.8,5.3,Medium,Low,Unlimited,DayScholar,79,No,26,Fail
37,94,10,8.4,3.9,Low,Medium,Limited,Hosteller,80,No,22,Fail
39,89,2,4.6,3.1,High,Low,Unlimited,DayScholar,23,Yes,16,Fail
37,66,0,7.0,3.1,High,High,Unlimited,DayScholar,12,No,15,Fail
36,99,3,6.8,8.2,Low,Low,Unlimited,Hosteller,13,Yes,24,Fail
32,88,8,5.9,7.6,Low,Low,Unlimited,Hosteller,41,Yes,8,Fail
45,83,1,4.5,10.0,Medium,Low,Unlimited,Hosteller,118,No,31,Fail
33,56,0,5.3,7.1,Low,Low,Limited,Hosteller,96,No,20,Fail
38,87,1,5.1,5.2,Medium,High,Unlimited,Hosteller,113,No,20,Fail
32,81,2,4.9,6.2,Medium,High,Unlimited,DayScholar,80,No,22,Fail
43,75,4,4.4,5.5,Medium,Medium,Limited,Hosteller,90,No,21,Fail
31,94,8,9.5,3.7,High,High,Limited,Hosteller,66,No,8,Fail
35,90,0,6.7,5.5,High,High,Unlimited,Hosteller,54,No,17,Fail
42,62,2,7.5,5.0,High,Medium,Limited,Hosteller,52,No,24,Fail
37,75,5,7.8,6.9,Low,High,Unlimited,DayScholar,35,Yes,28,Fail
31,89,3,3.5,4.9,Medium,Low,Unlimited,Hosteller,54,No,15,Fail
40,98,7,3.8,6.8,Medium,Low,Limited,Hosteller,63,Yes,16,Fail
34,63,4,5.5,7.0,Medium,Low,Unlimited,DayScholar,66,No,9,Fail
32,94,9,7.4,6.5,Low,Medium,Unlimited,DayScholar,70,Yes,12,Fail
40,99,3,1.7,9.6,Low,Medium,Unlimited,DayScholar,35,No,27,Fail
36,93,0,5.2,5.9,Medium,High,Unlimited,DayScholar,80,No,26,Fail
36,91,0,0.3,4.6,High,Medium,Limited,DayScholar,22,No,11,Fail
47,70,2,8.9,9.9,Medium,Medium,Limited,Hosteller,3,Yes,22,Fail
37,76,0,9.8,6.2,High,High,Limited,DayScholar,48,Yes,17,Fail
38,98,2,2.0,7.7,High,Low,Unlimited,Hosteller,51,No,17,Fail
39,82,3,8.1,6.1,Medium,Low,Limited,DayScholar,83,Yes,34,Fail
33,98,7,8.2,5.2,Low,High,Limited,DayScholar,10,No,18,Fail
52,76,6,8.0,8.9,Medium,High,Unlimited,Hosteller,113,Yes,28,Fail
39,94,0,8.8,8.3,High,High,Limited,DayScholar,108,Yes,15,Fail
47,88,4,9.4,8.8,Low,High,Limited,Hosteller,7,Yes,31,Fail
31,74,0,0.7,7.3,Medium,Medium,Unlimited,DayScholar,80,No,9,Fail
32,100,6,3.9,5.1,High,Low,Limited,DayScholar,54,No,10,Fail
41,85,1,8.0,3.7,High,High,Limited,Hosteller,91,No,17,Fail
40,85,8,7.6,8.2,Medium,Low,Limited,DayScholar,91,No,24,Fail
45,65,1,2.2,6.7,Low,Medium,Unlimited,Hosteller,25,No,26,Fail
43,94,2,6.1,8.2,Medium,Medium,Limited,DayScholar,35,Yes,24,Fail
45,84,8,3.5,5.1,Low,Medium,Unlimited,DayScholar,26,No,29,Fail
39,95,8,7.4,5.7,High,Low,Unlimited,DayScholar,90,Yes,17,Fail
45,97,1,6.8,4.8,High,Medium,Limited,Hosteller,27,Yes,25,Fail
33,88,0,7.5,9.2,High,Low,Limited,DayScholar,84,No,24,Fail
43,61,2,9.4,7.1,High,Low,Limited,DayScholar,49,Yes,22,Fail
39,98,6,7.1,3.7,Medium,Medium,Limited,DayScholar,111,No,24,Fail
36,77,3,7.5,8.6,Medium,Low,Limited,Hosteller,32,Yes,23,Fail
34,87,0,8.2,9.2,Medium,High,Limited,Hosteller,102,No,20,Fail
48,61,1,9.7,4.5,Low,Medium,Limited,Hosteller,74,No,27,Fail
45,90,1,6.2,7.5,Medium,Low,Limited,Hosteller,33,Yes,33,Fail
30,79,3,8.6,5.4,Medium,Medium,Unlimited,DayScholar,89,Yes,19,Fail
34,57,2,2.8,6.1,High,Low,Limited,DayScholar,28,No,9,Fail
52,81,2,7.1,3.3,Low,Low,Limited,DayScholar,107,Yes,29,Fail
36,62,6,7.1,8.1,High,Low,Limited,DayScholar,30,Yes,17,Fail
30,93,3,3.2,7.4,Medium,Low,Limited,DayScholar,11,Yes,24,Fail
30,82,0,7.2,9.8,Medium,Low,Limited,DayScholar,9,No,28,Fail
38,79,2,4.9,5.5,Medium,Medium,Unlimited,Hosteller,46,Yes,28,Fail
38,81,0,9.5,6.5,Low,Low,Limited,Hosteller,68,Yes,29,Fail
45,73,5,6.2,5.9,Low,High,Unlimited,Hosteller,51,No,24,Fail
43,71,0,3.5,5.4,Low,Low,Unlimited,DayScholar,0,No,26,Fail
33,92,1,1.2,4.2,High,Low,Limited,Hosteller,58,No,21,Fail
30,99,1,6.8,9.7,High,Medium,Unlimited,Hosteller,30,No,12,Fail
54,96,2,2.5,6.4,Low,High,Unlimited,DayScholar,10,No,33,Fail
50,92,1,4.3,3.3,High,Medium,Limited,Hosteller,100,No,29,Fail
46,91,9,9.7,3.3,Low,Low,Unlimited,Hosteller,114,Yes,23,Fail
50,65,0,2.0,4.7,Low,Low,Unlimited,Hosteller,9,Yes,29,Fail
48,85,6,7.1,3.5,High,Medium,Unlimited,Hosteller,3,No,25,Fail
34,79,2,8.0,9.5,Low,High,Unlimited,Hosteller,91,No,22,Fail
30,56,5,8.8,3.4,Low,Low,Unlimited,Hosteller,71,Yes,8,Fail
42,66,1,8.3,4.1,Low,Low,Unlimited,DayScholar,63,Yes,20,Fail
30,87,6,6.1,5.2,Low,Low,Unlimited,DayScholar,110,No,26,Fail
35,84,3,3.0,7.2,Medium,Medium,Limited,DayScholar,19,Yes,26,Fail
32,84,4,8.0,8.2,High,Medium,Unlimited,DayScholar,102,Yes,9,Fail
45,97,2,4.7,6.3,Low,Low,Unlimited,DayScholar,67,Yes,22,Fail
30,80,10,7.5,7.0,Low,Low,Limited,DayScholar,71,No,16,Fail
52,95,10,8.7,5.7,Low,Medium,Limited,Hosteller,107,Yes,27,Fail
32,91,6,3.7,6.3,Medium,Low,Limited,Hosteller,6,No,17,Fail
40,56,6,9.9,7.2,High,Low,Limited,DayScholar,32,Yes,16,Fail
51,84,4,5.1,7.9,Medium,High,Limited,DayScholar,30,No,31,Fail
35,79,0,5.0,3.1,Low,Low,Unlimited,DayScholar,71,Yes,27,Fail
52,77,4,0.2,8.0,Low,Low,Limited,Hosteller,15,Yes,32,Fail
41,79,1,2.8,10.0,Low,Medium,Limited,DayScholar,72,Yes,16,Fail
47,94,2,7.2,6.6,High,Medium,Limited,Hosteller,68,Yes,32,Fail
36,84,7,7.5,4.0,Medium,High,Unlimited,Hosteller,32,No,19,Fail
41,94,8,6.9,8.4,Low,Medium,Limited,DayScholar,80,Yes,19,Fail
45,89,8,3.1,4.3,Medium,High,Limited,DayScholar,5,No,21,Fail
37,90,0,5.9,8.5,High,Medium,Unlimited,DayScholar,45,Yes,17,Fail
53,91,5,9.4,8.9,High,High,Unlimited,DayScholar,15,No,34,Fail
40,85,8,4.8,6.6,Medium,Medium,Limited,Hosteller,85,No,23,Fail
30,55,4,6.7,3.6,Medium,Medium,Limited,DayScholar,87,No,8,Fail
43,85,6,8.2,4.1,Low,Medium,Unlimited,DayScholar,75,No,29,Fail
36,64,0,8.0,6.4,Medium,Low,Unlimited,DayScholar,14,No,31,Fail
36,86,7,2.5,6.9,Medium,Low,Limited,DayScholar,15,Yes,20,Fail
34,50,7,8.4,5.4,Low,Medium,Unlimited,Hosteller,23,No,26,Fail
37,96,8,7.3,9.1,Medium,Medium,Unlimited,DayScholar,33,Yes,18,Fail
54,88,9,9.8,5.7,Low,Low,Limited,DayScholar,93,Yes,31,Fail
33,89,9,9.1,7.4,High,Low,Limited,Hosteller,110,No,21,Fail
35,79,3,8.0,5.3,Medium,Medium,Limited,Hosteller,28,Yes,33,Fail
44,70,4,8.1,6.7,Low,High,Limited,DayScholar,15,Yes,20,Fail
31,65,4,6.8,7.9,High,Medium,Limited,DayScholar,30,Yes,11,Fail
33,86,2,8.5,7.0,Medium,Medium,Limited,Hosteller,19,No,34,Fail
44,71,2,9.8,7.3,Medium,Medium,Limited,DayScholar,34,No,30,Fail
35,100,6,6.0,5.1,Low,Low,Unlimited,DayScholar,114,No,17,Fail
42,85,7,6.2,4.7,Medium,Low,Unlimited,DayScholar,112,No,20,Fail
48,83,7,6.8,9.7,Low,Low,Limited,Hosteller,17,Yes,23,Fail
33,67,6,6.6,3.6,Low,Low,Unlimited,Hosteller,54,Yes,11,Fail
51,66,0,6.2,6.2,Medium,High,Limited,Hosteller,1,No,31,Fail
41,93,4,1.2,4.1,Low,Medium,Limited,DayScholar,118,No,22,Fail
38,54,4,6.2,7.8,Medium,Low,Unlimited,DayScholar,22,Yes,23,Fail
50,77,0,9.6,8.1,High,Low,Unlimited,Hosteller,111,No,33,Fail
42,94,7,3.9,7.2,Low,Medium,Unlimited,Hosteller,88,Yes,17,Fail
49,95,1,5.1,5.3,Medium,High,Limited,Hosteller,37,No,25,Fail
37,99,2,5.3,3.3,Low,Medium,Limited,Hosteller,56,No,19,Fail
40,98,6,5.2,8.2,Medium,Low,Limited,Hosteller,40,No,28,Fail
43,79,2,5.3,7.8,Low,Low,Limited,Hosteller,78,Yes,21,Fail
35,94,3,1.2,7.7,Medium,Low,Limited,DayScholar,38,No,22,Fail
44,94,6,3.2,5.8,Medium,Medium,Limited,Hosteller,29,Yes,25,Fail
35,95,5,5.9,8.5,Medium,High,Unlimited,Hosteller,13,No,25,Fail
46,87,8,6.5,3.7,High,Low,Limited,DayScholar,3,No,24,Fail
31,88,2,1.8,4.9,Low,Low,Unlimited,Hosteller,12,No,22,Fail
44,83,10,7.5,5.7,Low,High,Limited,DayScholar,59,Yes,20,Fail
31,93,1,5.2,3.4,High,Low,Unlimited,DayScholar,40,Yes,9,Fail
53,78,7,7.9,4.1,High,Low,Limited,DayScholar,60,No,28,Fail
39,53,7,6.2,6.0,Medium,Low,Unlimited,DayScholar,107,No,15,Fail
37,81,0,7.0,3.3,High,Medium,Unlimited,Hosteller,26,Yes,15,Fail
30,69,2,3.4,5.5,Medium,Low,Limited,DayScholar,16,No,15,Fail
38,79,6,2.5,7.6,Medium,Low,Unlimited,DayScholar,5,No,21,Fail
44,61,3,7.2,6.6,Low,Low,Limited,DayScholar,72,No,30,Fail
34,95,2,0.5,6.8,Medium,Medium,Unlimited,Hosteller,94,No,13,Fail
33,64,9,8.8,6.0,Medium,Medium,Limited,DayScholar,18,No,14,Fail
33,94,7,7.7,9.0,Medium,Medium,Limited,DayScholar,73,No,21,Fail
35,99,9,9.9,3.9,Medium,High,Unlimited,DayScholar,98,No,14,Fail
39,68,1,4.4,6.3,Medium,Medium,Limited,Hosteller,105,No,21,Fail
44,65,0,7.0,4.8,High,Medium,Unlimited,DayScholar,96,No,24,Fail
50,68,3,1.9,4.8,Medium,Low,Limited,DayScholar,45,No,25,Fail
35,87,5,7.1,8.2,Medium,Low,Limited,DayScholar,63,No,32,Fail
35,71,7,6.3,8.8,High,Low,Unlimited,Hosteller,49,No,11,Fail
55,79,0,9.1,4.3,High,Medium,Limited,DayScholar,118,Yes,30,Fail
31,65,0,9.1,9.3,High,Medium,Unlimited,DayScholar,37,No,9,Fail
48,77,1,3.5,3.4,Low,Medium,Unlimited,Hosteller,58,No,31,Fail
36,63,0,3.3,9.8,Low,Low,Unlimited,DayScholar,92,Yes,15,Fail
31,79,8,6.2,7.2,Low,Medium,Limited,DayScholar,64,No,22,Fail
40,85,2,7.0,5.9,Medium,Medium,Limited,Hosteller,24,Yes,34,Fail
46,98,1,0.7,6.9,Medium,Low,Limited,DayScholar,83,No,25,Fail
38,98,2,6.2,8.0,Low,High,Limited,Hosteller,13,No,21,Fail
59,93,9,6.3,5.3,Medium,High,Limited,DayScholar,42,No,34,Fail
52,70,4,6.9,7.9,Medium,Low,Limited,Hosteller,18,No,30,Fail
34,81,2,5.6,3.9,Medium,High,Unlimited,Hosteller,11,No,15,Fail
30,93,5,4.5,7.7,Medium,Medium,Unlimited,Hosteller,55,Yes,6,Fail
42,84,4,3.2,8.5,Low,High,Limited,Hosteller,51,Yes,19,Fail
44,72,3,6.8,5.5,Low,High,Unlimited,DayScholar,57,No,29,Fail
37,87,1,8.9,5.5,Medium,High,Unlimited,Hosteller,52,Yes,25,Fail
30,88,6,4.2,7.1,Medium,Low,Unlimited,Hosteller,29,No,15,Fail
52,99,9,5.8,7.9,Low,High,Limited,DayScholar,43,Yes,27,Fail
45,99,1,3.2,9.4,Low,Medium,Unlimited,Hosteller,87,No,27,Fail
43,91,8,8.1,6.4,Medium,High,Unlimited,DayScholar,91,No,20,Fail
40,94,3,5.2,6.4,Low,Medium,Limited,DayScholar,72,No,32,Fail
30,55,1,4.5,7.9,Low,High,Limited,Hosteller,111,Yes,7,Fail
38,93,6,3.8,8.5,Low,Low,Unlimited,DayScholar,61,No,30,Fail
46,99,4,0.5,9.4,Low,Medium,Unlimited,Hosteller,97,No,21,Fail
49,54,2,7.3,4.3,Medium,Low,Limited,Hosteller,37,No,25,Fail
40,81,4,2.1,5.5,Medium,Low,Unlimited,DayScholar,40,Yes,21,Fail
50,91,0,5.9,8.0,Low,High,Limited,Hosteller,29,Yes,27,Fail
34,51,4,6.8,5.8,Low,Medium,Limited,Hosteller,0,No,23,Fail
30,53,1,6.5,7.6,High,Low,Limited,Hosteller,81,No,5,Fail
33,77,7,2.4,4.9,Low,Medium,Unlimited,Hosteller,21,Yes,17,Fail
35,76,7,7.3,5.3,High,Low,Limited,Hosteller,44,No,11,Fail
35,94,6,8.7,7.8,Medium,Medium,Unlimited,DayScholar,2,Yes,27,Fail
53,77,2,8.7,3.7,High,Medium,Unlimited,DayScholar,20,No,30,Fail
44,58,0,9.4,5.5,Low,Medium,Unlimited,Hosteller,86,No,32,Fail
49,83,1,6.5,7.0,Low,High,Limited,DayScholar,76,No,28,Fail
44,82,6,9.8,9.9,Low,Medium,Limited,DayScholar,112,Yes,31,Fail
36,84,3,4.2,4.4,Medium,Medium,Unlimited,Hosteller,87,No,23,Fail
47,98,4,6.3,7.0,Medium,Low,Unlimited,Hosteller,113,Yes,22,Fail
48,98,7,8.3,5.9,Medium,Low,Unlimited,Hosteller,8,Yes,24,Fail
37,81,4,5.4,7.8,Low,Medium,Unlimited,DayScholar,119,No,17,Fail
46,80,8,6.9,7.0,Medium,Medium,Unlimited,DayScholar,83,No,23,Fail
37,95,3,1.9,4.9,Medium,Medium,Limited,Hosteller,76,No,20,Fail
37,86,3,2.8,4.4,High,Low,Unlimited,DayScholar,83,No,20,Fail
45,81,0,2.2,7.6,Low,High,Limited,DayScholar,113,Yes,27,Fail
50,88,4,7.8,6.4,Medium,Low,Limited,Hosteller,96,Yes,34,Fail
32,95,2,3.5,9.6,Medium,High,Limited,Hosteller,22,No,9,Fail
30,80,2,6.4,7.5,Medium,High,Limited,DayScholar,56,Yes,12,Fail
32,92,2,7.2,3.2,High,Low,Limited,Hosteller,8,No,26,Fail
30,71,0,9.7,7.2,Low,Low,Limited,DayScholar,73,No,33,Fail
33,64,1,6.3,6.5,Medium,High,Limited,Hosteller,3,Yes,9,Fail
37,67,7,7.1,3.6,Medium,Low,Unlimited,Hosteller,28,No,14,Fail
48,75,2,2.8,6.9,Medium,Medium,Unlimited,Hosteller,18,No,29,Fail
54,81,7,7.8,5.0,Low,High,Limited,Hosteller,69,Yes,29,Fail
50,79,0,1.2,4.5,Low,Low,Limited,Hosteller,91,No,33,Fail
56,89,8,9.1,4.0,Medium,High,Limited,Hosteller,99,No,34,Fail
50,60,0,9.2,4.7,Medium,Low,Unlimited,DayScholar,68,Yes,25,Fail
39,94,3,5.8,5.5,Medium,Medium,Unlimited,DayScholar,32,Yes,30,Fail
51,86,1,9.7,9.9,Low,High,Unlimited,DayScholar,78,No,34,Fail
39,91,4,8.8,9.6,Low,High,Unlimited,DayScholar,106,Yes,23,Fail
31,59,0,6.5,8.1,Medium,Medium,Unlimited,Hosteller,6,Yes,13,Fail
40,87,1,6.9,9.8,High,Medium,Limited,DayScholar,99,No,30,Fail
33,86,7,2.7,4.0,High,Low,Unlimited,DayScholar,56,No,8,Fail
37,52,3,7.3,4.6,Medium,High,Unlimited,Hosteller,19,No,16,Fail
40,97,3,9.0,5.2,High,Medium,Unlimited,Hosteller,15,Yes,27,Fail
32,64,1,6.6,7.1,Low,Medium,Limited,Hosteller,116,Yes,20,Fail
31,100,1,0.4,6.7,Medium,Low,Unlimited,Hosteller,59,Yes,6,Fail
55,65,1,7.0,8.1,Low,Low,Limited,Hosteller,60,No,31,Fail
44,62,2,5.3,7.0,Low,Low,Limited,Hosteller,118,No,21,Fail
42,61,1,8.5,7.7,Low,High,Limited,Hosteller,99,Yes,20,Fail
37,87,3,1.6,8.9,Low,High,Limited,DayScholar,23,No,17,Fail
39,82,4,1.0,3.5,Medium,Medium,Limited,DayScholar,119,No,14,Fail
30,91,5,2.4,8.6,Medium,Medium,Limited,DayScholar,24,Yes,17,Fail
40,76,3,2.7,6.7,Medium,Medium,Limited,Hosteller,49,Yes,17,Fail
48,100,3,1.8,6.5,High,Low,Limited,DayScholar,117,Yes,24,Fail
53,100,8,8.8,4.8,Low,High,Limited,Hosteller,87,No,33,Fail
48,75,6,4.6,7.9,Low,High,Limited,DayScholar,57,No,29,Fail
39,68,2,9.8,5.5,Low,Medium,Limited,Hosteller,25,Yes,34,Fail
30,93,0,2.4,8.7,Medium,Low,Unlimited,Hosteller,88,Yes,9,Fail
54,63,4,5.0,4.4,Low,Medium,Unlimited,Hosteller,33,No,29,Fail
34,94,5,9.0,7.7,Medium,Low,Limited,Hosteller,31,Yes,26,Fail
34,53,7,8.9,5.0,Medium,Medium,Unlimited,DayScholar,29,Yes,9,Fail
44,78,8,5.8,5.5,Low,High,Limited,Hosteller,21,No,21,Fail
38,81,5,2.9,5.9,High,Medium,Limited,DayScholar,115,Yes,14,Fail
43,89,0,9.1,8.9,High,Medium,Limited,Hosteller,32,Yes,23,Fail
49,92,7,8.1,4.7,Medium,Low,Unlimited,Hosteller,64,No,28,Fail
35,96,4,4.9,8.2,Low,Low,Limited,DayScholar,9,Yes,28,Fail
36,80,4,3.8,9.8,Medium,Medium,Limited,DayScholar,86,Yes,13,Fail
56,88,2,7.1,8.8,Medium,High,Unlimited,DayScholar,33,Yes,32,Fail
42,100,9,8.2,5.5,Medium,Medium,Unlimited,DayScholar,60,No,28,Fail
34,99,5,4.5,5.4,Low,Medium,Limited,DayScholar,54,Yes,25,Fail
35,85,0,9.9,6.6,Low,Low,Unlimited,Hosteller,66,Yes,29,Fail
41,79,3,3.8,5.4,Low,Low,Limited,DayScholar,57,Yes,21,Fail
42,53,1,1.9,4.9,Low,Medium,Limited,Hosteller,59,No,24,Fail
42,100,0,6.5,4.4,High,Low,Unlimited,DayScholar,57,No,26,Fail
39,90,1,4.2,6.1,Medium,Medium,Unlimited,DayScholar,96,No,28,Fail
36,87,5,9.9,8.9,High,Low,Unlimited,Hosteller,26,Yes,14,Fail
43,73,0,8.6,8.8,Medium,Medium,Unlimited,Hosteller,113,No,24,Fail
46,67,2,6.2,7.8,Low,Medium,Unlimited,Hosteller,35,Yes,29,Fail
31,91,3,8.2,9.1,High,Low,Limited,Hosteller,0,Yes,22,Fail
49,54,1,9.8,3.4,High,Medium,Unlimited,DayScholar,21,Yes,24,Fail
35,90,6,9.0,5.6,Low,Medium,Unlimited,DayScholar,82,No,23,Fail
36,83,1,8.4,4.9,High,Medium,Limited,Hosteller,5,No,25,Fail
43,81,4,8.8,9.1,Low,Low,Limited,DayScholar,72,Yes,27,Fail
37,99,1,8.6,4.0,High,Medium,Limited,DayScholar,113,Yes,29,Fail
35,74,6,9.8,5.9,High,Low,Limited,DayScholar,19,Yes,14,Fail
48,70,2,8.5,4.3,Medium,Low,Limited,Hosteller,91,Yes,29,Fail
40,60,5,4.9,4.5,Low,Medium,Limited,DayScholar,53,No,26,Fail
40,99,9,4.9,7.1,High,Medium,Limited,DayScholar,82,No,17,Fail
30,99,0,4.5,9.9,Low,Low,Unlimited,Hosteller,15,Yes,23,Fail
42,76,0,7.1,7.3,Low,High,Limited,DayScholar,1,Yes,32,Fail
47,96,1,8.6,6.1,Low,High,Unlimited,Hosteller,109,Yes,25,Fail
37,99,8,1.8,5.5,Low,Low,Limited,Hosteller,82,No,14,Fail
56,60,0,3.3,9.1,Medium,Medium,Unlimited,DayScholar,48,No,33,Fail
31,78,6,0.7,6.2,Low,High,Limited,Hosteller,14,Yes,8,Fail
45,86,5,3.6,9.7,Low,Low,Unlimited,Hosteller,16,No,22,Fail
45,79,0,6.3,4.2,Medium,High,Unlimited,DayScholar,48,No,26,Fail
39,65,7,9.0,6.7,High,Low,Limited,DayScholar,48,Yes,14,Fail
42,82,4,8.6,3.4,Medium,Low,Unlimited,Hosteller,106,Yes,23,Fail
50,75,2,5.8,9.8,Low,Low,Limited,Hosteller,3,Yes,31,Fail
39,94,0,4.8,9.0,Low,Low,Unlimited,DayScholar,6,Yes,28,Fail
49,75,3,3.5,5.6,Low,Medium,Limited,DayScholar,3,No,31,Fail
37,50,10,7.3,5.2,Medium,Low,Limited,Hosteller,23,Yes,12,Fail
34,84,7,8.6,8.8,Low,High,Unlimited,DayScholar,114,Yes,10,Fail
39,84,5,9.7,9.1,Medium,Low,Limited,Hosteller,47,Yes,27,Fail
33,50,7,7.7,5.6,Low,Low,Limited,Hosteller,24,Yes,17,Fail
46,94,3,9.7,5.4,High,High,Limited,Hosteller,84,No,29,Fail
30,50,1,6.5,5.2,Low,High,Limited,DayScholar,27,No,10,Fail
45,97,0,6.7,9.4,Low,Low,Limited,Hosteller,102,Yes,29,Fail
31,57,6,4.8,7.5,Medium,High,Unlimited,Hosteller,14,No,7,Fail
40,56,4,5.4,8.1,Low,Low,Unlimited,Hosteller,28,No,28,Fail
36,90,8,7.8,6.8,High,Low,Limited,Hosteller,72,No,20,Fail
47,75,7,0.7,8.5,Low,Low,Limited,DayScholar,59,Yes,23,Fail
35,83,4,1.2,6.4,Low,High,Limited,Hosteller,25,No,14,Fail
42,51,4,8.9,7.4,Medium,Medium,Unlimited,Hosteller,15,No,18,Fail
52,74,3,8.0,6.5,High,Medium,Unlimited,DayScholar,58,No,28,Fail
34,84,6,8.1,7.4,High,Medium,Limited,DayScholar,9,Yes,22,Fail
39,71,1,5.3,4.9,Low,High,Unlimited,Hosteller,58,Yes,15,Fail
49,72,0,7.9,9.2,Medium,Medium,Limited,DayScholar,37,No,30,Fail
43,50,5,5.7,8.4,Medium,Low,Limited,DayScholar,98,No,23,Fail
36,95,2,5.3,5.9,Low,Medium,Unlimited,DayScholar,20,Yes,19,Fail
38,75,1,8.5,7.8,Medium,Medium,Limited,DayScholar,118,No,33,Fail
37,96,0,1.0,6.8,Low,Low,Unlimited,Hosteller,26,No,20,Fail
32,79,0,2.2,5.8,Medium,Medium,Limited,Hosteller,56,Yes,8,Fail
39,60,0,5.3,8.3,Low,High,Unlimited,Hosteller,119,No,14,Fail
50,95,6,6.6,5.4,Low,High,Limited,DayScholar,67,Yes,26,Fail
41,80,2,7.0,6.2,Medium,Medium,Unlimited,Hosteller,74,No,28,Fail
37,78,1,1.4,8.7,Medium,Medium,Limited,Hosteller,55,No,18,Fail
51,86,5,6.3,4.7,Medium,Low,Limited,DayScholar,10,Yes,30,Fail
31,91,4,1.4,5.1,Medium,Low,Limited,Hosteller,6,Yes,13,Fail
46,77,5,9.1,9.6,High,Low,Unlimited,DayScholar,7,No,29,Fail
50,52,5,9.2,8.8,Medium,Medium,Unlimited,DayScholar,106,No,26,Fail
36,76,1,5.4,5.8,Medium,Medium,Unlimited,Hosteller,45,Yes,26,Fail
38,86,3,5.7,5.5,Low,Medium,Limited,Hosteller,85,No,20,Fail
31,58,1,7.5,6.0,Medium,Medium,Limited,Hosteller,41,No,11,Fail
42,67,4,4.0,8.5,Low,Low,Unlimited,Hosteller,46,No,23,Fail
46,73,0,9.4,9.0,Medium,Medium,Limited,Hosteller,12,Yes,31,Fail
44,75,8,5.1,7.1,Medium,Low,Unlimited,Hosteller,100,No,29,Fail
37,82,1,8.4,6.5,Low,Medium,Limited,DayScholar,79,No,34,Fail
36,51,1,8.4,4.8,Low,High,Limited,Hosteller,35,No,20,Fail
53,84,2,9.5,3.8,High,Medium,Limited,DayScholar,12,Yes,34,Fail
41,97,8,7.7,8.4,High,High,Unlimited,DayScholar,43,No,20,Fail
42,50,0,9.2,6.3,Medium,Low,Limited,Hosteller,26,No,33,Fail
30,67,6,9.7,6.1,Medium,High,Unlimited,Hosteller,16,Yes,7,Fail
33,93,1,4.3,9.6,Low,High,Limited,Hosteller,8,Yes,17,Fail
47,54,4,7.9,3.5,Low,Low,Unlimited,Hosteller,41,No,33,Fail
38,60,1,8.4,9.4,Medium,Low,Unlimited,Hosteller,24,Yes,22,Fail
35,89,2,7.3,5.1,High,Low,Limited,DayScholar,62,No,29,Fail
41,53,2,9.5,8.3,High,Low,Limited,DayScholar,91,Yes,16,Fail
43,97,1,2.7,5.6,Medium,Low,Limited,DayScholar,113,No,34,Fail
37,83,4,7.4,7.1,Medium,Medium,Unlimited,DayScholar,116,No,33,Fail
46,78,3,3.9,8.6,Medium,Medium,Limited,DayScholar,119,No,27,Fail
44,52,2,9.1,4.3,Low,High,Unlimited,DayScholar,60,No,33,Fail
33,60,3,9.5,9.9,Medium,Medium,Limited,DayScholar,56,No,18,Fail
54,93,8,9.5,5.1,Low,High,Unlimited,Hosteller,61,Yes,32,Fail
50,97,4,5.3,4.2,High,Low,Unlimited,DayScholar,25,Yes,30,Fail
45,83,9,8.0,6.3,Medium,Medium,Unlimited,DayScholar,77,Yes,29,Fail
45,99,3,5.1,4.3,Medium,Low,Limited,Hosteller,60,No,25,Fail
39,91,5,2.1,8.6,Low,Low,Unlimited,Hosteller,95,No,14,Fail
30,88,1,10.0,8.7,Low,Medium,Limited,DayScholar,75,No,27,Fail
40,93,1,5.3,5.0,Medium,Medium,Unlimited,Hosteller,73,No,26,Fail
42,79,8,5.4,7.3,Low,Low,Limited,DayScholar,24,No,31,Fail
55,51,3,8.9,4.4,Low,High,Limited,DayScholar,8,Yes,31,Fail
35,90,8,3.1,7.0,Medium,Low,Unlimited,Hosteller,85,No,17,Fail
42,100,5,2.1,6.2,Low,High,Unlimited,DayScholar,65,No,22,Fail
34,82,4,8.1,3.8,Medium,Low,Limited,Hosteller,43,Yes,20,Fail
49,95,5,3.4,5.0,Low,Medium,Limited,DayScholar,4,Yes,32,Fail
35,87,3,5.9,5.4,Low,High,Limited,DayScholar,41,No,28,Fail
51,64,4,3.6,6.0,Low,Medium,Limited,DayScholar,77,No,27,Fail
36,84,2,7.2,7.0,Medium,Low,Limited,Hosteller,64,No,23,Fail
43,100,1,5.1,4.6,Medium,Low,Limited,DayScholar,37,No,31,Fail
46,52,6,9.7,6.7,Medium,High,Unlimited,DayScholar,57,Yes,24,Fail
31,93,4,0.4,5.6,High,Low,Limited,Hosteller,46,No,7,Fail
35,84,8,7.2,7.8,Medium,Low,Limited,DayScholar,64,No,16,Fail
41,67,8,7.6,7.7,Low,High,Limited,Hosteller,116,No,16,Fail
36,80,3,9.0,5.4,High,Low,Limited,Hosteller,76,No,21,Fail
32,57,2,4.2,5.5,Low,High,Limited,DayScholar,111,No,12,Fail
38,75,4,6.9,3.9,Low,Medium,Limited,DayScholar,11,No,34,Fail
54,77,2,8.7,5.9,Medium,Medium,Unlimited,Hosteller,80,No,34,Fail
43,73,2,9.3,6.6,Low,Medium,Limited,DayScholar,51,Yes,27,Fail
32,87,4,2.5,8.1,High,Medium,Limited,DayScholar,112,Yes,10,Fail
50,54,0,4.6,6.5,Low,Medium,Unlimited,Hosteller,32,No,26,Fail
37,63,1,9.0,8.5,Medium,High,Limited,Hosteller,57,Yes,21,Fail
52,83,5,7.4,5.1,High,Medium,Unlimited,DayScholar,26,Yes,32,Fail
32,84,3,8.9,4.7,High,Medium,Limited,DayScholar,28,No,33,Fail
41,59,4,9.4,9.0,Medium,Low,Unlimited,DayScholar,4,Yes,33,Fail
37,78,1,4.1,4.3,Medium,Medium,Limited,Hosteller,65,No,29,Fail
33,75,2,4.9,3.6,High,Low,Limited,DayScholar,57,Yes,11,Fail
36,89,0,8.3,3.9,Medium,Medium,Unlimited,Hosteller,70,No,27,Fail
44,80,7,5.4,3.2,Low,Low,Limited,Hosteller,70,No,22,Fail
47,53,0,3.1,4.6,Low,High,Limited,DayScholar,63,No,25,Fail
50,81,8,9.4,4.9,High,Low,Limited,Hosteller,19,Yes,32,Fail
32,80,9,9.8,5.0,Low,Low,Limited,Hosteller,35,Yes,21,Fail
32,83,7,7.9,7.4,High,Low,Unlimited,DayScholar,52,No,17,Fail
35,78,2,5.2,7.6,High,High,Limited,Hosteller,22,No,20,Fail
41,97,9,8.6,4.3,Medium,High,Unlimited,DayScholar,68,No,16,Fail
30,87,3,5.3,4.0,Medium,Medium,Unlimited,DayScholar,19,Yes,11,Fail
39,93,4,8.4,9.1,Medium,Medium,Unlimited,DayScholar,107,No,22,Fail
30,57,7,9.8,6.4,High,Low,Unlimited,Hosteller,3,No,8,Fail
40,90,5,5.7,4.3,Low,Medium,Unlimited,DayScholar,95,No,18,Fail
57,63,1,3.7,7.1,Medium,Medium,Limited,Hosteller,89,No,32,Fail
39,66,0,3.5,4.5,Low,Low,Limited,Hosteller,59,No,30,Fail
37,99,0,1.3,9.5,Medium,Low,Unlimited,DayScholar,3,No,17,Fail
37,99,6,3.9,8.5,High,Low,Unlimited,DayScholar,69,No,16,Fail
39,60,5,7.9,4.1,Low,Low,Unlimited,DayScholar,29,Yes,23,Fail
52,86,0,4.7,6.7,High,Medium,Limited,Hosteller,19,No,27,Fail
35,55,3,3.2,4.0,Low,Low,Unlimited,Hosteller,78,No,18,Fail
40,67,6,7.6,8.3,High,Low,Limited,Hosteller,38,Yes,15,Fail
39,95,1,9.3,3.7,Medium,High,Limited,Hosteller,4,No,30,Fail
44,94,6,5.9,5.8,High,Low,Unlimited,Hosteller,74,No,25,Fail
34,74,2,3.6,9.1,High,Medium,Limited,DayScholar,27,No,10,Fail
32,89,10,5.5,4.7,Medium,Medium,Limited,Hosteller,57,No,17,Fail
37,59,1,3.9,5.7,Medium,Medium,Limited,DayScholar,38,No,23,Fail
43,92,4,6.0,5.5,Medium,Low,Limited,Hosteller,40,Yes,21,Fail
56,79,5,6.5,9.0,Medium,High,Unlimited,DayScholar,16,Yes,31,Fail
34,100,10,7.8,4.6,Low,Medium,Unlimited,DayScholar,67,No,12,Fail
54,79,6,7.5,8.4,Medium,Low,Unlimited,Hosteller,31,No,31,Fail
50,90,3,5.6,7.8,High,Medium,Limited,Hosteller,0,Yes,27,Fail
39,76,7,8.0,5.0,Medium,Medium,Unlimited,Hosteller,93,No,24,Fail
52,82,3,1.1,6.1,Low,Low,Unlimited,Hosteller,113,Yes,29,Fail
48,83,3,6.1,8.5,Medium,Low,Unlimited,Hosteller,32,Yes,33,Fail
33,97,1,5.9,3.8,Medium,Medium,Unlimited,Hosteller,115,No,19,Fail
49,91,3,9.0,7.9,Medium,Low,Unlimited,Hosteller,98,Yes,27,Fail
39,68,4,7.9,4.4,Low,Low,Unlimited,DayScholar,77,Yes,15,Fail
30,86,4,8.3,8.3,Low,Medium,Limited,DayScholar,32,No,28,Fail
52,53,2,6.7,6.7,Medium,High,Unlimited,Hosteller,12,No,28,Fail
30,59,4,9.9,6.9,High,Low,Limited,DayScholar,25,Yes,8,Fail
39,62,4,9.7,3.0,Low,Medium,Unlimited,DayScholar,31,No,18,Fail
41,94,8,5.4,4.9,Low,Medium,Unlimited,DayScholar,84,No,30,Fail
33,92,4,5.0,7.2,Low,High,Unlimited,Hosteller,45,No,15,Fail
34,68,5,9.5,3.5,Low,Low,Limited,Hosteller,118,No,21,Fail
49,90,8,2.7,4.8,Low,Medium,Limited,Hosteller,94,No,28,Fail
36,74,2,0.1,5.2,Medium,Low,Unlimited,DayScholar,39,No,17,Fail
49,87,9,9.1,7.0,Medium,Low,Unlimited,DayScholar,5,Yes,34,Fail
38,95,1,8.1,4.6,Low,Medium,Limited,Hosteller,71,No,27,Fail
43,57,0,9.4,8.7,Low,High,Unlimited,DayScholar,89,Yes,27,Fail
38,70,8,9.2,3.5,Medium,High,Unlimited,DayScholar,38,No,13,Fail
35,79,6,3.9,9.4,Medium,Low,Limited,Hosteller,36,No,21,Fail
45,90,0,9.7,3.5,High,Low,Unlimited,Hosteller,5,No,32,Fail
37,98,4,9.2,7.1,Medium,Medium,Unlimited,DayScholar,100,Yes,19,Fail
44,74,1,8.1,3.2,High,Low,Limited,DayScholar,92,No,19,Fail
37,94,10,2.9,10.0,Low,Medium,Unlimited,DayScholar,14,No,19,Fail
35,76,7,7.5,4.1,Medium,High,Limited,DayScholar,90,Yes,14,Fail
32,66,6,7.3,5.8,High,Medium,Limited,DayScholar,5,No,16,Fail
52,99,6,9.8,5.5,Low,Medium,Limited,Hosteller,75,Yes,32,Fail
50,90,3,1.0,9.9,Low,Low,Unlimited,DayScholar,93,Yes,27,Fail
38,60,1,5.4,9.1,Low,Low,Limited,Hosteller,60,No,19,Fail
34,86,4,7.5,6.7,Low,Low,Limited,Hosteller,92,Yes,15,Fail
47,64,1,7.9,3.5,Medium,Medium,Limited,DayScholar,7,Yes,26,Fail
33,80,4,9.9,8.2,Low,Low,Unlimited,Hosteller,66,Yes,20,Fail
30,98,2,1.2,4.6,Medium,Low,Unlimited,Hosteller,33,No,14,Fail
44,99,3,8.6,9.4,High,Medium,Limited,Hosteller,44,Yes,25,Fail
45,79,5,0.2,4.2,Medium,Low,Unlimited,DayScholar,37,No,28,Fail
31,81,2,3.7,8.5,Medium,Low,Unlimited,Hosteller,99,No,17,Fail
36,53,8,8.8,7.2,Medium,High,Limited,DayScholar,42,Yes,11,Fail
42,84,8,6.0,7.3,Low,Medium,Limited,DayScholar,38,No,19,Fail
35,93,5,2.4,4.6,Medium,Low,Limited,Hosteller,110,No,19,Fail
48,100,0,8.1,4.5,Low,High,Limited,DayScholar,89,No,34,Fail
44,77,4,8.7,4.4,High,Medium,Unlimited,DayScholar,95,No,28,Fail
32,93,10,8.3,8.4,Medium,Low,Unlimited,Hosteller,67,Yes,8,Fail
42,90,5,9.2,7.1,Medium,High,Limited,Hosteller,104,Yes,21,Fail
45,86,4,9.5,8.3,High,High,Limited,Hosteller,14,No,26,Fail
39,96,4,1.4,5.8,Low,High,Unlimited,Hosteller,33,No,16,Fail
48,83,7,8.6,7.6,Medium,High,Unlimited,DayScholar,54,No,26,Fail
54,77,6,7.1,7.3,Low,High,Limited,Hosteller,32,No,33,Fail
32,90,6,6.9,8.6,Medium,Medium,Unlimited,Hosteller,39,Yes,23,Fail
39,72,2,8.8,4.1,Medium,Low,Unlimited,DayScholar,26,No,25,Fail
39,66,1,7.2,8.8,Low,High,Limited,DayScholar,67,No,20,Fail
46,85,2,7.1,4.8,High,Medium,Unlimited,Hosteller,85,Yes,25,Fail
55,88,1,1.8,8.4,High,Low,Limited,Hosteller,105,No,33,Fail
54,77,2,6.1,7.9,High,Low,Unlimited,Hosteller,66,Yes,31,Fail
56,77,2,8.0,7.8,Medium,High,Limited,Hosteller,86,Yes,33,Fail
33,86,5,9.1,9.3,Low,Low,Limited,Hosteller,109,No,24,Fail
37,66,6,6.3,8.5,Low,Low,Unlimited,DayScholar,116,No,17,Fail
41,85,3,6.4,4.9,Low,High,Unlimited,DayScholar,72,No,21,Fail
51,77,0,2.5,4.8,High,Low,Unlimited,DayScholar,113,No,29,Fail
31,88,7,9.6,3.1,Low,Medium,Unlimited,Hosteller,70,Yes,19,Fail
47,51,6,8.8,5.8,Low,High,Limited,DayScholar,58,No,29,Fail
48,87,9,7.0,5.4,Medium,Low,Limited,DayScholar,61,Yes,29,Fail
49,96,1,9.6,6.4,Medium,Medium,Unlimited,Hosteller,109,No,34,Fail
41,81,3,2.9,3.4,Medium,Medium,Limited,DayScholar,5,No,26,Fail
47,97,7,8.8,7.8,High,Medium,Limited,Hosteller,3,Yes,27,Fail
36,97,7,9.8,3.2,High,Low,Unlimited,Hosteller,4,Yes,18,Fail
36,78,7,8.7,5.2,Low,High,Limited,Hosteller,86,Yes,15,Fail
40,88,6,8.6,7.1,High,High,Limited,Hosteller,33,No,23,Fail
40,99,5,3.9,6.5,Medium,Low,Limited,Hosteller,89,No,28,Fail
36,53,3,6.3,5.7,Low,High,Unlimited,DayScholar,42,No,17,Fail
36,93,4,5.4,6.4,Medium,Medium,Unlimited,DayScholar,56,No,25,Fail
31,89,5,8.7,8.3,Low,Low,Unlimited,DayScholar,56,Yes,25,Fail
47,91,4,9.1,5.3,Low,Medium,Limited,Hosteller,16,Yes,30,Fail
32,55,1,2.1,4.8,Medium,Medium,Unlimited,Hosteller,98,No,7,Fail
48,55,4,9.3,7.9,Medium,Medium,Unlimited,Hosteller,11,Yes,28,Fail
40,98,4,7.2,9.4,Low,High,Limited,Hosteller,11,No,30,Fail
37,99,4,5.5,9.0,Low,Medium,Limited,Hosteller,38,No,21,Fail
34,62,2,6.5,8.0,Medium,Medium,Unlimited,Hosteller,13,Yes,10,Fail
39,93,4,9.4,9.2,Low,High,Unlimited,Hosteller,42,Yes,26,Fail
31,76,6,7.0,4.4,Medium,Low,Limited,Hosteller,98,No,17,Fail
32,99,0,4.3,5.9,Medium,High,Unlimited,Hosteller,105,Yes,10,Fail
30,93,0,0.3,9.1,Low,High,Unlimited,Hosteller,61,No,8,Fail
45,55,3,5.1,7.4,Low,Low,Limited,Hosteller,43,Yes,27,Fail
35,89,6,5.2,3.8,Low,Low,Limited,Hosteller,85,Yes,17,Fail
49,74,3,6.0,5.2,Medium,Medium,Unlimited,Hosteller,15,No,25,Fail
48,78,8,8.3,8.1,Low,High,Unlimited,DayScholar,7,No,32,Fail
45,64,2,5.5,3.1,Low,Medium,Limited,DayScholar,4,No,23,Fail
48,88,1,4.0,4.4,Low,Low,Limited,Hosteller,111,Yes,25,Fail
55,71,2,6.7,8.0,High,Low,Limited,DayScholar,7,Yes,33,Fail
40,98,0,7.8,3.8,Medium,Low,Unlimited,DayScholar,117,No,33,Fail
38,54,3,7.7,5.5,Low,High,Unlimited,DayScholar,92,No,22,Fail
38,58,4,3.1,9.3,Low,Medium,Limited,Hosteller,57,No,15,Fail
47,97,3,6.9,5.4,Low,Medium,Limited,DayScholar,46,No,33,Fail
33,50,6,9.5,8.5,Low,Medium,Unlimited,Hosteller,82,No,11,Fail
40,78,4,4.3,6.4,High,Medium,Limited,Hosteller,27,No,15,Fail
50,92,6,5.2,7.4,Low,Medium,Limited,DayScholar,2,No,33,Fail
42,90,5,6.7,8.5,High,High,Unlimited,DayScholar,25,No,25,Fail
39,86,3,1.1,8.2,Medium,Low,Limited,Hosteller,17,No,29,Fail
30,82,7,4.8,7.4,Medium,Low,Unlimited,Hosteller,51,No,7,Fail
35,78,2,4.3,5.9,High,Medium,Unlimited,Hosteller,73,No,16,Fail
51,50,2,9.4,3.9,Medium,Low,Limited,DayScholar,48,Yes,32,Fail
30,95,6,6.2,6.7,Medium,Medium,Unlimited,DayScholar,43,Yes,8,Fail
33,95,4,5.6,4.0,Low,Low,Unlimited,Hosteller,10,Yes,17,Fail
39,99,4,1.4,4.3,Low,Low,Limited,DayScholar,113,Yes,21,Fail
32,53,1,3.8,8.9,Low,High,Unlimited,DayScholar,36,No,12,Fail
34,86,2,2.3,6.4,High,High,Limited,DayScholar,109,No,9,Fail
46,92,0,6.7,9.6,High,Medium,Unlimited,Hosteller,7,No,28,Fail
45,94,8,9.4,9.4,Medium,Low,Limited,DayScholar,79,Yes,29,Fail
35,77,3,6.4,5.4,Low,High,Limited,DayScholar,35,Yes,25,Fail
49,67,0,5.8,5.1,Medium,High,Limited,DayScholar,11,Yes,27,Fail
46,83,4,2.0,4.1,High,Medium,Limited,DayScholar,23,No,25,Fail
45,64,2,9.4,3.9,High,Low,Unlimited,DayScholar,7,Yes,20,Fail
39,76,5,3.8,8.7,High,Low,Limited,Hosteller,47,No,23,Fail
33,95,6,6.3,4.9,Medium,Low,Limited,Hosteller,92,No,16,Fail
31,87,8,9.1,8.8,Low,Medium,Unlimited,Hosteller,88,Yes,10,Fail
41,77,1,5.7,8.5,Low,High,Limited,DayScholar,58,No,32,Fail
41,99,5,3.9,3.8,Low,Low,Limited,Hosteller,119,Yes,16,Fail
30,87,3,7.9,5.5,Medium,High,Limited,DayScholar,20,Yes,23,Fail
53,69,2,9.2,7.0,Medium,Low,Unlimited,Hosteller,46,Yes,29,Fail
37,76,9,4.7,4.3,Medium,Low,Unlimited,DayScholar,65,No,22,Fail
39,68,2,8.5,5.6,Medium,Low,Limited,DayScholar,34,No,24,Fail
44,84,1,8.4,6.8,High,Low,Unlimited,Hosteller,75,Yes,22,Fail
48,79,2,0.7,7.2,Low,Low,Limited,DayScholar,42,No,34,Fail
46,92,7,8.6,3.9,Medium,Low,Unlimited,DayScholar,57,No,30,Fail
34,87,3,4.6,4.0,Low,High,Limited,DayScholar,119,No,11,Fail
47,55,2,7.3,6.0,Low,High,Limited,DayScholar,68,No,28,Fail
35,93,8,5.7,8.9,Low,Medium,Unlimited,DayScholar,104,No,24,Fail
32,86,9,9.6,9.2,High,Medium,Limited,DayScholar,104,No,12,Fail
51,50,3,7.6,5.0,High,Medium,Limited,DayScholar,32,Yes,29,Fail
44,61,8,8.6,7.7,Low,High,Unlimited,Hosteller,62,No,19,Fail
38,95,6,4.3,9.7,Low,High,Unlimited,DayScholar,0,No,13,Fail
47,50,0,6.2,8.7,Low,Medium,Limited,DayScholar,28,Yes,31,Fail
51,92,6,4.9,9.3,Low,Low,Limited,Hosteller,68,Yes,26,Fail
38,80,0,1.9,8.6,Medium,Low,Unlimited,DayScholar,82,No,20,Fail
33,87,4,0.8,9.8,Medium,Medium,Limited,Hosteller,111,No,10,Fail
33,97,6,8.7,7.1,Medium,Low,Unlimited,Hosteller,60,No,21,Fail
31,72,4,8.3,9.6,Low,Low,Limited,DayScholar,86,No,7,Fail
42,96,6,6.0,9.9,Low,Low,Limited,Hosteller,73,No,19,Fail
39,60,8,8.6,8.9,Low,High,Unlimited,DayScholar,9,No,24,Fail
40,76,4,7.7,6.0,High,Medium,Limited,Hosteller,6,No,34,Fail
37,90,0,6.9,9.9,Low,Low,Unlimited,DayScholar,96,No,33,Fail
33,89,7,4.8,9.9,Low,Medium,Limited,Hosteller,12,No,22,Fail
38,92,4,9.2,7.0,Low,High,Unlimited,Hosteller,49,No,21,Fail
44,57,6,9.5,7.8,High,Medium,Limited,Hosteller,14,Yes,19,Fail
40,85,4,0.1,6.6,Medium,Medium,Limited,Hosteller,26,Yes,17,Fail
40,96,6,6.8,8.1,Low,Medium,Unlimited,DayScholar,20,No,24,Fail
45,75,4,9.4,9.5,Low,High,Unlimited,DayScholar,98,No,31,Fail
51,79,8,8.5,8.6,Low,Low,Unlimited,DayScholar,43,Yes,28,Fail
43,88,1,8.3,3.7,Medium,Low,Unlimited,DayScholar,60,No,34,Fail
30,78,7,5.5,8.1,High,High,Limited,Hosteller,49,Yes,6,Fail
36,88,5,2.8,5.6,Medium,Low,Unlimited,DayScholar,110,No,19,Fail
53,84,9,9.3,9.7,Medium,Low,Limited,DayScholar,118,Yes,32,Fail
32,100,4,6.1,5.5,Low,Low,Unlimited,Hosteller,63,No,20,Fail
50,78,7,8.7,9.1,Low,Low,Unlimited,Hosteller,25,Yes,31,Fail
41,54,8,4.2,5.7,Low,Low,Unlimited,Hosteller,10,No,18,Fail
35,90,8,6.6,9.3,Low,Medium,Limited,Hosteller,30,No,21,Fail
32,86,3,9.9,3.2,Medium,High,Unlimited,DayScholar,76,No,10,Fail
38,84,8,6.6,5.4,Medium,Medium,Limited,DayScholar,20,Yes,23,Fail
36,60,9,8.3,6.9,Low,Medium,Limited,Hosteller,104,No,17,Fail
57,70,1,4.9,6.9,Low,Low,Unlimited,DayScholar,72,No,32,Fail
48,99,0,9.7,6.9,High,Medium,Unlimited,DayScholar,67,Yes,34,Fail
47,90,0,1.3,4.0,Medium,Low,Limited,Hosteller,102,No,30,Fail
38,72,0,2.9,8.6,Low,Low,Unlimited,Hosteller,41,Yes,13,Fail
36,67,10,9.1,5.7,Medium,Low,Limited,Hosteller,19,No,19,Fail
33,85,5,8.7,9.5,High,Low,Unlimited,Hosteller,78,No,18,Fail
48,59,2,8.2,4.1,High,Low,Unlimited,Hosteller,25,No,24,Fail
32,75,1,3.9,9.2,Medium,Low,Limited,DayScholar,107,No,15,Fail
36,90,7,5.4,5.3,Medium,High,Unlimited,Hosteller,50,Yes,14,Fail
30,98,0,6.7,4.8,Medium,Low,Unlimited,Hosteller,7,Yes,31,Fail
32,87,6,3.1,3.8,Medium,High,Limited,DayScholar,14,No,10,Fail
49,93,3,4.5,8.0,Medium,Medium,Limited,Hosteller,39,Yes,28,Fail
55,93,1,7.0,7.6,High,Low,Limited,Hosteller,88,No,31,Fail
38,77,5,5.0,5.4,Low,Medium,Limited,Hosteller,19,Yes,17,Fail
52,91,9,8.0,6.3,Medium,High,Limited,DayScholar,58,Yes,30,Fail
34,93,2,5.0,7.4,High,Low,Limited,Hosteller,19,Yes,11,Fail
43,77,6,6.4,8.4,Medium,Low,Limited,DayScholar,1,No,25,Fail
45,84,6,4.9,5.6,Low,Low,Limited,Hosteller,61,Yes,24,Fail
49,82,3,6.2,5.8,Low,High,Unlimited,DayScholar,71,Yes,34,Fail
44,100,0,3.4,6.9,Low,Medium,Limited,Hosteller,109,Yes,25,Fail
55,59,0,8.5,3.1,Medium,Medium,Limited,Hosteller,91,No,31,Fail
38,79,0,1.2,7.4,Medium,Low,Unlimited,DayScholar,98,No,14,Fail
30,86,0,2.1,7.9,High,Medium,Limited,DayScholar,3,No,15,Fail
40,76,2,7.0,8.3,Medium,High,Unlimited,DayScholar,117,No,21,Fail
39,92,8,4.9,4.9,Low,High,Limited,DayScholar,23,No,23,Fail
45,78,2,5.1,6.5,Low,High,Unlimited,DayScholar,103,Yes,24,Fail
40,99,8,9.2,7.3,High,Medium,Limited,DayScholar,88,Yes,22,Fail
43,87,3,8.1,3.6,Low,Low,Limited,DayScholar,115,Yes,24,Fail
34,84,2,2.8,6.7,Low,High,Limited,Hosteller,90,No,20,Fail
31,93,8,4.2,7.4,Low,Medium,Unlimited,DayScholar,23,Yes,20,Fail
38,58,3,5.3,8.4,Low,Low,Unlimited,DayScholar,33,Yes,25,Fail
47,59,0,5.1,5.4,Medium,High,Unlimited,DayScholar,44,Yes,25,Fail
36,98,3,7.1,6.0,High,High,Limited,Hosteller,111,No,14,Fail
33,51,5,5.4,3.3,Medium,Low,Limited,DayScholar,19,No,12,Fail
55,84,1,0.8,4.6,Low,High,Limited,DayScholar,64,No,34,Fail
40,61,1,4.6,4.2,Low,Medium,Unlimited,DayScholar,101,No,21,Fail
48,93,4,5.7,6.7,High,Low,Unlimited,Hosteller,74,No,28,Fail
30,89,9,6.9,4.4,Medium,Medium,Limited,DayScholar,38,Yes,5,Fail
50,98,6,9.2,9.2,Medium,Low,Limited,DayScholar,40,Yes,27,Fail
30,71,0,6.1,5.5,High,Low,Unlimited,Hosteller,68,No,10,Fail
57,95,3,7.9,8.4,High,Low,Unlimited,DayScholar,105,Yes,34,Fail
37,100,5,8.3,8.7,High,Low,Unlimited,Hosteller,0,No,24,Fail
34,89,4,3.3,5.3,High,Medium,Limited,Hosteller,81,No,11,Fail
32,53,6,6.2,4.5,High,Low,Unlimited,DayScholar,42,No,9,Fail
46,63,4,8.5,6.9,Medium,Medium,Unlimited,Hosteller,49,No,24,Fail
30,82,3,8.0,7.5,Low,Medium,Limited,DayScholar,11,Yes,30,Fail
50,89,7,7.4,6.2,High,Medium,Unlimited,DayScholar,21,Yes,26,Fail
38,93,4,6.3,3.5,Medium,Medium,Unlimited,Hosteller,65,No,15,Fail
53,77,9,4.8,8.1,High,Medium,Limited,DayScholar,49,No,31,Fail
49,98,4,5.9,6.5,Low,Medium,Unlimited,Hosteller,90,Yes,28,Fail
49,97,5,5.5,6.2,Low,Medium,Unlimited,Hosteller,78,No,33,Fail
40,63,4,8.5,6.3,Medium,Low,Limited,Hosteller,77,No,19,Fail
38,100,4,7.4,3.1,Medium,Medium,Unlimited,DayScholar,98,Yes,15,Fail
40,84,8,5.2,6.2,Medium,Medium,Limited,DayScholar,74,Yes,18,Fail
38,77,4,6.8,4.8,Low,High,Unlimited,DayScholar,99,No,28,Fail
46,69,0,9.2,3.2,Medium,Low,Unlimited,Hosteller,15,No,33,Fail
53,92,5,7.0,5.3,Medium,High,Limited,Hosteller,28,No,32,Fail
51,96,6,9.3,8.1,Medium,High,Limited,DayScholar,99,Yes,32,Fail
30,97,4,7.0,6.1,Medium,High,Unlimited,DayScholar,24,No,19,Fail
49,79,0,4.9,4.5,High,Medium,Limited,Hosteller,14,Yes,29,Fail
34,55,5,9.7,5.1,Medium,Low,Limited,Hosteller,21,No,15,Fail
38,72,2,7.5,4.1,Low,Low,Unlimited,DayScholar,13,No,27,Fail
31,89,6,9.9,8.2,Medium,High,Limited,Hosteller,51,Yes,13,Fail
44,90,4,3.8,6.9,Medium,Medium,Unlimited,Hosteller,42,No,22,Fail
34,73,2,3.6,4.4,Low,Low,Limited,DayScholar,25,No,14,Fail
39,93,0,9.3,5.3,Medium,Low,Unlimited,DayScholar,71,Yes,31,Fail
43,67,3,6.7,3.2,Medium,Medium,Limited,Hosteller,16,No,21,Fail
34,82,5,6.5,8.1,Low,High,Unlimited,Hosteller,43,No,11,Fail
43,88,2,6.5,6.9,High,Medium,Unlimited,DayScholar,65,No,20,Fail
32,81,0,9.2,6.4,High,Medium,Unlimited,Hosteller,73,No,20,Fail
30,96,6,5.2,4.1,High,Medium,Unlimited,DayScholar,115,Yes,5,Fail
48,100,8,7.5,7.0,Low,Low,Limited,DayScholar,40,No,31,Fail
36,75,0,5.6,6.2,High,High,Limited,Hosteller,54,No,16,Fail
46,82,2,3.1,4.4,High,Low,Limited,DayScholar,110,Yes,22,Fail
39,85,4,1.4,7.2,Low,Medium,Limited,Hosteller,92,No,19,Fail
33,84,10,8.9,3.5,Medium,High,Limited,DayScholar,57,No,17,Fail
36,72,1,9.9,7.6,Medium,Low,Limited,Hosteller,61,No,26,Fail
31,90,3,8.6,5.4,Medium,Low,Limited,Hosteller,74,Yes,28,Fail
34,80,0,8.4,3.1,High,High,Limited,DayScholar,111,No,18,Fail
32,98,3,5.0,5.7,Low,High,Limited,Hosteller,62,Yes,8,Fail
50,83,7,6.9,8.5,Medium,Medium,Limited,Hosteller,15,No,30,Fail
31,78,4,1.5,8.5,Low,Medium,Unlimited,Hosteller,119,Yes,7,Fail
34,81,7,4.2,6.7,Medium,Low,Unlimited,DayScholar,80,No,10,Fail
36,53,3,8.7,7.8,Medium,Medium,Unlimited,DayScholar,103,No,18,Fail
40,69,3,1.5,5.8,Low,Low,Limited,Hosteller,14,Yes,16,Fail
40,90,7,3.1,5.2,Low,Low,Unlimited,DayScholar,110,Yes,22,Fail
40,77,6,9.1,9.7,Low,Medium,Limited,DayScholar,70,Yes,24,Fail
52,80,9,7.3,7.3,Low,High,Limited,Hosteller,13,Yes,28,Fail
49,82,6,3.2,6.5,Low,High,Limited,Hosteller,5,Yes,26,Fail
57,93,5,2.8,5.5,Medium,Low,Unlimited,DayScholar,35,Yes,33,Fail
47,81,7,0.3,6.9,Medium,Low,Unlimited,Hosteller,0,No,26,Fail
37,56,0,4.3,6.6,Medium,Low,Limited,Hosteller,95,No,12,Fail
36,71,7,6.0,4.8,Low,Low,Limited,Hosteller,79,No,11,Fail
40,63,0,5.0,9.2,Low,Low,Limited,Hosteller,111,Yes,20,Fail
45,94,2,2.8,8.7,Medium,Low,Limited,Hosteller,85,Yes,24,Fail
51,94,6,1.3,4.3,Low,Medium,Unlimited,Hosteller,111,No,28,Fail
35,99,3,9.4,8.2,Medium,Low,Unlimited,DayScholar,91,Yes,21,Fail
33,96,8,0.6,7.5,Medium,Low,Limited,DayScholar,59,No,11,Fail
37,58,0,7.6,4.7,Low,High,Unlimited,DayScholar,70,No,20,Fail
31,84,7,8.9,3.7,Medium,Low,Limited,Hosteller,58,Yes,19,Fail
46,78,7,4.2,5.6,Low,Medium,Unlimited,DayScholar,3,No,30,Fail
41,83,10,9.7,4.7,High,Low,Limited,DayScholar,104,Yes,21,Fail
31,89,10,5.4,9.0,Medium,Low,Unlimited,DayScholar,88,No,11,Fail
32,67,1,7.8,3.1,Medium,High,Limited,DayScholar,50,No,11,Fail
31,81,2,7.1,9.7,High,Low,Limited,DayScholar,120,Yes,8,Fail
45,75,4,7.9,8.6,High,Medium,Limited,DayScholar,30,Yes,20,Fail
31,68,10,6.0,6.0,Medium,Low,Unlimited,DayScholar,23,No,15,Fail
30,82,6,6.7,9.0,Medium,High,Unlimited,Hosteller,16,Yes,12,Fail
44,98,3,9.3,5.1,Medium,High,Unlimited,DayScholar,86,Yes,23,Fail
50,76,4,5.1,6.3,High,Medium,Limited,DayScholar,55,Yes,27,Fail
35,68,1,9.7,8.0,High,High,Limited,DayScholar,45,No,19,Fail
42,86,3,5.8,5.6,Low,Medium,Unlimited,Hosteller,50,No,25,Fail
41,51,0,3.9,4.8,Medium,Medium,Unlimited,DayScholar,108,Yes,18,Fail
45,100,9,3.8,5.6,Low,Medium,Unlimited,Hosteller,22,No,27,Fail
51,75,7,8.9,5.4,Medium,Medium,Limited,DayScholar,61,Yes,29,Fail
30,52,5,5.6,7.9,Medium,Medium,Unlimited,Hosteller,48,Yes,9,Fail
30,77,7,5.4,4.0,Low,Medium,Unlimited,DayScholar,83,No,11,Fail
55,99,2,7.6,9.2,Low,Medium,Limited,Hosteller,72,Yes,30,Fail
30,51,2,6.5,8.3,Low,Low,Limited,DayScholar,66,No,26,Fail
37,97,8,8.4,5.4,Low,Low,Limited,Hosteller,73,Yes,23,Fail
32,72,6,7.6,7.9,Medium,Medium,Limited,DayScholar,62,No,8,Fail
44,84,4,6.6,8.3,Low,High,Limited,Hosteller,35,No,20,Fail
38,70,7,9.5,5.6,Medium,Medium,Limited,Hosteller,35,Yes,13,Fail
32,83,1,10.0,5.5,High,Medium,Limited,DayScholar,18,Yes,24,Fail
31,54,2,5.4,9.7,Low,Medium,Limited,Hosteller,56,Yes,7,Fail
33,86,9,3.4,8.0,Low,Low,Unlimited,Hosteller,116,No,14,Fail
30,78,5,7.6,4.9,Medium,High,Unlimited,Hosteller,26,Yes,5,Fail
48,88,9,8.9,7.7,Low,High,Limited,DayScholar,28,No,29,Fail
39,58,3,4.5,6.4,Low,High,Limited,Hosteller,46,No,15,Fail
35,91,2,2.6,4.1,Medium,Low,Unlimited,Hosteller,62,No,15,Fail
30,79,4,9.8,6.8,High,Medium,Unlimited,Hosteller,72,Yes,16,Fail
43,90,5,2.1,6.4,Low,Medium,Limited,Hosteller,119,Yes,21,Fail
57,56,7,7.0,4.9,Medium,Low,Limited,Hosteller,5,No,32,Fail
34,92,8,7.8,3.5,Medium,Medium,Limited,Hosteller,32,No,23,Fail
35,81,4,3.9,8.3,Medium,Low,Unlimited,DayScholar,0,No,18,Fail
35,86,0,4.2,4.5,High,High,Limited,Hosteller,84,No,18,Fail
38,88,0,2.0,9.8,High,Medium,Unlimited,DayScholar,1,Yes,16,Fail
37,81,4,6.6,8.9,Medium,Medium,Limited,DayScholar,33,Yes,23,Fail
31,86,0,2.4,5.6,High,Medium,Unlimited,Hosteller,91,Yes,8,Fail
33,84,1,10.0,9.8,Low,Medium,Unlimited,Hosteller,4,No,32,Fail
36,95,3,2.2,4.7,Low,Low,Unlimited,DayScholar,106,No,20,Fail
51,83,1,7.2,9.4,High,Medium,Unlimited,DayScholar,87,No,34,Fail
36,95,1,0.9,5.9,Medium,Medium,Unlimited,Hosteller,99,No,21,Fail
37,86,3,4.6,6.8,Low,Low,Unlimited,DayScholar,17,Yes,33,Fail
53,98,0,7.1,5.5,High,High,Unlimited,Hosteller,109,No,31,Fail
38,81,2,5.8,7.2,Medium,Low,Limited,Hosteller,111,No,31,Fail
38,68,3,8.1,5.7,Low,High,Limited,Hosteller,40,No,13,Fail
31,77,5,7.8,5.8,Low,Low,Unlimited,Hosteller,33,Yes,24,Fail
42,89,5,2.8,7.4,Low,Medium,Unlimited,DayScholar,80,No,30,Fail
33,64,3,9.0,6.6,Medium,Low,Limited,DayScholar,11,Yes,27,Fail
39,76,0,1.6,8.9,Medium,High,Limited,Hosteller,117,Yes,15,Fail
36,90,7,2.8,8.2,Low,Medium,Limited,DayScholar,5,Yes,11,Fail
44,95,9,8.6,8.5,Medium,Medium,Unlimited,DayScholar,28,Yes,29,Fail
31,53,0,8.4,3.4,Low,Medium,Unlimited,DayScholar,1,No,18,Fail
40,72,3,3.6,9.0,Medium,Medium,Limited,DayScholar,17,No,22,Fail
34,94,2,1.7,9.7,Low,High,Unlimited,Hosteller,10,No,10,Fail
54,82,4,3.8,6.4,Low,Low,Unlimited,Hosteller,2,Yes,34,Fail
53,68,9,7.0,5.6,Low,Low,Limited,Hosteller,13,No,32,Fail
35,62,2,7.5,8.3,Low,Medium,Unlimited,Hosteller,6,Yes,20,Fail
35,95,6,2.6,8.9,Low,Medium,Unlimited,DayScholar,42,Yes,14,Fail
42,91,3,7.0,6.5,Low,Medium,Limited,Hosteller,73,Yes,28,Fail
51,72,0,7.9,6.3,Medium,Medium,Unlimited,Hosteller,7,No,30,Fail
39,66,10,6.1,7.7,Low,Medium,Unlimited,Hosteller,24,No,14,Fail
30,83,4,0.2,5.0,Low,Medium,Limited,Hosteller,67,No,15,Fail
31,96,7,5.5,6.4,High,Medium,Limited,Hosteller,83,No,7,Fail
47,75,3,2.6,5.1,Low,Low,Limited,Hosteller,50,Yes,31,Fail
32,65,4,9.2,7.0,Low,Low,Limited,DayScholar,64,Yes,8,Fail
33,62,2,8.5,6.5,Low,High,Unlimited,DayScholar,29,Yes,22,Fail
50,60,1,4.0,5.9,Low,Medium,Unlimited,DayScholar,98,No,28,Fail
48,68,0,9.8,3.9,Low,Medium,Limited,DayScholar,72,No,33,Fail
44,93,8,6.1,4.5,Medium,Medium,Unlimited,DayScholar,118,No,24,Fail
33,87,5,3.6,6.9,Medium,Medium,Unlimited,DayScholar,105,No,8,Fail
40,100,4,8.3,3.2,Low,Low,Limited,DayScholar,101,Yes,33,Fail
32,88,0,2.0,8.8,Medium,Medium,Limited,Hosteller,60,No,12,Fail
43,73,5,9.6,7.7,Low,High,Unlimited,DayScholar,52,Yes,24,Fail
32,94,4,4.0,4.5,High,Medium,Limited,DayScholar,51,Yes,7,Fail
34,99,6,5.1,4.1,Low,Low,Limited,Hosteller,96,No,15,Fail
53,98,1,3.6,4.9,Medium,Medium,Limited,DayScholar,67,Yes,31,Fail
47,84,2,4.4,6.5,Low,Low,Unlimited,Hosteller,71,No,33,Fail
48,82,8,8.0,8.7,Low,Low,Limited,Hosteller,117,No,34,Fail
34,100,1,4.5,5.4,Medium,Low,Unlimited,Hosteller,23,No,34,Fail
52,57,4,9.8,4.4,Low,High,Unlimited,Hosteller,75,No,29,Fail
42,50,0,7.2,5.8,High,Medium,Unlimited,DayScholar,22,No,27,Fail
30,92,3,3.3,5.3,Medium,High,Limited,Hosteller,41,No,15,Fail
32,92,10,8.4,8.3,High,Low,Limited,DayScholar,81,Yes,13,Fail
39,86,1,1.8,5.3,Low,High,Unlimited,DayScholar,14,Yes,20,Fail
41,57,4,6.1,7.3,Low,Medium,Limited,DayScholar,67,No,24,Fail
46,80,0,4.3,6.2,Low,Medium,Unlimited,Hosteller,82,Yes,26,Fail
57,100,7,1.7,4.6,Medium,Low,Limited,DayScholar,77,No,34,Fail
32,56,1,9.0,8.9,High,High,Limited,DayScholar,19,No,14,Fail
31,61,0,5.0,3.9,Low,Low,Limited,Hosteller,118,Yes,10,Fail
32,89,1,7.5,7.0,Low,Low,Limited,Hosteller,36,No,31,Fail
48,68,6,9.4,5.4,Low,Medium,Limited,DayScholar,59,No,31,Fail
31,63,8,9.0,10.0,Low,Low,Limited,Hosteller,101,No,7,Fail
43,92,1,2.9,6.7,Low,Medium,Unlimited,DayScholar,24,Yes,32,Fail
58,98,9,4.9,4.7,Low,Low,Limited,DayScholar,120,Yes,33,Fail
36,80,1,2.1,7.8,Low,Medium,Limited,Hosteller,60,Yes,15,Fail
50,82,3,5.7,6.7,Low,High,Unlimited,Hosteller,87,No,29,Fail
35,77,7,8.4,5.1,High,Low,Limited,DayScholar,104,No,27,Fail
37,91,2,9.4,6.9,High,Low,Unlimited,DayScholar,120,No,24,Fail
53,63,3,5.3,8.9,Low,Medium,Unlimited,Hosteller,36,Yes,32,Fail
35,81,5,8.5,8.3,Medium,High,Unlimited,DayScholar,116,No,27,Fail
39,72,6,9.3,8.9,Low,High,Unlimited,DayScholar,13,No,28,Fail
55,64,2,4.8,9.0,Low,Medium,Limited,DayScholar,23,Yes,33,Fail
44,100,2,8.4,3.5,High,Low,Limited,Hosteller,27,No,29,Fail
34,57,0,3.3,4.5,Medium,Medium,Limited,DayScholar,19,No,18,Fail
48,81,5,6.9,4.6,Low,High,Limited,DayScholar,107,Yes,30,Fail
48,95,8,6.3,5.7,Low,High,Unlimited,Hosteller,18,No,29,Fail
40,75,2,0.8,8.7,Low,Medium,Unlimited,DayScholar,11,Yes,24,Fail
34,80,6,0.8,8.7,Medium,Low,Limited,DayScholar,60,Yes,15,Fail
48,92,4,7.3,4.2,High,Medium,Limited,Hosteller,6,No,34,Fail
44,58,1,9.7,3.1,Medium,Low,Limited,Hosteller,73,Yes,23,Fail
39,51,3,9.5,7.3,High,Medium,Limited,DayScholar,113,Yes,18,Fail
51,76,6,7.2,9.7,High,Low,Unlimited,DayScholar,30,No,28,Fail
31,78,4,1.7,5.7,Low,High,Unlimited,DayScholar,98,No,7,Fail
44,81,6,2.2,6.4,Medium,Low,Limited,DayScholar,6,Yes,19,Fail
30,94,0,1.4,8.7,Medium,Low,Unlimited,Hosteller,86,No,10,Fail
32,50,4,4.6,4.2,Low,Medium,Limited,Hosteller,46,Yes,14,Fail
49,76,2,9.4,9.3,Low,High,Limited,Hosteller,103,No,28,Fail
38,87,2,8.2,3.5,Low,High,Unlimited,DayScholar,81,Yes,21,Fail
51,50,6,8.4,3.9,Low,Low,Limited,Hosteller,83,No,26,Fail
54,62,1,5.3,4.0,Medium,Low,Unlimited,DayScholar,116,No,29,Fail
34,55,3,9.9,9.1,Medium,Low,Unlimited,DayScholar,58,No,20,Fail
33,69,2,6.5,6.5,Medium,Low,Limited,Hosteller,43,No,23,Fail
32,94,5,6.2,8.9,Low,Medium,Limited,Hosteller,82,No,15,Fail
36,78,2,9.4,8.2,Low,High,Unlimited,Hosteller,69,Yes,28,Fail
32,99,2,8.4,8.2,Medium,Medium,Unlimited,DayScholar,9,No,29,Fail
41,76,1,8.2,7.2,Medium,High,Limited,Hosteller,40,Yes,22,Fail
33,91,2,7.1,6.3,High,Low,Limited,Hosteller,89,No,22,Fail
50,53,0,1.8,4.7,Low,High,Limited,Hosteller,32,No,25,Fail
50,76,0,10.0,8.6,Medium,High,Unlimited,Hosteller,95,No,31,Fail
45,53,2,6.5,8.4,Medium,Low,Limited,DayScholar,23,Yes,25,Fail
38,99,6,8.2,4.4,Low,High,Unlimited,Hosteller,85,No,20,Fail
46,69,5,7.8,7.3,Low,Medium,Unlimited,DayScholar,99,No,24,Fail
32,90,5,5.0,5.7,High,Medium,Limited,DayScholar,15,Yes,8,Fail
42,95,2,7.1,4.1,Low,High,Unlimited,Hosteller,73,Yes,23,Fail
39,95,3,5.0,6.6,Medium,Low,Unlimited,DayScholar,92,No,20,Fail
35,90,3,9.1,4.4,Medium,Medium,Limited,DayScholar,77,Yes,24,Fail
33,63,3,9.5,8.9,Medium,Medium,Unlimited,Hosteller,38,No,12,Fail
36,80,7,9.0,4.9,Medium,Low,Unlimited,DayScholar,95,No,28,Fail
30,70,0,9.5,5.5,Medium,Medium,Unlimited,DayScholar,14,Yes,26,Fail
39,79,4,2.8,8.4,Medium,High,Unlimited,DayScholar,109,No,15,Fail
50,82,5,7.5,5.5,Medium,Low,Unlimited,Hosteller,73,No,27,Fail
32,100,0,9.2,8.0,Low,Low,Unlimited,Hosteller,24,No,33,Fail
40,98,7,9.0,4.5,Low,Medium,Unlimited,Hosteller,84,No,26,Fail
38,82,1,6.4,5.2,Medium,High,Limited,DayScholar,60,No,28,Fail
42,74,1,3.2,8.6,Medium,Low,Limited,DayScholar,43,No,22,Fail
40,66,2,7.3,8.2,Low,High,Limited,DayScholar,41,No,21,Fail
47,69,1,9.3,4.4,High,Medium,Limited,DayScholar,12,No,31,Fail
51,95,0,6.8,3.4,Low,Low,Unlimited,Hosteller,62,No,31,Fail
33,70,6,9.3,8.7,High,High,Limited,DayScholar,15,No,12,Fail
43,75,1,1.9,5.5,Low,Low,Unlimited,DayScholar,93,Yes,29,Fail
30,53,0,2.6,4.2,High,Low,Limited,Hosteller,50,No,9,Fail
48,80,2,6.5,4.4,High,Medium,Unlimited,Hosteller,65,No,31,Fail
40,53,6,5.9,4.2,Medium,Low,Limited,Hosteller,91,No,17,Fail
50,77,7,5.6,5.7,Low,Low,Unlimited,Hosteller,4,No,32,Fail
48,93,1,1.6,5.6,Low,Low,Unlimited,Hosteller,18,Yes,24,Fail
39,94,0,1.7,9.0,Medium,Medium,Limited,Hosteller,107,No,16,Fail
41,82,3,9.2,6.8,Medium,Medium,Limited,DayScholar,108,No,30,Fail
39,70,0,2.1,5.9,High,Low,Unlimited,Hosteller,0,No,16,Fail
45,82,6,2.2,4.4,Low,Medium,Unlimited,DayScholar,85,Yes,20,Fail
32,59,1,7.4,8.4,Low,Medium,Unlimited,Hosteller,41,Yes,17,Fail
40,74,0,5.5,5.2,Low,Medium,Limited,DayScholar,51,No,34,Fail
32,88,7,7.2,3.4,Medium,Low,Limited,Hosteller,33,Yes,10,Fail
30,96,3,9.3,6.0,Low,Low,Limited,Hosteller,104,No,32,Fail
32,99,7,8.9,8.6,Low,High,Unlimited,DayScholar,34,No,24,Fail
41,93,0,9.7,3.2,Medium,Medium,Limited,DayScholar,74,No,33,Fail
42,87,3,9.8,4.9,High,Low,Unlimited,DayScholar,41,Yes,28,Fail
36,56,9,5.9,4.3,Low,Low,Unlimited,Hosteller,38,No,19,Fail
35,71,0,0.5,4.5,Low,Low,Unlimited,Hosteller,57,No,14,Fail
44,83,5,0.1,8.0,Low,Low,Unlimited,DayScholar,111,No,28,Fail
37,78,4,0.0,9.6,Low,Low,Limited,Hosteller,11,Yes,14,Fail
34,56,2,7.4,9.2,Low,Low,Limited,DayScholar,82,Yes,18,Fail
32,79,4,6.8,5.8,Medium,Low,Unlimited,DayScholar,114,No,20,Fail
43,81,8,5.6,4.1,Medium,High,Unlimited,DayScholar,28,No,19,Fail
31,85,9,5.6,6.8,Low,Medium,Unlimited,DayScholar,88,Yes,11,Fail
31,80,9,7.2,7.7,High,Low,Unlimited,DayScholar,57,Yes,9,Fail
46,93,6,3.4,5.5,Low,High,Limited,DayScholar,97,No,26,Fail
51,62,6,9.6,5.1,Low,Medium,Limited,DayScholar,11,No,33,Fail
52,51,0,9.1,3.9,Medium,Medium,Limited,Hosteller,56,No,30,Fail
30,75,8,0.5,9.3,Low,Low,Limited,Hosteller,101,No,5,Fail
46,100,6,7.4,4.1,Medium,High,Unlimited,Hosteller,85,Yes,23,Fail
51,74,2,8.5,7.7,Low,Low,Unlimited,Hosteller,96,Yes,32,Fail
32,80,4,5.8,6.5,High,Low,Limited,DayScholar,24,No,17,Fail
47,65,6,7.3,4.5,Low,Low,Unlimited,Hosteller,85,Yes,25,Fail
34,82,3,4.5,5.4,Low,High,Limited,Hosteller,92,No,9,Fail
50,77,2,9.1,10.0,High,Medium,Unlimited,DayScholar,31,Yes,30,Fail
43,99,10,7.2,8.9,Low,High,Unlimited,Hosteller,97,No,24,Fail
43,79,10,10.0,5.5,Medium,Low,Limited,DayScholar,69,No,32,Fail
37,81,5,8.9,5.0,Medium,Low,Limited,Hosteller,103,No,29,Fail
45,83,9,7.0,8.9,Low,Low,Unlimited,Hosteller,20,Yes,28,Fail
43,89,7,7.1,3.1,Medium,High,Unlimited,DayScholar,15,No,23,Fail
40,54,4,8.9,5.4,Low,High,Limited,Hosteller,21,No,28,Fail
57,61,5,9.8,8.9,Low,Medium,Limited,Hosteller,86,No,32,Fail
44,85,2,8.7,3.4,Medium,High,Unlimited,Hosteller,8,No,22,Fail
43,79,1,3.8,9.4,Low,Medium,Unlimited,DayScholar,94,Yes,22,Fail
53,75,2,4.4,7.6,Medium,Medium,Limited,DayScholar,94,No,28,Fail
37,60,6,8.7,4.8,Low,Medium,Limited,DayScholar,93,No,20,Fail
32,54,6,9.4,6.5,Low,Medium,Limited,DayScholar,15,Yes,17,Fail
30,63,0,9.0,6.5,Medium,High,Limited,DayScholar,114,No,9,Fail
43,97,8,4.1,4.1,Low,Low,Unlimited,Hosteller,51,Yes,24,Fail
42,52,5,9.0,8.7,High,Low,Limited,DayScholar,98,Yes,17,Fail
39,88,3,5.9,6.0,Low,Low,Unlimited,DayScholar,19,Yes,23,Fail
39,61,1,7.6,5.4,Medium,Low,Unlimited,Hosteller,67,Yes,20,Fail
49,77,10,4.1,6.1,Medium,Low,Limited,DayScholar,16,Yes,27,Fail
37,95,2,9.9,6.4,Medium,Medium,Limited,DayScholar,14,No,32,Fail
46,64,4,8.8,8.0,Medium,Low,Limited,DayScholar,117,No,21,Fail
43,77,6,6.9,9.6,High,Medium,Limited,DayScholar,4,No,21,Fail
44,51,6,5.5,4.2,Low,Medium,Limited,DayScholar,54,No,25,Fail
50,100,6,3.3,6.8,Medium,Low,Limited,DayScholar,20,Yes,30,Fail
34,94,7,7.8,8.7,Low,High,Unlimited,DayScholar,1,No,27,Fail
55,93,1,3.7,9.5,Low,High,Unlimited,DayScholar,86,No,30,Fail
48,91,1,4.4,8.3,Medium,Low,Limited,Hosteller,5,No,34,Fail
36,83,8,6.2,6.9,Low,Low,Unlimited,Hosteller,63,No,28,Fail
54,59,2,4.5,4.7,Medium,Medium,Unlimited,DayScholar,23,Yes,32,Fail
37,53,4,5.2,7.6,Medium,Medium,Limited,DayScholar,71,No,18,Fail
34,59,0,6.0,5.5,High,High,Unlimited,Hosteller,2,Yes,9,Fail
39,73,1,7.7,9.6,Low,Medium,Limited,Hosteller,35,No,25,Fail
47,98,9,8.7,5.4,High,High,Unlimited,DayScholar,42,No,22,Fail
49,77,9,8.5,7.8,Low,High,Limited,Hosteller,53,No,30,Fail
49,96,10,2.4,4.7,Medium,Low,Limited,Hosteller,7,Yes,24,Fail
33,80,1,3.1,8.4,High,Medium,Limited,Hosteller,69,No,18,Fail
37,71,5,7.3,9.9,Medium,Medium,Limited,Hosteller,26,No,20,Fail
39,89,7,6.1,3.4,Low,Low,Unlimited,Hosteller,112,Yes,16,Fail
38,81,6,4.2,4.3,Medium,Medium,Limited,DayScholar,26,Yes,13,Fail
51,91,5,8.3,3.5,Low,Low,Limited,Hosteller,68,No,27,Fail
34,70,4,7.9,7.8,Low,Low,Limited,DayScholar,74,No,21,Fail
31,91,8,5.0,9.6,Low,Low,Limited,Hosteller,14,No,22,Fail
49,91,2,5.3,6.9,Low,Medium,Limited,Hosteller,85,No,29,Fail
47,66,0,3.0,6.8,Low,Medium,Limited,Hosteller,11,Yes,26,Fail
39,80,1,7.8,5.4,Low,Low,Limited,Hosteller,61,Yes,26,Fail
31,76,2,2.6,7.0,Low,Low,Limited,DayScholar,45,Yes,19,Fail
47,82,1,4.7,8.3,High,Medium,Unlimited,DayScholar,43,No,22,Fail
37,100,2,8.2,8.3,Low,High,Limited,Hosteller,71,Yes,15,Fail
46,52,2,2.0,4.5,Low,Low,Unlimited,DayScholar,59,Yes,22,Fail
38,96,0,1.6,7.3,Low,High,Unlimited,DayScholar,46,Yes,13,Fail
50,99,1,2.9,5.4,Medium,High,Unlimited,Hosteller,43,Yes,29,Fail
36,82,2,8.0,4.1,Low,High,Unlimited,DayScholar,17,Yes,23,Fail
53,78,5,7.0,4.4,Medium,Medium,Unlimited,DayScholar,78,Yes,29,Fail
33,98,4,7.7,7.8,Medium,High,Limited,DayScholar,91,Yes,15,Fail
55,91,4,9.1,7.5,High,Medium,Limited,DayScholar,3,Yes,30,Fail
39,95,0,2.2,8.4,Low,High,Limited,Hosteller,9,Yes,21,Fail
30,67,1,1.2,8.0,High,Low,Unlimited,Hosteller,58,No,6,Fail
31,73,0,5.8,7.0,High,Low,Unlimited,DayScholar,1,Yes,8,Fail
32,65,5,3.3,8.1,Low,Low,Limited,Hosteller,41,No,11,Fail
37,66,4,5.2,6.7,Medium,Low,Limited,DayScholar,19,Yes,13,Fail
41,82,0,4.1,6.3,High,Medium,Limited,Hosteller,80,Yes,24,Fail
49,90,5,7.0,8.4,Medium,Medium,Unlimited,Hosteller,86,No,33,Fail
36,94,2,4.0,8.0,Low,Medium,Unlimited,Hosteller,10,No,30,Fail
35,61,5,9.0,5.5,Medium,Low,Limited,DayScholar,82,No,23,Fail
38,95,1,9.8,3.9,Medium,Low,Limited,DayScholar,77,Yes,31,Fail
37,99,8,4.8,5.7,Medium,Low,Unlimited,Hosteller,90,Yes,16,Fail
37,90,8,6.7,9.4,High,Medium,Limited,DayScholar,22,Yes,16,Fail
50,83,2,8.7,5.1,Low,High,Limited,Hosteller,105,No,32,Fail
54,78,3,8.0,3.5,Medium,Medium,Limited,DayScholar,109,Yes,29,Fail
47,100,3,4.1,6.2,High,Medium,Limited,DayScholar,36,No,26,Fail
40,74,6,8.7,6.0,High,Low,Unlimited,DayScholar,86,No,20,Fail
52,94,1,2.0,7.5,Medium,Medium,Limited,DayScholar,76,No,33,Fail
41,64,1,8.6,5.4,Medium,High,Unlimited,DayScholar,106,No,18,Fail
53,81,4,9.3,7.0,Medium,High,Unlimited,DayScholar,13,Yes,33,Fail
35,68,3,3.1,6.7,Low,Medium,Limited,Hosteller,41,Yes,12,Fail
35,62,2,6.0,5.8,Medium,Low,Unlimited,Hosteller,66,No,13,Fail
48,85,5,7.2,5.9,Medium,High,Limited,DayScholar,116,Yes,26,Fail
55,56,0,3.8,4.6,Low,High,Limited,DayScholar,99,No,33,Fail
34,97,8,3.5,7.1,Low,Medium,Unlimited,DayScholar,70,No,12,Fail
30,90,2,4.0,3.8,High,Low,Limited,DayScholar,13,Yes,16,Fail
48,59,1,3.5,5.6,Low,Medium,Unlimited,Hosteller,16,No,30,Fail
39,93,3,5.4,4.5,High,Medium,Limited,DayScholar,21,Yes,14,Fail
36,80,0,6.2,7.2,Low,High,Unlimited,DayScholar,117,No,22,Fail
43,79,1,7.7,8.9,High,Medium,Limited,Hosteller,101,No,34,Fail
50,84,2,0.1,3.4,Medium,Low,Limited,DayScholar,3,No,27,Fail
46,52,6,8.0,8.8,Medium,Low,Limited,Hosteller,74,No,23,Fail
32,54,1,7.5,6.1,Low,Low,Unlimited,DayScholar,4,Yes,15,Fail
42,81,0,2.4,3.3,High,Low,Unlimited,Hosteller,70,No,21,Fail
39,98,2,7.8,3.2,Medium,Medium,Limited,DayScholar,48,Yes,28,Fail
42,91,2,9.8,9.2,Low,High,Limited,Hosteller,108,Yes,27,Fail
38,78,4,5.3,5.9,Low,Low,Unlimited,Hosteller,37,No,23,Fail
57,94,3,6.8,4.7,Medium,High,Limited,Hosteller,28,Yes,34,Fail
36,78,2,8.5,9.3,Low,High,Unlimited,Hosteller,8,No,21,Fail
50,97,0,2.4,9.9,Medium,Low,Limited,DayScholar,33,No,31,Fail
32,71,4,7.9,6.2,High,Low,Limited,Hosteller,10,Yes,13,Fail
34,74,7,4.7,8.4,Medium,Low,Limited,DayScholar,48,No,9,Fail
41,62,4,9.3,4.2,Medium,High,Limited,DayScholar,20,Yes,20,Fail
41,51,0,7.6,3.3,Medium,Low,Limited,Hosteller,97,Yes,22,Fail
34,67,1,2.9,9.0,High,Low,Limited,DayScholar,24,No,19,Fail
40,87,7,6.4,8.7,High,Medium,Limited,DayScholar,94,No,21,Fail
34,98,9,8.1,5.2,Low,Medium,Limited,Hosteller,5,No,29,Fail
50,94,1,4.0,7.2,High,Medium,Unlimited,DayScholar,24,No,25,Fail
46,98,8,6.4,7.7,Low,Medium,Limited,DayScholar,20,Yes,27,Fail
44,52,4,7.2,6.7,Low,Medium,Unlimited,DayScholar,71,No,20,Fail
36,82,0,4.2,9.6,Low,Low,Limited,Hosteller,37,No,33,Fail
52,93,10,2.9,8.5,Low,Medium,Unlimited,Hosteller,51,No,27,Fail
31,51,9,9.3,7.1,Medium,Low,Unlimited,Hosteller,59,No,10,Fail
31,87,7,4.2,8.0,High,Medium,Limited,DayScholar,54,No,14,Fail
36,56,7,7.7,7.8,Medium,Medium,Limited,Hosteller,31,Yes,11,Fail
35,89,8,5.6,7.0,Medium,Low,Limited,Hosteller,47,Yes,11,Fail
32,84,2,5.4,8.2,High,Low,Limited,DayScholar,33,No,23,Fail
49,95,1,9.6,8.4,High,Low,Unlimited,DayScholar,74,Yes,29,Fail
38,91,1,8.2,7.4,High,High,Limited,DayScholar,34,Yes,14,Fail
42,97,5,5.7,9.8,High,Low,Limited,Hosteller,9,Yes,18,Fail
45,90,5,2.9,8.9,High,Low,Unlimited,Hosteller,18,No,25,Fail
39,65,0,9.7,9.9,Low,Medium,Limited,DayScholar,110,No,29,Fail
52,66,8,4.3,6.4,Low,Low,Limited,Hosteller,26,No,27,Fail
58,82,5,6.8,6.5,Medium,Medium,Limited,Hosteller,109,No,34,Fail
53,68,1,7.4,5.5,Medium,Medium,Limited,Hosteller,46,No,34,Fail
40,81,8,5.7,8.1,Low,Medium,Limited,DayScholar,105,No,30,Fail
42,92,0,3.4,4.5,Low,High,Limited,DayScholar,80,Yes,27,Fail
36,57,9,9.4,9.0,Medium,Low,Unlimited,DayScholar,74,No,14,Fail
43,57,7,7.2,4.6,High,Low,Limited,DayScholar,74,No,20,Fail
33,76,2,2.7,5.7,Medium,Medium,Unlimited,DayScholar,74,No,9,Fail
35,87,5,3.5,3.6,Low,Medium,Unlimited,Hosteller,56,No,11,Fail
33,93,9,8.9,5.4,Low,Low,Limited,DayScholar,24,No,28,Fail
34,99,1,9.9,6.9,High,High,Limited,Hosteller,63,No,20,Fail
47,98,6,3.6,6.2,Low,High,Limited,DayScholar,52,Yes,25,Fail
40,89,3,1.5,4.1,Medium,Low,Limited,Hosteller,105,No,17,Fail
33,70,4,4.6,8.4,Low,Medium,Limited,DayScholar,83,Yes,11,Fail
45,64,5,10.0,5.7,High,Medium,Limited,Hosteller,31,No,24,Fail
30,59,6,9.3,6.1,Low,High,Unlimited,DayScholar,8,Yes,13,Fail
52,68,1,9.1,5.0,Low,High,Unlimited,DayScholar,75,Yes,29,Fail
42,66,1,8.8,6.5,High,Low,Unlimited,DayScholar,6,Yes,24,Fail
39,68,1,8.1,8.4,Low,Low,Limited,DayScholar,25,Yes,22,Fail
47,79,1,5.3,6.5,Low,Medium,Unlimited,Hosteller,16,Yes,29,Fail
39,85,2,4.4,5.2,High,Low,Limited,Hosteller,34,Yes,16,Fail
49,70,2,9.6,6.6,High,Medium,Limited,Hosteller,50,No,24,Fail
32,72,1,3.0,3.8,Medium,Medium,Unlimited,DayScholar,1,No,15,Fail
36,51,7,8.0,7.4,Medium,Medium,Limited,Hosteller,49,No,13,Fail
44,95,8,6.1,8.4,Medium,Low,Unlimited,DayScholar,59,Yes,21,Fail
45,90,10,7.9,4.1,Low,Medium,Limited,Hosteller,53,Yes,27,Fail
45,100,3,1.6,4.3,Medium,High,Limited,Hosteller,55,No,24,Fail
34,61,0,7.6,9.7,Medium,Medium,Unlimited,Hosteller,63,Yes,17,Fail
30,57,1,6.5,8.1,Low,Medium,Limited,Hosteller,62,Yes,18,Fail
33,90,2,8.9,7.1,High,Low,Limited,Hosteller,64,No,22,Fail
44,100,5,7.0,4.9,High,Low,Unlimited,Hosteller,39,No,19,Fail
42,89,3,7.5,6.6,High,Medium,Unlimited,Hosteller,50,Yes,24,Fail
48,97,6,3.6,8.4,Medium,Low,Unlimited,DayScholar,55,Yes,29,Fail
30,50,4,7.0,5.6,High,Low,Unlimited,DayScholar,65,No,8,Fail
34,95,6,8.5,7.8,Low,High,Limited,DayScholar,57,No,30,Fail
43,91,9,8.9,6.1,High,Medium,Unlimited,DayScholar,1,No,21,Fail
42,83,9,6.0,7.3,Medium,Medium,Unlimited,Hosteller,116,No,19,Fail
41,65,9,7.3,6.3,Low,Low,Unlimited,DayScholar,82,No,16,Fail
36,98,1,5.2,8.0,High,Low,Limited,Hosteller,113,Yes,23,Fail
35,96,4,2.6,6.8,High,Medium,Unlimited,Hosteller,4,Yes,12,Fail
45,75,9,3.6,6.0,Low,Medium,Unlimited,DayScholar,119,No,25,Fail
41,94,1,2.5,7.9,Medium,Medium,Unlimited,DayScholar,22,No,24,Fail
54,94,8,3.9,8.7,Low,Medium,Unlimited,Hosteller,10,Yes,34,Fail
34,83,6,9.9,7.7,High,High,Unlimited,DayScholar,16,No,17,Fail
38,52,6,4.7,5.1,Low,High,Unlimited,DayScholar,34,No,17,Fail
31,80,4,10.0,5.0,Low,Low,Limited,Hosteller,28,Yes,31,Fail
31,78,5,9.9,6.0,Low,Medium,Limited,DayScholar,18,Yes,32,Fail
35,73,0,2.1,3.9,Medium,Medium,Limited,Hosteller,14,No,10,Fail
44,66,5,7.2,5.4,High,Medium,Unlimited,Hosteller,0,No,19,Fail
43,60,9,8.5,3.3,Medium,Low,Limited,Hosteller,32,No,18,Fail
32,98,7,9.8,4.8,Medium,Low,Limited,Hosteller,115,Yes,24,Fail
34,79,6,7.7,6.3,Medium,Medium,Unlimited,Hosteller,67,No,18,Fail
45,55,5,5.2,5.0,Medium,Medium,Unlimited,Hosteller,33,No,25,Fail
52,68,4,6.8,5.7,Medium,Medium,Limited,DayScholar,36,No,28,Fail
33,100,9,7.1,3.2,Medium,Medium,Unlimited,DayScholar,60,Yes,12,Fail
44,85,2,5.4,9.9,High,Low,Unlimited,Hosteller,22,No,20,Fail
52,93,3,2.0,4.8,Low,High,Unlimited,DayScholar,2,No,28,Fail
48,99,1,2.4,7.8,High,Medium,Unlimited,Hosteller,52,No,29,Fail
44,57,0,7.6,4.4,Medium,Medium,Limited,Hosteller,3,Yes,34,Fail
45,70,10,8.6,7.0,Medium,Low,Unlimited,DayScholar,30,No,27,Fail
38,89,7,8.7,4.4,Low,High,Limited,Hosteller,55,No,26,Fail
57,68,7,5.4,7.3,Low,Medium,Limited,DayScholar,32,No,33,Fail
32,93,1,1.5,9.5,Low,Low,Unlimited,Hosteller,106,No,7,Fail
36,51,8,9.0,8.5,Low,Low,Limited,DayScholar,106,Yes,20,Fail
48,67,3,8.9,4.1,Low,High,Limited,Hosteller,50,Yes,26,Fail
39,73,5,8.3,9.3,Medium,Medium,Unlimited,DayScholar,97,No,19,Fail
40,51,5,9.2,6.7,Low,Medium,Unlimited,Hosteller,3,Yes,16,Fail
31,58,1,9.3,7.7,Medium,Medium,Limited,DayScholar,15,Yes,22,Fail
31,91,7,9.2,9.9,High,Medium,Limited,DayScholar,42,No,10,Fail
43,80,1,4.8,6.0,Low,High,Unlimited,DayScholar,69,Yes,24,Fail
58,94,4,5.4,7.6,Low,High,Unlimited,DayScholar,0,No,33,Fail
49,90,4,1.6,8.3,Medium,Low,Limited,DayScholar,26,No,34,Fail
58,73,8,9.4,9.4,Low,Medium,Limited,Hosteller,3,Yes,33,Fail
41,97,1,8.8,8.4,High,Medium,Limited,DayScholar,95,No,28,Fail
35,56,0,9.6,5.1,Medium,Low,Unlimited,DayScholar,0,No,33,Fail
40,89,7,5.8,6.2,Low,Low,Unlimited,Hosteller,8,Yes,24,Fail
48,55,0,8.9,4.9,Medium,High,Unlimited,DayScholar,104,No,25,Fail
43,85,4,9.0,4.2,High,High,Limited,Hosteller,36,Yes,22,Fail
40,82,7,7.6,9.5,Low,Low,Limited,DayScholar,33,Yes,27,Fail
40,75,2,4.6,9.0,High,Low,Unlimited,Hosteller,5,No,27,Fail
57,96,1,4.3,8.4,Medium,High,Unlimited,DayScholar,69,No,34,Fail
32,77,7,7.9,3.5,Medium,Medium,Limited,Hosteller,49,No,23,Fail
36,90,3,6.3,8.2,Medium,Low,Limited,DayScholar,46,Yes,33,Fail
51,78,3,2.3,4.2,Medium,High,Unlimited,Hosteller,8,Yes,26,Fail
32,95,8,4.7,4.6,Low,Low,Unlimited,Hosteller,78,No,22,Fail
55,75,1,6.1,4.8,Medium,High,Limited,DayScholar,85,No,34,Fail
41,55,0,6.6,3.7,Low,High,Unlimited,DayScholar,79,No,21,Fail
32,62,0,3.7,6.1,Medium,Medium,Limited,Hosteller,78,Yes,11,Fail
37,91,1,0.3,8.1,Low,Medium,Limited,Hosteller,22,No,27,Fail
42,81,7,7.5,3.1,Low,Medium,Unlimited,DayScholar,84,No,22,Fail
35,95,1,2.2,3.6,Low,Medium,Limited,DayScholar,85,No,14,Fail
43,67,9,5.5,6.0,Low,Medium,Unlimited,Hosteller,119,No,18,Fail
43,100,8,6.9,6.7,Low,High,Limited,DayScholar,59,Yes,26,Fail
54,72,0,6.4,9.4,Low,Medium,Unlimited,DayScholar,71,No,32,Fail
47,70,0,7.9,4.6,Medium,Low,Unlimited,Hosteller,47,No,26,Fail
46,100,3,8.6,5.6,High,High,Unlimited,Hosteller,0,No,28,Fail
51,100,3,3.9,8.8,Low,Low,Limited,Hosteller,9,No,30,Fail
36,97,5,4.3,7.6,High,Medium,Limited,Hosteller,2,No,17,Fail
37,83,1,0.1,6.5,High,Low,Limited,DayScholar,15,Yes,15,Fail
45,53,0,9.6,8.8,Medium,Medium,Unlimited,DayScholar,82,No,32,Fail
30,85,2,5.1,7.0,Low,Low,Limited,DayScholar,78,Yes,28,Fail
37,52,3,3.7,8.1,Low,Medium,Unlimited,DayScholar,1,Yes,15,Fail
30,79,9,8.7,6.5,Medium,Medium,Unlimited,Hosteller,34,Yes,9,Fail
49,79,1,8.1,8.4,High,High,Limited,Hosteller,56,No,33,Fail
53,62,3,7.6,6.3,Low,Low,Limited,Hosteller,89,No,33,Fail
43,80,0,4.6,4.0,Low,Medium,Limited,Hosteller,21,Yes,32,Fail
38,86,7,9.5,3.0,Low,High,Unlimited,Hosteller,15,Yes,24,Fail
32,69,2,7.2,8.1,Low,Medium,Unlimited,Hosteller,93,Yes,10,Fail
33,65,2,9.7,3.3,High,Medium,Limited,Hosteller,42,No,12,Fail
38,96,4,1.4,7.2,Medium,Medium,Limited,Hosteller,44,Yes,16,Fail
30,98,3,9.3,9.5,Low,High,Unlimited,DayScholar,86,No,15,Fail
55,52,2,7.5,4.1,Low,Medium,Unlimited,DayScholar,70,Yes,30,Fail
30,63,6,9.2,7.4,Medium,Low,Unlimited,Hosteller,51,No,16,Fail
40,92,7,5.3,9.0,High,Medium,Limited,DayScholar,36,Yes,20,Fail
48,58,0,5.6,3.1,Low,Medium,Limited,DayScholar,18,No,29,Fail
31,68,3,5.4,5.5,Medium,High,Unlimited,Hosteller,74,No,9,Fail
34,88,6,8.8,6.1,High,High,Limited,Hosteller,43,Yes,14,Fail
38,97,0,8.6,8.5,Medium,Low,Unlimited,DayScholar,66,Yes,27,Fail
33,76,9,9.6,6.3,High,Medium,Unlimited,Hosteller,83,No,10,Fail
35,95,3,8.3,4.7,Medium,High,Unlimited,Hosteller,28,Yes,12,Fail
49,68,2,4.6,8.0,High,Low,Limited,DayScholar,38,No,24,Fail
49,63,2,6.1,7.5,Low,High,Unlimited,DayScholar,60,Yes,28,Fail
40,88,0,7.4,7.0,High,High,Unlimited,DayScholar,11,No,17,Fail
39,75,9,9.4,9.0,Medium,Medium,Limited,Hosteller,28,No,28,Fail
44,64,1,9.6,8.8,High,Medium,Limited,DayScholar,52,No,20,Fail
38,76,8,4.0,4.5,Medium,Low,Unlimited,Hosteller,56,No,23,Fail
53,94,4,8.5,3.6,Medium,Medium,Limited,DayScholar,32,No,32,Fail
45,76,3,2.5,3.1,Low,High,Limited,DayScholar,11,Yes,24,Fail
38,100,7,7.0,7.0,Low,Low,Unlimited,DayScholar,93,No,26,Fail
46,73,3,3.7,5.4,Low,Low,Unlimited,DayScholar,33,No,24,Fail
31,74,0,9.9,3.4,Low,Medium,Unlimited,Hosteller,1,No,19,Fail
36,65,2,8.6,6.0,High,Low,Limited,Hosteller,46,No,15,Fail
46,80,1,0.8,7.0,Low,Medium,Limited,DayScholar,109,No,23,Fail
41,57,1,6.9,9.0,Low,Low,Limited,Hosteller,55,Yes,25,Fail
42,72,2,7.3,5.3,Medium,Medium,Limited,Hosteller,36,No,24,Fail
32,56,3,9.2,9.7,Medium,Low,Limited,Hosteller,109,Yes,8,Fail
37,81,9,3.9,3.9,Low,Low,Limited,Hosteller,5,No,13,Fail
47,93,0,6.7,9.3,Medium,Medium,Unlimited,Hosteller,66,Yes,24,Fail
31,55,5,7.7,7.7,Medium,Medium,Limited,DayScholar,23,No,13,Fail
31,62,5,7.2,7.9,Medium,Low,Limited,Hosteller,30,No,23,Fail
37,86,9,6.0,9.0,Low,High,Unlimited,DayScholar,89,No,16,Fail
48,68,3,9.5,7.3,High,Medium,Unlimited,DayScholar,20,Yes,24,Fail
46,91,7,8.9,9.7,High,Medium,Unlimited,Hosteller,1,Yes,24,Fail
32,81,2,5.0,6.9,Low,Medium,Unlimited,Hosteller,14,Yes,15,Fail
50,60,0,2.4,8.9,Low,Medium,Limited,DayScholar,19,No,29,Fail
31,92,3,5.0,9.1,Low,Medium,Limited,Hosteller,110,Yes,16,Fail
39,83,0,8.2,7.2,High,Medium,Limited,Hosteller,36,Yes,33,Fail
42,76,1,0.3,9.2,Low,Low,Unlimited,DayScholar,34,No,22,Fail
51,99,4,9.9,8.9,High,Low,Limited,Hosteller,98,Yes,29,Fail
30,80,1,1.3,4.2,Low,High,Unlimited,Hosteller,53,No,18,Fail
42,58,6,9.0,5.9,High,Low,Limited,DayScholar,71,No,19,Fail
36,94,6,2.9,6.5,Medium,Medium,Unlimited,Hosteller,103,Yes,15,Fail
38,70,5,5.4,4.5,Low,Low,Limited,DayScholar,36,Yes,17,Fail
44,73,2,6.6,7.5,Low,Low,Limited,DayScholar,92,Yes,26,Fail
40,76,3,1.8,3.3,Low,Low,Unlimited,Hosteller,23,No,22,Fail
36,75,4,4.2,6.5,Low,Medium,Unlimited,Hosteller,39,Yes,14,Fail
34,84,7,3.8,4.0,High,Low,Unlimited,DayScholar,19,No,14,Fail
31,67,0,4.9,3.9,High,Medium,Limited,DayScholar,24,No,9,Fail
58,85,3,2.0,4.9,Low,Medium,Limited,DayScholar,100,Yes,34,Fail
42,59,2,9.6,3.5,High,Low,Limited,DayScholar,75,No,23,Fail
41,92,0,5.5,8.4,Medium,Medium,Unlimited,Hosteller,78,No,29,Fail
53,97,0,0.4,8.0,Low,Low,Unlimited,DayScholar,9,No,33,Fail
46,92,0,8.7,8.8,High,Medium,Limited,Hosteller,79,Yes,28,Fail
31,85,9,6.5,3.7,Medium,Low,Limited,DayScholar,86,No,17,Fail
30,80,1,3.1,3.7,Low,High,Limited,DayScholar,49,No,15,Fail
50,97,1,7.5,9.1,Low,Medium,Unlimited,DayScholar,115,Yes,31,Fail
38,86,3,8.9,9.1,High,Low,Limited,Hosteller,55,Yes,13,Fail
36,62,10,9.0,8.6,Medium,Low,Limited,DayScholar,27,No,13,Fail
33,65,7,5.0,8.9,Low,Medium,Unlimited,Hosteller,65,Yes,8,Fail
35,81,1,2.6,5.7,Low,High,Limited,DayScholar,96,No,15,Fail
34,62,5,6.1,7.8,Low,Medium,Limited,DayScholar,24,Yes,21,Fail
31,92,0,0.4,5.5,High,Low,Limited,Hosteller,80,Yes,9,Fail
43,99,6,9.9,4.4,Medium,High,Limited,DayScholar,73,No,20,Fail
49,75,5,1.8,5.0,Medium,Medium,Unlimited,DayScholar,68,No,26,Fail
51,54,1,6.0,5.5,Medium,High,Unlimited,DayScholar,20,Yes,27,Fail
31,99,8,7.0,8.4,Medium,Medium,Limited,Hosteller,58,No,15,Fail
31,72,7,9.4,5.3,High,High,Limited,DayScholar,111,No,7,Fail
48,59,1,9.3,4.2,High,Low,Unlimited,DayScholar,4,No,32,Fail
33,78,6,2.1,6.8,Low,Medium,Limited,Hosteller,76,No,19,Fail
32,60,6,9.4,5.8,Low,High,Limited,Hosteller,48,Yes,10,Fail
33,87,3,0.4,9.9,Medium,High,Limited,Hosteller,28,No,10,Fail
36,77,4,6.8,3.3,Medium,Medium,Limited,Hosteller,61,Yes,15,Fail
52,55,2,4.6,7.7,Low,High,Limited,Hosteller,79,No,27,Fail
54,65,4,5.6,4.8,Low,Low,Limited,DayScholar,103,Yes,29,Fail
55,85,4,7.1,8.8,Medium,Low,Limited,Hosteller,115,No,32,Fail
32,53,10,3.7,8.1,Low,Low,Unlimited,Hosteller,45,No,10,Fail
37,86,0,2.7,6.2,Low,Low,Unlimited,Hosteller,120,Yes,27,Fail
42,90,6,4.6,9.3,Low,High,Unlimited,Hosteller,49,No,21,Fail
35,76,1,6.1,9.5,Low,High,Unlimited,DayScholar,107,Yes,10,Fail
39,83,1,9.0,3.9,High,Low,Unlimited,DayScholar,104,Yes,17,Fail
52,67,2,6.3,5.0,High,Low,Limited,Hosteller,29,No,31,Fail
44,84,10,5.7,6.0,Medium,Low,Limited,DayScholar,117,No,26,Fail
33,86,0,5.2,3.4,Medium,Low,Unlimited,DayScholar,86,Yes,12,Fail
44,84,4,2.8,4.5,Medium,Medium,Unlimited,DayScholar,88,Yes,22,Fail
42,80,10,6.8,9.0,Medium,Low,Unlimited,DayScholar,52,No,33,Fail
54,50,6,7.7,5.2,Low,Medium,Unlimited,Hosteller,30,No,30,Fail
30,94,3,5.0,8.6,Low,Low,Unlimited,Hosteller,86,Yes,18,Fail
30,61,7,9.1,3.4,Low,Medium,Limited,DayScholar,16,No,20,Fail
52,59,3,3.8,5.2,Low,Medium,Unlimited,DayScholar,117,No,29,Fail
54,98,9,9.3,3.1,Medium,Low,Unlimited,Hosteller,40,Yes,30,Fail
40,88,5,5.8,7.7,Medium,High,Limited,DayScholar,47,Yes,20,Fail
55,94,2,1.7,3.3,Medium,Medium,Limited,DayScholar,28,Yes,32,Fail
31,87,1,5.2,9.3,High,High,Limited,Hosteller,52,No,9,Fail
43,81,4,6.7,6.2,Medium,Medium,Limited,Hosteller,115,No,32,Fail
42,80,5,7.2,8.4,Medium,Medium,Limited,Hosteller,52,Yes,27,Fail
50,97,3,3.3,6.8,Medium,Low,Limited,DayScholar,31,Yes,30,Fail
54,82,6,3.7,8.4,Low,Medium,Limited,DayScholar,43,Yes,33,Fail
43,81,4,4.7,5.1,Low,Medium,Unlimited,DayScholar,11,Yes,22,Fail
44,82,0,2.7,6.8,Low,Medium,Unlimited,DayScholar,50,Yes,27,Fail
30,67,0,1.5,6.1,Low,Medium,Limited,DayScholar,21,No,7,Fail
45,54,6,7.1,8.0,Low,Low,Limited,DayScholar,61,No,20,Fail
38,83,5,8.7,3.6,Medium,Medium,Unlimited,DayScholar,3,No,23,Fail
42,74,3,6.2,8.8,Low,Low,Limited,Hosteller,38,Yes,26,Fail
41,72,0,2.5,7.4,Low,Low,Unlimited,Hosteller,6,No,21,Fail
40,80,7,9.8,9.7,Low,High,Unlimited,Hosteller,69,No,21,Fail
35,86,4,7.1,6.4,High,Low,Limited,Hosteller,107,No,18,Fail
32,76,10,8.3,7.3,Low,Medium,Limited,DayScholar,44,No,20,Fail
52,81,3,0.6,6.5,Low,High,Unlimited,DayScholar,1,No,33,Fail
40,84,3,4.1,6.1,Medium,High,Unlimited,DayScholar,30,No,16,Fail
38,97,1,2.9,8.2,Low,Medium,Limited,Hosteller,105,No,22,Fail
35,70,7,4.7,4.2,Medium,Medium,Unlimited,Hosteller,27,No,16,Fail
49,90,5,5.1,8.8,Low,Medium,Limited,Hosteller,98,Yes,31,Fail
50,69,2,5.4,6.5,Low,Low,Limited,DayScholar,95,Yes,26,Fail
41,91,6,7.7,4.0,Low,Low,Limited,DayScholar,13,No,32,Fail
47,57,3,9.7,8.1,Low,High,Unlimited,Hosteller,57,No,25,Fail
37,70,4,1.7,7.5,Low,Low,Unlimited,DayScholar,43,No,14,Fail
36,100,2,7.8,5.6,Low,Low,Unlimited,Hosteller,98,No,31,Fail
32,56,2,6.0,6.3,Medium,Medium,Limited,Hosteller,91,No,7,Fail
49,93,1,8.0,8.5,Medium,High,Unlimited,DayScholar,99,No,32,Fail
41,99,3,2.3,5.5,Low,Medium,Unlimited,DayScholar,30,No,24,Fail
45,66,5,7.9,8.9,Medium,Medium,Unlimited,Hosteller,28,Yes,27,Fail
40,60,4,7.5,9.6,Low,Low,Limited,Hosteller,26,Yes,22,Fail
39,100,10,7.6,7.7,Medium,Medium,Unlimited,DayScholar,120,No,15,Fail
49,99,6,5.9,4.8,Medium,High,Unlimited,Hosteller,59,No,28,Fail
35,76,5,9.6,3.1,Medium,High,Unlimited,DayScholar,1,No,29,Fail
50,86,1,7.9,9.8,Medium,Low,Limited,DayScholar,76,Yes,26,Fail
41,70,3,6.8,5.5,Low,Medium,Unlimited,DayScholar,1,Yes,23,Fail
50,77,7,9.7,7.9,Low,Low,Unlimited,DayScholar,63,No,33,Fail
32,98,3,6.4,7.3,Medium,Medium,Unlimited,Hosteller,69,No,19,Fail
56,97,10,9.2,5.4,Low,Low,Unlimited,Hosteller,102,Yes,33,Fail
40,100,3,1.5,8.6,Medium,Low,Unlimited,Hosteller,4,Yes,20,Fail
30,75,5,1.6,8.4,Medium,Low,Unlimited,DayScholar,118,Yes,13,Fail
33,80,2,8.6,9.6,High,Low,Unlimited,DayScholar,48,No,25,Fail
35,83,2,4.1,7.1,Low,Low,Limited,Hosteller,67,Yes,14,Fail
35,72,4,8.1,8.0,Low,Medium,Limited,Hosteller,35,No,21,Fail
30,83,1,1.7,3.2,Medium,High,Unlimited,DayScholar,14,No,12,Fail
38,62,8,8.1,5.3,Medium,High,Limited,DayScholar,7,No,13,Fail
31,72,6,5.3,6.0,Low,Medium,Limited,Hosteller,42,No,17,Fail
48,77,2,7.2,4.8,Low,High,Unlimited,DayScholar,31,No,32,Fail
38,68,3,3.8,3.5,Medium,Low,Limited,DayScholar,59,Yes,14,Fail
39,67,3,8.1,7.7,Medium,Medium,Unlimited,DayScholar,103,No,28,Fail
50,98,4,10.0,6.7,Medium,High,Limited,Hosteller,85,No,33,Fail
38,91,8,8.9,4.1,Low,Medium,Unlimited,Hosteller,29,Yes,26,Fail
34,93,7,8.1,9.8,Low,Medium,Unlimited,DayScholar,83,Yes,18,Fail
37,86,0,4.7,4.1,Low,High,Unlimited,Hosteller,24,Yes,23,Fail
42,70,1,9.7,3.6,Low,Low,Unlimited,Hosteller,74,No,21,Fail
49,69,1,9.6,7.4,Medium,Low,Limited,Hosteller,107,Yes,34,Fail
31,54,4,9.6,4.7,Medium,Low,Unlimited,Hosteller,61,No,22,Fail
36,92,0,8.7,5.1,Low,Low,Limited,DayScholar,98,Yes,27,Fail
57,93,6,3.8,7.5,Medium,Low,Limited,DayScholar,112,Yes,34,Fail
53,53,1,9.2,7.1,Low,Medium,Limited,Hosteller,91,No,31,Fail
31,99,3,9.2,7.2,High,Low,Limited,Hosteller,111,Yes,12,Fail
44,98,10,9.7,4.3,Low,Medium,Limited,Hosteller,78,No,25,Fail
34,64,9,9.6,5.6,Low,Low,Unlimited,Hosteller,15,Yes,19,Fail
45,87,1,0.0,6.5,Low,High,Unlimited,DayScholar,75,No,26,Fail
31,77,0,8.5,3.1,Low,Low,Unlimited,Hosteller,32,Yes,27,Fail
39,84,2,1.4,7.2,Low,Low,Unlimited,Hosteller,17,No,28,Fail
42,99,2,2.0,8.8,Low,Medium,Unlimited,Hosteller,67,Yes,23,Fail
33,90,0,6.1,3.8,Low,Medium,Unlimited,Hosteller,88,Yes,13,Fail
36,89,2,9.2,3.4,Medium,Medium,Unlimited,Hosteller,90,No,27,Fail
36,88,8,8.9,4.4,High,High,Limited,DayScholar,32,No,12,Fail
30,96,3,3.5,5.9,Low,Medium,Unlimited,Hosteller,79,Yes,6,Fail
32,79,2,7.4,7.3,Medium,Low,Unlimited,DayScholar,65,No,20,Fail
53,62,8,9.2,8.6,Medium,Medium,Limited,DayScholar,64,No,29,Fail
33,94,3,9.7,6.5,Low,Medium,Unlimited,DayScholar,113,Yes,33,Fail
37,85,1,0.3,7.6,Low,Low,Limited,DayScholar,115,Yes,12,Fail
50,92,5,9.4,7.2,Medium,High,Unlimited,Hosteller,46,Yes,27,Fail
36,61,4,9.1,6.6,Medium,Medium,Unlimited,DayScholar,77,Yes,20,Fail
46,86,3,1.6,5.5,Low,High,Unlimited,DayScholar,52,Yes,22,Fail
31,77,3,5.0,4.6,Low,Low,Limited,DayScholar,102,No,22,Fail
30,79,0,4.0,4.6,High,Low,Unlimited,DayScholar,3,No,20,Fail
58,65,9,9.8,4.7,Low,Low,Unlimited,Hosteller,23,No,33,Fail
37,67,6,8.5,6.7,Low,Medium,Limited,Hosteller,87,Yes,13,Fail
30,78,6,3.2,6.4,Medium,Low,Limited,DayScholar,96,No,9,Fail
55,85,9,9.5,5.5,Low,Medium,Unlimited,Hosteller,105,Yes,32,Fail
45,63,3,8.0,5.5,Medium,Medium,Limited,Hosteller,40,Yes,27,Fail
43,89,3,7.2,6.5,High,Medium,Limited,Hosteller,66,Yes,20,Fail
56,77,5,5.1,6.0,Low,High,Limited,Hosteller,91,No,32,Fail
42,89,5,2.3,4.5,Low,High,Limited,DayScholar,92,Yes,18,Fail
37,62,10,8.0,7.1,Medium,Medium,Unlimited,DayScholar,115,No,12,Fail
54,87,1,6.7,4.6,Medium,Medium,Limited,DayScholar,87,No,33,Fail
50,72,4,7.4,7.5,Medium,Low,Unlimited,DayScholar,34,No,30,Fail
30,62,0,8.3,7.3,High,Medium,Limited,Hosteller,65,Yes,9,Fail
37,53,3,5.3,7.0,Low,High,Unlimited,DayScholar,116,Yes,14,Fail
41,81,4,5.9,8.5,High,Low,Limited,Hosteller,0,Yes,20,Fail
40,100,9,2.2,3.4,Low,Medium,Unlimited,DayScholar,22,No,15,Fail
37,96,1,3.8,7.1,Low,High,Unlimited,DayScholar,100,Yes,13,Fail
44,55,0,8.1,5.4,High,Medium,Limited,DayScholar,113,No,32,Fail
37,76,10,7.4,7.0,Low,Low,Limited,Hosteller,75,No,20,Fail
58,97,1,3.8,3.1,Medium,Medium,Unlimited,Hosteller,101,No,34,Fail
35,65,8,8.7,8.7,Medium,Low,Limited,DayScholar,18,Yes,10,Fail
34,84,5,1.5,7.8,Low,Medium,Limited,Hosteller,70,No,17,Fail
36,52,6,6.9,7.7,Low,Medium,Unlimited,Hosteller,86,No,17,Fail
30,65,10,8.1,7.5,Low,Low,Limited,DayScholar,42,No,16,Fail
37,55,2,5.9,8.2,Medium,High,Unlimited,Hosteller,106,No,14,Fail
34,50,1,8.5,9.1,Low,Medium,Unlimited,DayScholar,59,No,26,Fail
48,93,7,2.0,6.3,Low,Low,Limited,DayScholar,85,Yes,27,Fail
42,86,0,6.3,7.0,Medium,High,Unlimited,DayScholar,42,Yes,34,Fail
31,92,4,9.9,5.1,High,Low,Limited,Hosteller,113,No,21,Fail
39,79,5,5.4,5.6,Low,Medium,Unlimited,Hosteller,103,Yes,24,Fail
46,96,7,8.8,5.8,Low,High,Limited,DayScholar,110,No,29,Fail
42,75,4,6.4,7.7,Medium,High,Unlimited,Hosteller,73,No,27,Fail
36,87,8,7.0,6.6,Medium,High,Limited,DayScholar,1,No,24,Fail
44,71,3,3.8,9.0,Low,Medium,Unlimited,Hosteller,13,No,28,Fail
37,94,5,6.3,6.8,Low,High,Unlimited,DayScholar,19,Yes,18,Fail
39,100,3,3.3,7.6,Low,Medium,Unlimited,DayScholar,85,No,22,Fail
55,60,3,8.8,5.0,High,Low,Unlimited,Hosteller,17,Yes,33,Fail
49,62,4,7.7,9.2,Medium,Medium,Unlimited,DayScholar,73,No,25,Fail
39,82,3,9.1,3.5,Low,High,Limited,Hosteller,1,Yes,31,Fail
43,74,2,5.1,4.6,Low,Medium,Unlimited,Hosteller,35,No,20,Fail
46,59,0,7.1,9.0,Low,Medium,Unlimited,Hosteller,34,Yes,25,Fail
39,77,9,9.7,6.0,Medium,Medium,Unlimited,Hosteller,21,Yes,22,Fail
33,86,4,8.0,7.8,Low,Medium,Limited,DayScholar,69,No,30,Fail
37,93,3,5.3,8.7,High,Low,Unlimited,DayScholar,31,Yes,20,Fail
49,68,4,8.0,8.9,Low,Medium,Unlimited,DayScholar,55,Yes,33,Fail
31,93,8,8.5,7.4,Medium,Low,Unlimited,Hosteller,78,Yes,12,Fail
43,83,3,9.5,8.6,Medium,Medium,Unlimited,Hosteller,63,Yes,33,Fail
40,74,4,7.4,5.3,Low,Medium,Limited,Hosteller,8,No,30,Fail
43,99,7,3.8,4.5,Medium,Low,Limited,DayScholar,82,No,25,Fail
31,64,4,8.5,4.0,Low,Medium,Limited,DayScholar,20,Yes,20,Fail
47,100,6,7.0,8.9,Low,High,Unlimited,Hosteller,43,Yes,25,Fail
42,57,0,9.9,5.2,Medium,Medium,Unlimited,DayScholar,97,Yes,34,Fail
38,78,0,4.7,5.6,Medium,Medium,Unlimited,Hosteller,99,Yes,13,Fail
32,62,3,9.6,6.5,Low,High,Unlimited,DayScholar,17,No,15,Fail
31,89,3,3.8,5.3,High,Low,Limited,Hosteller,45,No,15,Fail
42,76,4,2.7,4.0,High,Medium,Limited,Hosteller,7,Yes,19,Fail
41,99,10,9.1,4.6,High,Low,Limited,Hosteller,93,No,24,Fail
35,76,2,7.7,8.3,High,Low,Unlimited,Hosteller,112,Yes,19,Fail
44,89,9,4.7,7.8,Low,Low,Unlimited,Hosteller,1,Yes,21,Fail
33,59,6,8.6,8.8,High,Medium,Unlimited,Hosteller,21,No,12,Fail
32,77,2,8.8,3.8,Low,High,Limited,Hosteller,84,Yes,14,Fail
48,93,5,10.0,9.0,Medium,High,Limited,Hosteller,60,No,26,Fail
32,50,3,9.2,4.3,Low,High,Unlimited,Hosteller,82,No,18,Fail
33,82,1,6.7,9.2,Low,Low,Unlimited,Hosteller,62,No,23,Fail
43,96,9,7.6,5.6,Medium,Medium,Unlimited,DayScholar,94,Yes,23,Fail
43,78,4,4.2,5.6,Medium,High,Unlimited,Hosteller,59,No,26,Fail
46,73,4,5.8,4.5,Low,High,Limited,DayScholar,11,Yes,24,Fail
40,96,0,5.7,3.1,Medium,Medium,Limited,Hosteller,102,No,29,Fail
44,50,1,8.8,6.0,High,Low,Unlimited,DayScholar,4,No,31,Fail
48,87,2,2.6,4.7,Medium,Medium,Limited,Hosteller,91,No,32,Fail
32,62,3,8.0,8.1,Low,Low,Limited,Hosteller,16,Yes,19,Fail
30,86,2,3.0,6.9,Medium,High,Limited,Hosteller,18,No,18,Fail
35,91,9,8.6,5.7,Medium,Medium,Unlimited,DayScholar,48,No,27,Fail
52,100,9,9.0,6.1,Medium,Medium,Unlimited,DayScholar,43,No,27,Fail
35,98,0,4.9,6.0,Low,High,Unlimited,DayScholar,40,Yes,14,Fail
44,54,3,8.5,9.4,Medium,Low,Unlimited,Hosteller,89,No,24,Fail
37,90,3,8.8,4.6,Medium,Medium,Unlimited,Hosteller,83,Yes,23,Fail
42,75,4,3.6,6.0,Medium,High,Limited,Hosteller,29,No,24,Fail
39,78,4,3.8,4.0,Low,Medium,Unlimited,DayScholar,117,No,17,Fail
32,82,9,9.0,9.6,Low,High,Unlimited,DayScholar,3,No,15,Fail
48,75,3,1.3,5.5,Medium,Low,Limited,DayScholar,98,Yes,24,Fail
35,78,4,5.0,4.8,Low,Medium,Limited,DayScholar,14,Yes,24,Fail
48,91,7,8.3,3.8,Low,Low,Limited,DayScholar,52,Yes,29,Fail
36,84,7,8.0,3.9,Medium,High,Unlimited,Hosteller,40,No,12,Fail
48,78,1,5.6,8.0,High,Medium,Unlimited,DayScholar,1,Yes,23,Fail
44,94,10,7.8,6.5,Low,Medium,Limited,Hosteller,27,No,30,Fail
40,95,1,8.1,9.3,Medium,High,Unlimited,Hosteller,90,No,20,Fail
33,96,7,8.8,3.5,Medium,Medium,Unlimited,DayScholar,30,No,29,Fail
43,93,3,6.7,7.1,Medium,Low,Limited,Hosteller,33,No,28,Fail
40,96,7,7.7,6.0,Low,Medium,Unlimited,DayScholar,110,Yes,19,Fail
43,78,1,4.1,6.5,Low,High,Unlimited,DayScholar,10,Yes,26,Fail
33,75,0,8.8,4.4,High,Low,Unlimited,DayScholar,52,No,34,Fail
50,96,3,5.3,6.0,Low,High,Unlimited,DayScholar,105,No,34,Fail
32,97,6,6.3,4.6,Medium,Medium,Limited,Hosteller,47,No,26,Fail
35,83,3,2.6,5.2,Medium,Low,Limited,DayScholar,25,No,31,Fail
49,88,2,3.3,4.3,Medium,High,Limited,DayScholar,6,No,31,Fail
46,97,9,5.7,8.2,Medium,Medium,Unlimited,Hosteller,54,Yes,23,Fail
40,88,4,2.8,9.2,Medium,Low,Limited,DayScholar,52,No,27,Fail
43,84,4,2.5,5.0,High,Low,Unlimited,Hosteller,77,No,19,Fail
40,99,0,2.6,3.3,High,Low,Unlimited,Hosteller,34,No,18,Fail
43,67,4,3.3,7.3,Medium,Low,Unlimited,Hosteller,7,No,19,Fail
32,90,8,0.6,8.0,Low,High,Limited,Hosteller,41,No,8,Fail
32,68,4,5.6,9.5,Low,Medium,Limited,Hosteller,49,No,9,Fail
31,66,2,2.6,4.6,Low,Medium,Unlimited,Hosteller,11,No,18,Fail
53,75,2,2.5,7.8,Low,High,Limited,Hosteller,104,Yes,29,Fail
46,59,8,6.7,7.4,Low,Low,Limited,DayScholar,98,No,24,Fail
47,95,3,4.0,9.0,Medium,Medium,Limited,DayScholar,13,No,26,Fail
37,96,3,1.1,3.7,Low,Medium,Limited,Hosteller,43,No,12,Fail
50,98,10,7.7,4.2,Low,High,Unlimited,DayScholar,63,Yes,25,Fail
50,88,4,3.5,3.5,Medium,Low,Unlimited,DayScholar,9,No,28,Fail
30,91,5,4.8,7.1,Medium,Low,Unlimited,DayScholar,6,No,22,Fail
35,63,0,7.0,7.0,Medium,Medium,Unlimited,Hosteller,29,No,28,Fail
37,97,7,9.1,9.7,Medium,Low,Unlimited,DayScholar,27,Yes,24,Fail
36,97,3,1.4,5.1,Low,Medium,Limited,Hosteller,22,Yes,22,Fail
31,93,7,2.4,3.2,Low,Low,Limited,DayScholar,28,Yes,14,Fail
32,50,1,5.5,4.4,Low,High,Limited,DayScholar,111,No,9,Fail
40,97,2,1.3,8.7,Medium,Low,Unlimited,DayScholar,75,No,26,Fail
30,91,4,4.2,5.5,Medium,Low,Unlimited,Hosteller,62,Yes,15,Fail
34,85,10,8.1,5.9,Low,High,Unlimited,DayScholar,9,Yes,12,Fail
46,100,10,7.5,5.2,Medium,Low,Limited,DayScholar,40,Yes,22,Fail
46,100,0,3.9,9.5,Low,Medium,Limited,Hosteller,26,No,33,Fail
35,57,0,6.9,7.9,Low,Medium,Unlimited,DayScholar,110,Yes,22,Fail
39,52,1,6.7,6.0,Medium,Medium,Unlimited,Hosteller,48,Yes,24,Fail
50,100,4,5.3,8.5,Medium,High,Limited,Hosteller,3,No,25,Fail
38,87,1,2.6,10.0,Low,Medium,Limited,DayScholar,58,Yes,17,Fail
45,83,6,3.7,5.3,Medium,Low,Limited,Hosteller,76,No,25,Fail
38,90,4,8.6,5.0,Low,Low,Unlimited,DayScholar,78,No,31,Fail
34,97,2,9.6,3.1,High,Low,Limited,DayScholar,73,Yes,12,Fail
48,82,5,7.8,7.3,Medium,Low,Limited,DayScholar,40,Yes,27,Fail
44,84,8,0.4,7.2,Low,Medium,Limited,Hosteller,66,No,20,Fail
40,98,0,5.3,3.6,Medium,Low,Limited,DayScholar,118,No,22,Fail
42,91,0,3.2,4.2,Low,Low,Unlimited,Hosteller,104,Yes,26,Fail
40,77,7,5.3,5.0,Medium,High,Unlimited,DayScholar,113,Yes,17,Fail
45,53,6,9.7,9.2,Low,Low,Unlimited,Hosteller,71,No,28,Fail
32,78,5,1.1,3.9,Low,Low,Unlimited,Hosteller,19,Yes,12,Fail
34,91,6,2.4,8.2,Low,High,Unlimited,Hosteller,31,Yes,12,Fail
41,80,7,9.2,7.9,Low,High,Unlimited,Hosteller,11,No,21,Fail
42,81,1,4.2,6.9,Medium,Low,Unlimited,Hosteller,48,Yes,30,Fail
34,95,4,6.0,9.4,Low,High,Limited,DayScholar,3,Yes,19,Fail
34,92,0,6.0,9.7,Low,Medium,Unlimited,Hosteller,2,Yes,20,Fail
30,65,10,5.7,3.8,Medium,Low,Limited,DayScholar,4,No,6,Fail
35,82,2,3.2,9.3,High,Medium,Unlimited,DayScholar,78,No,11,Fail
33,60,2,6.7,4.3,Low,High,Limited,DayScholar,86,Yes,15,Fail
36,81,5,1.7,4.1,High,Low,Limited,DayScholar,91,No,16,Fail
43,64,2,5.7,8.6,High,Low,Limited,DayScholar,71,Yes,19,Fail
34,82,2,6.9,4.8,Low,Low,Limited,Hosteller,3,No,31,Fail
39,85,5,8.8,4.7,High,Medium,Limited,DayScholar,32,No,34,Fail
47,89,4,6.5,7.7,Medium,High,Unlimited,DayScholar,14,No,22,Fail
30,62,4,9.8,8.3,High,Medium,Limited,Hosteller,21,Yes,12,Fail
39,63,1,4.1,5.6,Low,Medium,Limited,DayScholar,22,No,27,Fail
39,81,0,3.3,8.0,High,High,Unlimited,DayScholar,96,No,15,Fail
36,99,0,7.4,3.6,Medium,Medium,Unlimited,Hosteller,24,Yes,31,Fail
49,76,3,2.1,7.5,Low,Low,Unlimited,Hosteller,89,No,24,Fail
30,68,7,8.5,4.6,Low,Low,Limited,DayScholar,90,Yes,13,Fail
50,50,1,9.5,3.9,Medium,High,Unlimited,DayScholar,92,Yes,25,Fail
51,98,1,5.2,8.6,High,Low,Limited,DayScholar,24,Yes,30,Fail
49,85,9,5.9,7.0,Low,Low,Limited,DayScholar,63,No,28,Fail
51,77,10,8.4,3.6,Low,Medium,Unlimited,DayScholar,112,Yes,27,Fail
33,97,4,6.9,5.0,High,Medium,Unlimited,Hosteller,96,Yes,8,Fail
36,98,2,2.3,6.0,Medium,Medium,Unlimited,Hosteller,20,No,20,Fail
44,73,5,9.0,8.9,Medium,High,Limited,Hosteller,17,No,27,Fail
46,54,5,8.7,5.4,Low,Medium,Limited,Hosteller,47,No,26,Fail
46,94,6,9.8,9.3,Medium,High,Limited,DayScholar,51,No,28,Fail
33,84,0,7.2,5.5,High,Low,Limited,Hosteller,14,No,28,Fail
40,97,8,9.2,3.8,Low,Medium,Unlimited,Hosteller,79,No,29,Fail
30,66,0,9.8,8.2,Low,High,Limited,DayScholar,104,Yes,13,Fail
36,97,0,3.8,7.5,High,Medium,Unlimited,Hosteller,104,No,19,Fail
38,64,3,9.0,4.4,High,Medium,Limited,Hosteller,40,No,21,Fail
34,78,1,6.8,4.4,Medium,Low,Unlimited,Hosteller,35,No,31,Fail
56,100,3,5.6,6.5,Medium,Low,Limited,DayScholar,108,No,31,Fail
43,86,4,7.2,6.5,Medium,High,Limited,DayScholar,26,No,23,Fail
30,83,7,4.9,7.3,Low,Medium,Limited,DayScholar,113,No,14,Fail
34,65,9,6.0,4.8,Low,High,Limited,DayScholar,11,No,14,Fail
41,99,2,8.8,7.9,High,Low,Limited,Hosteller,119,Yes,23,Fail
32,98,0,0.2,4.1,Medium,Medium,Limited,DayScholar,13,No,12,Fail
46,92,1,5.8,9.1,Low,High,Limited,DayScholar,12,Yes,27,Fail
46,81,5,5.0,5.1,Medium,Medium,Unlimited,DayScholar,86,No,34,Fail
37,86,2,3.1,6.7,Medium,Medium,Limited,Hosteller,34,No,16,Fail
46,63,10,9.5,7.7,High,Low,Limited,DayScholar,46,No,23,Fail
41,70,8,0.8,5.4,Low,Low,Limited,DayScholar,24,No,17,Fail
35,84,4,8.2,6.4,Low,Medium,Limited,Hosteller,87,Yes,20,Fail
51,98,6,7.5,3.0,Medium,Low,Unlimited,DayScholar,87,No,33,Fail
53,63,3,3.0,8.6,Medium,Low,Unlimited,DayScholar,97,No,29,Fail
45,52,1,7.3,6.5,Medium,Medium,Unlimited,DayScholar,54,Yes,25,Fail
51,60,4,7.8,6.5,High,Low,Limited,DayScholar,52,Yes,29,Fail
31,71,1,8.2,5.1,High,Low,Limited,Hosteller,64,No,15,Fail
54,66,6,9.7,9.8,Low,Low,Unlimited,Hosteller,112,No,29,Fail
42,60,8,8.5,3.4,Medium,Low,Unlimited,DayScholar,56,No,23,Fail
40,97,1,7.1,4.1,Low,Medium,Unlimited,Hosteller,114,No,27,Fail
54,79,4,6.9,5.3,High,Low,Limited,Hosteller,2,No,31,Fail
34,85,2,6.6,3.1,Medium,Low,Limited,DayScholar,115,No,22,Fail
34,68,0,8.7,7.3,Medium,High,Unlimited,Hosteller,47,No,26,Fail
